,Rotation_angle_float,total_score_mean,total_score_sd,score_per_res_mean,score_per_res_sd,%score_deviation_mean,%score_deviation_sd,Rotation_angle_float_rad
0,0.0,671.8148620689656,8.4700111516377,0.17754092549391268,0.00223837504007339,0.0012612925797706208,0.012591754763164468,0.0
1,0.106509,677.6925185185186,9.96645961509197,0.1790942173674732,0.002633842392994708,-0.007476595395806979,0.01481641677720289,0.0018589327330066404
2,0.213018,672.1041333333334,6.317760621190609,0.1776173713883016,0.0016695984728305065,0.0008312538518705018,0.009392159109380642,0.003717865466013281
3,0.319527,670.3851333333333,7.571050086317197,0.1771630902043693,0.002000806048181085,0.003386767185957966,0.011255334176048709,0.005576798199019921
4,0.426036,669.7808,5.745326848839847,0.17700338266384777,0.00151832104884774,0.004285185971046307,0.008541163101164038,0.007435730932026562
5,0.532544,671.7356666666667,15.897786717773295,0.17751999647639183,0.0042013178429633445,0.001379026673181388,0.023634093042320135,0.009294646211740682
6,0.639053,670.7545333333333,7.363333997068253,0.1772607117688513,0.0019459127899228992,0.0028376068452878734,0.010946537645635556,0.011153578944747323
7,0.745562,670.3746666666667,10.037840047018275,0.1771603241719521,0.0026527061435037717,0.003402327224486237,0.014922532917738426,0.013012511677753962
8,0.852071,668.7602,5.569397648887051,0.17673366807610993,0.0014718281313126445,0.005802438390342221,0.008279621846751746,0.014871444410760604
9,0.95858,676.3402000000001,7.091545954766946,0.17873683932346723,0.0018740871973485596,-0.005466200976954486,0.01054248996317684,0.016730377143767242
10,1.065089,666.9043636363637,6.534804704667019,0.17624322506246395,0.0017269568458422402,0.00856137647827538,0.009714822896122223,0.018589309876773884
11,1.171598,669.388551724138,6.508916821156123,0.17689972297149523,0.001720115438994747,0.004868313195734114,0.009676337246614715,0.020448242609780523
12,1.278107,672.2577741935485,8.655846739669377,0.17765797415262904,0.002287485924859772,0.0006028470648197506,0.012868023130333132,0.022307175342787165
13,1.384615,671.9533181818182,10.05689093955632,0.17757751537574476,0.0026577407345550518,0.0010554598615734898,0.01495085450581711,0.024166090622501284
14,1.491124,673.7138636363636,10.305273015932206,0.17804277580242167,0.0027233808181638995,-0.0015618161037307746,0.015320106226658813,0.026025023355507923
15,1.597633,676.3372857142857,9.316946582131171,0.17873606916339474,0.0024621951855526383,-0.0054618685185471635,0.013850832590818435,0.02788395608851457
16,1.704142,674.2506999999999,7.171989285961652,0.17818464587737842,0.0018953460058038175,-0.002359892011523539,0.010662079262482506,0.029742888821521207
17,1.810651,678.4453793103448,10.472661312108201,0.17929317635051395,0.0027676166258213952,-0.008595819242359509,0.015568950335354551,0.03160182155452784
18,1.91716,681.7367272727273,8.758762497836443,0.18016298289448396,0.0023146835353690374,-0.013488828902039528,0.013021020566216568,0.033460754287534485
19,2.023669,677.3566388888889,13.184992107160069,0.17900545425182054,0.0034844059479809835,-0.006977267372440595,0.01960117692826383,0.03531968702054113
20,2.130178,678.9204137931034,8.29037708308872,0.17941871400451992,0.0021909030346428976,-0.009302018750702136,0.012324705747787323,0.03717861975354777
21,2.236686,675.9544642857143,8.687905388280571,0.17863490070975538,0.0022959580835836594,-0.004892755507908002,0.012915682411309666,0.03903753503326189
22,2.343195,670.7030967741935,7.775000764650917,0.1772471185978313,0.002054704218988087,0.002914073868406701,0.011558532941597298,0.040896467766268534
23,2.449704,671.3117500000001,9.150902911303614,0.1774079677589852,0.00241831472286037,0.0020092330107082074,0.013603987439660426,0.04275540049927517
24,2.556213,668.4901379310345,5.679589470351147,0.17666229860756724,0.0015009485915304561,0.0062039201927114075,0.008443436081224696,0.04461433323228181
25,2.662722,669.0243214285714,6.480631502456741,0.17680346760797344,0.0017126404604801157,0.00540978810963686,0.009634287503103859,0.04647326596528845
26,2.769231,676.2590526315789,7.468122361623924,0.1787153944586625,0.0019736052752705934,-0.005345565036276138,0.01110231895039369,0.04833219869829509
27,2.87574,676.2417586206896,8.826306684545658,0.17871082415980172,0.002332533479002551,-0.0053198552774468685,0.013121433637639174,0.05019113143130172
28,2.982249,674.6471081081081,10.059397540453219,0.17828940489114908,0.002658403155510899,-0.0029492033588246866,0.014954580888606716,0.05205006416430837
29,3.088757,675.2756756756756,5.9176526692696445,0.17845551682760985,0.00156386169906703,-0.0038836494322940446,0.00879734747109768,0.053908979444022495
30,3.195266,678.0152702702702,8.231380958288852,0.17917951117079026,0.0021753120925710493,-0.00795640714985102,0.0122370004635607,0.05576791217702914
31,3.301775,678.2873414634146,9.891057766007052,0.17925141159181146,0.0026139159001075584,-0.008360875772248644,0.01470432228578262,0.05762684491003578
32,3.408284,683.0237,12.738719210100891,0.18050309196617334,0.003366469135861755,-0.015402078445467303,0.018937735195235006,0.059485777643042415
33,3.514793,683.4418260869566,7.797695834797323,0.18061359040352973,0.002060701859090208,-0.016023676345727468,0.011592272065725967,0.06134471037604905
34,3.621302,686.2296551724138,8.162716893971849,0.18135033170518336,0.0021571661981955163,-0.0201681408024133,0.012134922550858662,0.06320364310905568
35,3.727811,685.6027291666666,8.489193355007632,0.18118465358527133,0.0022434443327187235,-0.019236135120520925,0.012620271561587392,0.06506257584206233
36,3.83432,687.40496875,13.761635903515518,0.181660932544926,0.0036367959575886676,-0.021915394740316486,0.02045843167556179,0.06692150857506897
37,3.940828,690.3369677419355,5.902054232688062,0.1824357737161563,0.0015597394906681065,-0.026274186200131593,0.0087741584003152,0.0687804238547831
38,4.047337,692.9025588235295,10.083231252750032,0.1831137840442731,0.0026647017052722076,-0.030088265443196843,0.014990012749907028,0.07063935658778973
39,4.153846,700.9912,10.04541745701563,0.18525137420718815,0.002654708630289539,-0.04211306496682656,0.014933797706735578,0.07249828932079637
40,4.260355,697.8624193548387,6.154370889994596,0.1844245294278115,0.001626419368391807,-0.03746173241409566,0.009149259378883633,0.07435722205380302
41,4.366864,693.9647419354839,7.121528524915362,0.18339448782650206,0.001882010709544225,-0.03166733647626381,0.01058706288801945,0.07621615478680965
42,4.473373,695.0283235294118,8.180060449212016,0.1836755611864196,0.002161749590172306,-0.03324848653162899,0.01216070596370147,0.07807508751981629
43,4.579882,691.7203043478261,8.5969570530497,0.1828013489291295,0.0022719231112710583,-0.028330692972606694,0.01278047608007317,0.07993402025282292
44,4.686391,688.0210625,8.191687630156137,0.1818237480179704,0.0021648223124091292,-0.02283129688875918,0.012177991255115417,0.08179295298582959
45,4.792899,690.419469387755,9.825963407180591,0.18245757647667948,0.002596713373990641,-0.02639683544735448,0.014607551196803662,0.0836518682655437
46,4.899408,690.1304375,8.459257844887482,0.1823811938424947,0.00223553325710557,-0.025967152583401796,0.012575768597495032,0.08551080099855034
47,5.005917,690.3013666666667,12.580844992407645,0.18242636539816773,0.003324747619558048,-0.026221260648905707,0.018703034980910582,0.08736973373155697
48,5.112426,689.3208125,10.064811882085733,0.1821672337473573,0.0026598340068936977,-0.02476354148211589,0.01496262999985579,0.08922866646456362
49,5.218935,691.2263913043479,12.151331825457106,0.18267082222630757,0.0032112399115901413,-0.027596428069472097,0.018064508730004123,0.09108759919757026
50,5.325444,692.2367916666667,9.29994010495088,0.18293784134954194,0.0024577008734013965,-0.029098517422975645,0.013825550287618837,0.0929465319305769
51,5.431953,691.2296666666667,9.596177890398168,0.1826716878083157,0.0025359878145872535,-0.027601297314428307,0.014265945640016217,0.09480546466358356
52,5.538462,696.1099333333333,8.227851181606681,0.1839613988724454,0.0021743792763231186,-0.03485643782668504,0.012231752999117662,0.09666439739659018
53,5.64497,690.1094333333333,9.546685457243264,0.18237564305849188,0.0025229084189332196,-0.025935927203536747,0.01419236880879819,0.0985233126763043
54,5.751479,693.6280624999999,8.539291040820562,0.18330551334566597,0.002256683678863786,-0.031166819439211985,0.012694748178284268,0.10038224540931093
55,5.857988,692.3546176470588,8.685447808677162,0.1829689792936202,0.002295308617515099,-0.02927368081098849,0.012912028904941981,0.10224117814231758
56,5.964497,690.4991212121213,6.932896183042761,0.18247862611313986,0.0018321607249055854,-0.026515248070537723,0.010306636788603735,0.10410011087532423
57,6.071006,686.6945217391304,8.145136440407239,0.18147318227778286,0.002152520200953295,-0.02085922440323695,0.012108786958360962,0.10595904360833086
58,6.177515,682.1891176470589,6.507717273126731,0.18028253637607264,0.0017197984337015623,-0.014161365047366523,0.00967455396506496,0.10781797634133751
59,6.284024,678.4705428571428,8.387085760237559,0.17929982633645425,0.0022164602960458653,-0.008633228072711623,0.012468475563945447,0.10967690907434413
60,6.390533,675.2723529411765,5.892460821959232,0.17845463872652653,0.001557204234132992,-0.003878709762533511,0.008759896568414662,0.11153584180735078
61,6.497041,673.8097741935484,11.52613294419737,0.17806812214417242,0.0030460182199253077,-0.0017043994124948285,0.01713507063953532,0.11339475708706491
62,6.60355,673.6519259259259,8.824484451822448,0.17802640748570983,0.002332051916443562,-0.0014697377762692072,0.01311872465566015,0.11525368982007156
63,6.710059,667.6456,6.409334652342198,0.17643911205073995,0.0016937987981876864,0.007459433830815694,0.00952829561762035,0.11711262255307818
64,6.816568,670.1460322580646,8.381623237710244,0.17709990281661325,0.002215016711868469,0.003742221511754433,0.01246035482563467,0.11897155528608483
65,6.923077,670.61040625,10.319215420474228,0.17722262321617335,0.002727065385960423,0.0030518701863358317,0.015340833394033122,0.12083048801909148
66,7.029586,670.4464333333333,7.423501593533575,0.1771792899929528,0.0019618133175300177,0.0032956368966155633,0.011035984472306361,0.1226894207520981
67,7.136095,671.2053,6.402998797169327,0.1773798361522199,0.0016921244178565924,0.002167484549052341,0.009518876558645865,0.12454835348510475
68,7.242604,669.6021212121212,9.6230966811546,0.1769561631110257,0.002543101659924576,0.004550814839541274,0.014305963864981642,0.12640728621811137
69,7.349112,667.7021428571428,11.220179446404753,0.176454054666264,0.00296516370148118,0.007375375642697033,0.01668023163824406,0.1282662014978255
70,7.455621,669.5520571428572,7.594397195389783,0.1769429326487466,0.0020069760030099904,0.004625241480939171,0.011290042639427055,0.13012513423083216
71,7.56213,668.6399666666667,9.410429809830552,0.17670189393939395,0.002486900055452045,0.005981180616366123,0.01398980736388374,0.13198406696383877
72,7.668639,668.2257666666667,7.65197842653979,0.17659243305144467,0.00202219303026949,0.006596941886278322,0.01137564450329958,0.13384299969684543
73,7.775148,669.0798275862069,7.9169154079322315,0.176818136254283,0.0020922080887770212,0.005327271107914126,0.011769507207570298,0.13570193242985207
74,7.881657,664.3223939393939,7.189625142085813,0.17556088634761996,0.001900006644314419,0.012399804627673788,0.010688297217970199,0.1375608651628587
75,7.988166,664.1306666666666,7.840286726413834,0.17551021846370682,0.0020719573801305092,0.012684831737599796,0.011655588872844404,0.13941979789586537
76,8.094675,667.8104999999999,7.5254116956409,0.17648269027484145,0.0019887451626958057,0.007214288892601013,0.011187486871848822,0.141278730628872
77,8.201183,671.277,10.345953785285971,0.1773987843551797,0.0027341315500227083,0.0020608933297073524,0.015380583392757975,0.14313764590858613
78,8.307692,674.3341304347825,5.621370249522212,0.17820669408953027,0.0014855629623473031,-0.0024839220223179786,0.008356885764105055,0.14499657864159274
79,8.414201,675.4787073170731,12.622754751328833,0.17850917212396225,0.003335823137243368,-0.004185481931906014,0.018765339197170928,0.1468555113745994
80,8.52071,673.2985588235294,7.62240953390039,0.17793302294490737,0.0020143788408827695,-0.0009444123882516954,0.011331686562977243,0.14871444410760604
81,8.627219,675.5262068965517,10.241682804595646,0.17852172486695342,0.0027065757940263353,-0.0042560961312783155,0.015225571245281287,0.15057337684061267
82,8.733728,674.712935483871,8.064260147653494,0.1783068011321012,0.0021311469734813745,-0.0030470641712214202,0.011988554006328483,0.1524323095736193
83,8.840237,676.6592121212121,8.156320830181215,0.1788211448523288,0.002155475906496105,-0.005940453291959199,0.012125413984074213,0.15429124230662594
84,8.946746,676.465625,12.056589788937414,0.17876998546511627,0.0031862023755120017,-0.005652661279413997,0.017923662576644774,0.15615017503963258
85,9.053254,674.6502702702703,6.895854457766823,0.17829024055768242,0.0018223716854563533,-0.0029539043172714156,0.010251569526904966,0.15800909031934673
86,9.159763,673.9646470588235,6.337119988026658,0.17810905049123243,0.0016747145845736429,-0.0019346377326221941,0.009420939283952509,0.15986802305235337
87,9.266272,669.4240344827585,9.91131016091774,0.17690910002187066,0.0026192680129275264,0.004815563537336592,0.014734430060792258,0.16172695578536
88,9.372781,672.2224705882353,8.043587734320152,0.17764864444720807,0.002125683862135348,0.0006553303889145426,0.01195782182021965,0.16358588851836664
89,9.47929,670.5239333333334,6.716048513679417,0.17719977096546866,0.0017748542583719345,0.003180423235538342,0.009984264996559649,0.16544482125137328
90,9.585799,669.6034705882353,8.09255105882602,0.17695651971147866,0.002138623429922302,0.004548808819382914,0.012030612063765846,0.1673037539843799
91,9.692308,668.8025882352941,11.299408657418917,0.17674487004103967,0.002986101653651927,0.005739422857763625,0.016798015992633697,0.16916268671738657
92,9.798817,669.0024,10.42179729358482,0.17679767441860464,0.0027541747604611032,0.0054423771166272625,0.015493334467081257,0.17102161945039318
93,9.905325,669.943,9.741709969250769,0.17704624735729385,0.0025744476662924857,0.004044054928120803,0.014482297686581241,0.1728805347301073
94,10.011834,671.2294473684211,10.790018251862861,0.17738621759207743,0.002851484738864386,0.0021315863978114595,0.016040742011450067,0.17473946746311395
95,10.118343,669.28494,7.015985483340796,0.17687234143763214,0.0018541187852380593,0.0050223452740367665,0.01043015965936099,0.17659840019612058
96,10.224852,670.2652,9.109028314443485,0.1771313953488372,0.002407248497474489,0.0035650634236164174,0.013541735496300528,0.17845733292912724
97,10.331361,672.2073750000001,8.467854914514106,0.1776446551268499,0.0022378052099667352,0.0006777719113236257,0.01258854924093015,0.18031626566213385
98,10.43787,672.7990434782608,9.360161918171489,0.17780101571835646,0.0024736157289036637,-0.00020181894705617476,0.013915077714429852,0.18217519839514051
99,10.544379,676.5302608695653,10.493344770582361,0.17878706682599502,0.0027730826560735675,-0.005748750765472312,0.015599698941477756,0.18403413112814715
100,10.650888,670.7289545454546,7.000158164725199,0.17725395204689604,0.0018499360900436543,0.0028756329846095913,0.010406630326164313,0.1858930638611538
101,10.757396,672.9223461538461,9.15682962140196,0.17783360099203122,0.002419880978171765,-0.0003851241428600681,0.013612798252158135,0.18775197914086791
102,10.863905,670.8913809523809,9.081369695570112,0.17729687657303936,0.0023999391373071073,0.002634165358833959,0.013500617422226411,0.18961091187387455
103,10.970414,670.8667575757576,7.138685094391961,0.17729036933820233,0.0018865446866786388,0.00267077115714183,0.010612568322612051,0.1914698446068812
104,11.076923,667.1235161290323,7.8116389183959205,0.1763011406260656,0.0020643866063414155,0.008235578271635976,0.011613000242604634,0.19332877733988785
105,11.183432,672.2424375,8.781965655259722,0.177653921115222,0.0023208154480073226,0.000625647021110435,0.013055515027058994,0.19518771007289445
106,11.289941,668.103129032258,8.311634182445449,0.17656002352860942,0.002196520661322795,0.006779258413324346,0.012356307144442425,0.19704664280590115
107,11.39645,669.6126551724138,8.87791857554407,0.17695894692717068,0.0023461729850803516,0.004535154760432225,0.013198161313988148,0.19890557553890775
108,11.502959,669.2028387096774,8.443554863905673,0.17685064447930166,0.0022313834206938842,0.005144399341613932,0.012552424108091927,0.20076450827191442
109,11.609467,669.50275,5.084319697563953,0.17692990221987315,0.0013436362837114099,0.004698542854433747,0.00755849143798038,0.20262342355162855
110,11.715976,667.0114,7.545749900349251,0.17627151162790697,0.0019941199525235877,0.00840225323539875,0.011217722214096365,0.20448235628463515
111,11.822485,667.5782666666668,11.899094604598915,0.17642131782945736,0.003144581026585336,0.0075595334417300954,0.0176895258438748,0.20634128901764182
112,11.928994,664.201275862069,8.126990353562409,0.17552887839906686,0.0021477247234572964,0.012579862138786644,0.012081810479656176,0.20820022175064845
113,12.035503,663.0628148148148,9.216610465045571,0.17522801660010962,0.002435679298373567,0.014272330077470268,0.013701670121299626,0.21005915448365511
114,12.142012,660.9931851851851,8.118212151780117,0.1746810743089813,0.0021454049026903067,0.017349099196225987,0.01206876056010763,0.21191808721666172
115,12.248521,659.9021071428572,10.73620938120082,0.17439273444578676,0.0028372646356238877,0.018971126238517603,0.015960748243870625,0.21377701994966836
116,12.35503,663.9068275862069,8.406569786563052,0.17545106437267624,0.0022216093516287116,0.013017597156334404,0.012497441060790412,0.21563595268267502
117,12.461538,665.4186666666667,7.381999571807146,0.1758505990133897,0.001950845552803162,0.010770055021890247,0.010974286409529447,0.21749486796238912
118,12.568047,668.6266428571428,7.467438418520221,0.17669837284808215,0.001973424529207242,0.006000988163136903,0.011101302181504036,0.21935380069539576
119,12.674556,668.6553793103449,10.992995553707942,0.17670596704818836,0.0029051256748699626,0.0059582677504946635,0.016342493728368174,0.22121273342840242
120,12.781065,660.7166,6.74110696505296,0.17460798097251587,0.0017814764706799633,0.017760278445063563,0.0100215175891232,0.22307166616140905
121,12.887574,666.8049310344828,8.622049635883887,0.176216947947802,0.002278554343521106,0.008709195756896455,0.012817779413417801,0.22493059889441572
122,12.994083,664.5568620689655,6.574990726360329,0.1756228493839761,0.0017375768304334906,0.012051237768139916,0.009774564556553376,0.22678953162742232
123,13.100592,667.1531363636363,8.071929481353777,0.17630896838362484,0.0021331737530004705,0.008191544004917199,0.011999955451665673,0.228648464360429
124,13.207101,673.4647619047619,11.517248546874201,0.17797694553508508,0.0030436703347976315,-0.0011914945233628274,0.017121862846734465,0.2305073970934356
125,13.313609,669.9185,6.88125625124062,0.17703977272727273,0.0018185138084673982,0.00408047731130004,0.010229867426014057,0.23236631237314972
126,13.420118,664.0115666666667,6.0531170977316,0.1754787438336857,0.0015996609666309746,0.012861889118687521,0.008998732667856859,0.23422524510615636
127,13.526627,668.7168181818182,8.089023648402554,0.1767222035364213,0.002137691239007015,0.005866931010947558,0.012025368117068953,0.23608417783916302
128,13.633136,661.8196363636363,6.669123648758084,0.17489948106861425,0.0017624533955491733,0.01612047382885873,0.009914505183873963,0.23794311057216966
129,13.739645,665.0252105263157,9.687791955936492,0.17574662011794814,0.0025601987198563686,0.011354977891608265,0.014402141664491582,0.23980204330517627
130,13.846154,669.2600909090909,7.954540049413731,0.1768657745531424,0.0021021511758492974,0.005059286625495824,0.011825441048754862,0.24166097603818296
131,13.952663,671.2270909090909,11.021851589797981,0.1773855948491255,0.002912751477219348,0.0021350895759612042,0.0163853919162664,0.24351990877118956
132,14.059172,671.8513333333334,10.152834253594053,0.17755056377730796,0.002683095732979395,0.0012070733811650415,0.015093486511832207,0.2453788415041962
133,14.16568,672.1781904761905,7.256639501994364,0.1776369425148495,0.0019177165702944927,0.0007211584382254318,0.010787922634096803,0.24723775678391036
134,14.272189,668.4217727272727,7.881758680540039,0.1766442316932539,0.0020829171988742227,0.006305553810978284,0.011717242236288394,0.24909668951691696
135,14.378698,667.1120869565217,10.738329724162078,0.17629812023163893,0.0028378249799582513,0.00825256919819106,0.015963900404842298,0.2509556222499236
136,14.485207,666.9967777777778,10.50139924498461,0.1762676474042753,0.0027752112169621176,0.008423991038693046,0.01561167294772211,0.25281455498293026
137,14.591716,665.7476363636364,7.516982332377891,0.1759375360369018,0.0019865175296981752,0.010280999497098655,0.011174955545370341,0.2546734877159369
138,14.698225,664.3695454545455,7.468178854486369,0.17557334710743802,0.001973620204673998,0.012329707870435786,0.011102402934258317,0.25653242044894353
139,14.804734,664.795,10.577168295099451,0.1756857822410148,0.0027952347502905534,0.011697215279419365,0.015724313330432737,0.25839135318195017
140,14.911243,670.455,8.894976435257364,0.17718155391120508,0.0023506808761250986,0.003282901451068536,0.013223520003894134,0.26025028591495686
141,15.017751,667.9409545454546,11.456675868253244,0.17651716557755143,0.00302766275588088,0.007020351527620528,0.017031813813635416,0.26210920119467096
142,15.12426,666.1301785714286,7.311624078864773,0.17603863070069467,0.0019322473781355095,0.009712301583855918,0.010869664239310002,0.26396813392767754
143,15.230769,673.3994827586207,7.713293185055317,0.17795969417511118,0.0020383967190949594,-0.0010944487244089545,0.01146679673306275,0.26582706666068423
144,15.337278,676.6595384615385,8.77155830274539,0.17882123109448692,0.0023180650905775296,-0.005940938438588292,0.013040043166603522,0.26768599939369087
145,15.443787,674.4835172413793,8.794159825948991,0.1782461726324998,0.002324038008971718,-0.0027060046146359985,0.013073643221238487,0.2695449321266975
146,15.550296,675.2542592592594,7.534272271491704,0.1784498570981129,0.0019910867525083763,-0.0038518111904554874,0.011200659250984589,0.27140386485970414
147,15.656805,674.6736521739131,4.7051539884828815,0.17829641970769372,0.0012434339293030804,-0.0029886645072280454,0.006994813121874785,0.2732627975927108
148,15.763314,673.4580454545454,7.605184293670514,0.17797517057466847,0.0020098267160862937,-0.0011815096611837153,0.01130607904052798,0.2751217303257174
149,15.869822,674.465875,10.085506600772737,0.1782415103065539,0.0026653030128892027,-0.002679777166649934,0.01499339534572537,0.2769806456054315
150,15.976331,676.5223333333333,11.67694021708314,0.17878497181113462,0.003085872150391947,-0.0057369654690517,0.017359264936648126,0.27883957833843814
151,16.08284,675.4706363636363,11.135688584116563,0.17850703920814914,0.0029428352495022587,-0.0041734834274693685,0.016554625166349944,0.28069851107144483
152,16.189349,667.7476818181818,8.180313251577807,0.17646608927541801,0.0021618163984085162,0.007307676153368635,0.012161081786747806,0.28255744380445147
153,16.295858,670.0572380952381,9.636690992787731,0.1770764371287627,0.0025466942369946387,0.003874225390225661,0.01432617354773102,0.28441637653745805
154,16.402367,668.4608387096774,7.167461466455085,0.17665455568437566,0.0018941494361667725,0.006247477232185713,0.010655348079746402,0.28627530927046474
155,16.508876,667.6608095238096,6.667203608853174,0.1764431314809222,0.0017619459854263156,0.007436822928604862,0.009911650799011277,0.28813424200347143
156,16.615385,668.1856666666666,6.1191215250308115,0.17658183579985906,0.0016171039971011672,0.006656555664461519,0.009096856690004564,0.289993174736478
157,16.721893,670.7882857142857,9.123861978177091,0.17726963153125944,0.002411168598884011,0.002787429614583377,0.013563787634441674,0.29185209001619217
158,16.828402,669.4100869565218,6.52474199359669,0.1769054141005607,0.001724297567018155,0.004836298318765234,0.009699863389247687,0.2937110227491988
159,16.934911,669.9276086956521,8.255819136381808,0.17704217988785734,0.002181770384878918,0.004066936070348735,0.012273330940569075,0.29556995548220544
160,17.04142,675.2024347826086,8.393315077142613,0.17843616141189447,0.002218106521443611,-0.0037747674783480643,0.012477736240160185,0.2974288882152121
161,17.147929,675.3070476190476,9.090584912293505,0.17846380751031915,0.0024023744482805386,-0.003930287838113282,0.013514317020372594,0.29928782094821876
162,17.254438,676.4079565217392,9.702490207431081,0.17875474538100927,0.002564083035790456,-0.00556692971155349,0.014423992495022261,0.30114675368122534
163,17.360947,684.6416,13.41418267481602,0.1809306553911205,0.003544974279813945,-0.017807293700394668,0.0199418980170898,0.303005686414232
164,17.467456,689.4857272727272,10.356080142702552,0.18221081587545648,0.0027368076487057436,-0.02500870838187885,0.01539563751806562,0.3048646191472386
165,17.573964,683.8306363636364,6.628072653461758,0.18071634153373053,0.0017516048238535177,-0.016601692544962812,0.009853477629564816,0.30672353442695277
166,17.680473,687.4213043478261,9.468570600747727,0.18166524956337898,0.002502264957914296,-0.02193967969556075,0.014076241084909447,0.30858246715995935
167,17.786982,690.8437272727273,8.125571857864275,0.1825696953680569,0.0021473498567294524,-0.02702754904952912,0.012079701704396751,0.31044139989296604
168,17.893491,698.3161904761904,13.113121537677628,0.18454444780026175,0.003465412668519457,-0.038136321216444835,0.019494332135569937,0.3123003326259727
169,18.0,700.802195652174,8.953081680800853,0.1852014259123081,0.002366036384989654,-0.04183208583298709,0.01330990088217615,0.3141592653589793
170,18.106509,695.1039999999999,6.5031688880273295,0.18369556025369976,0.0017185964291827089,-0.033360989283033805,0.00966779220894513,0.31601819809198595
171,18.213018,696.7162222222222,8.17419094718407,0.18412162320883252,0.0021601984532727482,-0.03575776379519266,0.012151980198316403,0.3178771308249926
172,18.319527,693.5035172413793,9.679339405664473,0.1832725996938106,0.002557964959213655,-0.030981666984818412,0.014389575867558952,0.3197360635579993
173,18.426036,690.4927142857142,7.208184113328403,0.18247693295077014,0.0019049112350233621,-0.026505723355084904,0.010715887502133918,0.32159499629100585
174,18.532544,695.1779090909091,7.8168323258458985,0.18371509225446855,0.002065759071312342,-0.0334708645985245,0.011620720906937275,0.32345391157072
175,18.639053,695.6679032258064,9.1313659378169,0.18384458330491713,0.00241315167489876,-0.034199303542884515,0.013574943230089119,0.32531284430372664
176,18.745562,696.5618333333333,11.901284635324604,0.1840808227625088,0.0031451597873479614,-0.035528244967856705,0.01769278160462038,0.3271717770367333
177,18.852071,693.2498285714286,9.601648040174917,0.1832055572334642,0.0025374334144225488,-0.03060452633399468,0.014274077717208728,0.32903070976973986
178,18.95858,695.63,8.340036884696328,0.1838345665961945,0.002204026660860553,-0.03414295555047421,0.01239853139361418,0.33088964250274655
179,19.065089,696.9951333333333,10.207427122657709,0.18419533121916842,0.002697523023958161,-0.03617240083036984,0.015174645793297156,0.3327485752357532
180,19.171598,695.5240444444444,11.040603886554301,0.18380656565656564,0.0029177071581803133,-0.033985439067028674,0.016413269603529634,0.3346075079687598
181,19.278107,694.60053125,8.805154773179012,0.18356250825845666,0.002326943650417282,-0.03261251860012438,0.013089988616383282,0.33646644070176646
182,19.384615,697.1679642857143,13.42593229394667,0.18424100536091817,0.0035480793588654057,-0.0364293361435476,0.019959365328526046,0.3383253559814806
183,19.491124,695.2340454545455,9.251699434504298,0.18372992744570438,0.002444952281845735,-0.03355431848206139,0.01375383436174819,0.3401842887144872
184,19.597633,694.4259090909092,12.527254793369877,0.1835163607534115,0.0033105853048017602,-0.032352920429104065,0.018623366296665427,0.3420432214474939
185,19.704142,693.862590909091,9.044008970210436,0.1833674923121276,0.0023900657955101554,-0.031515475911960196,0.013445075926107873,0.3439021541805006
186,19.810651,687.5573181818182,7.069358429746335,0.18170119402267923,0.0018682236865080106,-0.02214188165390111,0.010509505369784943,0.34576108691350715
187,19.91716,686.7975333333333,7.964683489320664,0.1815004052149401,0.002104831788932524,-0.02101236431164365,0.011840520569368988,0.3476200196465138
188,20.023669,681.1778695652174,6.047511316118134,0.1800152932254803,0.0015981795232870328,-0.012658015450382133,0.008990398956593811,0.3494789523795205
189,20.130178,680.0403913043478,10.55213742130489,0.17971469114808347,0.0027886198259262354,-0.01096700854934272,0.015687101735467123,0.3513378851125271
190,20.236686,674.2382758620689,6.477776618654102,0.17818136254283007,0.0017118859985872457,-0.002341421941629839,0.009630043353234821,0.35319680039224116
191,20.343195,673.6326071428572,7.624723544905958,0.17802130209906372,0.0020149903659899488,-0.0014410179346574712,0.011335126636264018,0.35505573312524785
192,20.449704,671.7613863636363,9.059341680522982,0.17752679343647895,0.002394117780265059,0.0013407910544759086,0.013467869960809106,0.3569146658582545
193,20.556213,668.5893793103448,6.63851983509769,0.17668852518772327,0.001754365706949702,0.006056385190895905,0.009869008701103117,0.3587735985912611
194,20.662722,670.1768260869566,7.531610516242797,0.17710804072065447,0.0019903833288168085,0.0036964425470416965,0.011196702211408895,0.3606325313242677
195,20.769231,670.4137272727273,9.207597247107138,0.17717064674226407,0.002433297369742904,0.0033442586383167004,0.013688270820179966,0.3624914640572744
196,20.87574,670.9633636363636,8.314585420729927,0.1773158994810686,0.002197300586873661,0.0025271538935976953,0.012360694537571017,0.36435039679028103
197,20.982249,674.8709090909091,9.230290868393675,0.17834854891408802,0.0024392946269539287,-0.0032819121405174077,0.013722007790393143,0.3662093295232877
198,21.088757,667.8782,8.248835468071263,0.17650058139534883,0.0021799248065727432,0.0071136441847954816,0.012262948824519922,0.3680682448030019
199,21.195266,670.44075,5.3590760509970785,0.17717778805496828,0.001416246313688453,0.003304085898427922,0.007966951894538565,0.36992717753600846
200,21.301775,669.4925862068966,7.2399858746766395,0.1769272162280382,0.0019133155059927697,0.0047136526326773676,0.010763164887342101,0.3717861102690151
201,21.408284,670.8904545454545,9.400826132528229,0.17729663175091293,0.0024843620857632883,0.002635542581203477,0.0139755302694089,0.37364504300202167
202,21.514793,672.9778275862069,7.730314977268616,0.17784826310417728,0.0020428950785593564,-0.0004676043872999395,0.011492101804017432,0.37550397573502836
203,21.621302,670.0029666666667,8.355956295932852,0.1770620947850599,0.0022082336934283416,0.003954906809291541,0.012422197634269097,0.377362908468035
204,21.727811,663.1195172413793,9.391427039063283,0.1752430013851425,0.0024818781815706403,0.014188034668999852,0.013961557314971413,0.37922184120104163
205,21.83432,667.7585238095238,10.45803478966791,0.1764689544951173,0.002763751265768478,0.007291558146712098,0.01554720613923621,0.3810807739340483
206,21.940828,670.4032580645161,8.14764281645412,0.17716788003819137,0.002153182562487875,0.0033598224551759045,0.012112513006882162,0.3829396892137624
207,22.047337,669.5954782608695,7.092691762842054,0.1769544075742256,0.001874390000751081,0.004560690436109771,0.010544193353412027,0.384798621946769
208,22.153846,673.6630344827586,8.660201641015895,0.17802934315083474,0.0022886367973086377,-0.0014862520666173655,0.012874497248110687,0.3866575546797757
209,22.260355,673.9393103448276,6.59490240967246,0.17810235474229058,0.0017428389031903906,-0.001896971467084913,0.009804165820199844,0.38851648741278233
210,22.366864,677.0785882352941,8.097840019216685,0.17893197363512,0.0021400211467274472,-0.006563909517400907,0.012038474779764585,0.3903754201457889
211,22.473373,671.5691,8.889064969058218,0.1774759778012685,0.0023491186493282863,0.0016266493245375218,0.01321473185340204,0.3922343528787956
212,22.579882,676.5788,15.354485083239634,0.17879989429175475,0.004057739186902653,-0.005820910390283869,0.022826405682528236,0.3940932856118023
213,22.686391,675.8633214285713,9.353120105487365,0.17861081433101783,0.0024717547847482495,-0.0047572599949729155,0.013904609159333657,0.3959522183448089
214,22.792899,676.9230333333333,6.816369700610602,0.1788908650458069,0.0018013661999499479,-0.006332657262518135,0.010133405270494592,0.397811133624523
215,22.899408,675.4547619047619,10.642930075429238,0.17850284405516964,0.0028126136562973704,-0.004149884014249437,0.015822076626829534,0.39967006635752966
216,23.005917,673.5254666666666,8.240046613248358,0.1779929880197322,0.0021776021705201794,-0.0012817399151547081,0.01224988306786415,0.4015289990905363
217,23.112426,670.2741724137932,7.868534715965525,0.17713376649413137,0.0020794224936483956,0.003551724783077037,0.011697583121803393,0.40338793182354293
218,23.218935,676.5214,8.445388129746865,0.17878472515856236,0.002231867898981724,-0.005735577949692479,0.012555149492211806,0.40524686455654957
219,23.325444,671.2414516129032,7.864851987752055,0.17738938996112663,0.002078449256805509,0.0021137405532274675,0.01169210827534886,0.40710579728955626
220,23.431953,667.8113548387096,9.252134562893728,0.17648291618359135,0.002445067273491996,0.007213018065538153,0.01375448123574544,0.40896473002256284
221,23.538462,668.1513448275862,8.719352655672903,0.17657276554640228,0.002304268672217994,0.006707579467498453,0.012962432795918015,0.4108236627555695
222,23.64497,665.11,8.487732602248558,0.17576902748414377,0.0022430582986914713,0.011228927495686061,0.012618099965802827,0.41268257803528363
223,23.751479,668.6502,9.449692014633536,0.17670459830866805,0.00249727590238729,0.005965967457677679,0.014048175652365215,0.4145415107682902
224,23.857988,669.86996875,8.843608785661567,0.17702694734408034,0.0023371059158725062,0.004152625220837525,0.013147155423624919,0.4164004435012969
225,23.964497,668.2984375,9.738228854456763,0.17661163781712474,0.002573527709951582,0.0064889073990284235,0.014477122564258038,0.4182593762343036
226,24.071006,669.393375,8.715236486529157,0.17690099762156447,0.0023031808896747264,0.004861142779341156,0.01295631358409008,0.42011830896731023
227,24.177515,671.4504,7.464065392218253,0.1774446088794926,0.0019725331374784052,0.0018031120544713091,0.01109628774654718,0.4219772417003168
228,24.284024,673.6370322580646,9.225669697403623,0.17802247152697265,0.002438073387263117,-0.0014475964343185139,0.0137151378287386,0.42383617443332344
229,24.390533,676.03678125,9.425461195986987,0.17865665466437633,0.0024908724090874712,-0.005015130202412785,0.014012153441692125,0.42569510716633013
230,24.497041,675.6550285714286,9.257793329011472,0.1785557686499547,0.0024465627190833642,-0.004447606025325586,0.013762893715250041,0.4275540224460442
231,24.60355,676.573,9.431445177348683,0.17879836152219872,0.0024924537995107483,-0.005812287948551652,0.014021049395246923,0.42941295517905087
232,24.710059,675.556125,9.139137464595569,0.17852963134249472,0.0024152054610453396,-0.00430057321812688,0.013586496598506281,0.43127188791205756
233,24.816568,675.8742666666666,8.474034605501549,0.17861370683579988,0.0022394383206927972,-0.004773531491131827,0.01259773614187192,0.43313082064506414
234,24.923077,672.9388888888889,7.432097189960976,0.17783797275076343,0.0019640848810679084,-0.0004097170340665624,0.01104876292564238,0.4349897533780708
235,25.029586,673.4983225806452,10.059820685569218,0.17798581463547705,0.0026585149803301316,-0.001241386759965882,0.014955209947935472,0.43684868611107736
236,25.136095,672.9813611111111,9.184646443627768,0.17784919691097018,0.0024272321468360894,-0.0004728574239544388,0.013654151515747412,0.43870761884408405
237,25.242604,668.1649333333334,9.308255156814706,0.1765763565891473,0.0024598982972554714,0.006687378415941095,0.01383791167558372,0.4405665515770907
238,25.349112,670.1578000000001,9.022807638576746,0.17710301268498943,0.002384462906600622,0.0037247272584512337,0.013413557435304901,0.44242546685680484
239,25.455621,675.3730689655172,9.979859392550276,0.17848125501202888,0.0026373835603991187,-0.004028437012771513,0.014836337260023412,0.44428439958981153
240,25.56213,666.08312,8.362219438841203,0.17602619450317125,0.002209888858044705,0.009782260168363673,0.012431508597163504,0.4461433323228181
241,25.668639,667.1151666666667,7.955442899668454,0.17629893410852712,0.0021023897726396555,0.008247990815212302,0.01182678325111938,0.44800226505582474
242,25.775148,669.114,6.71643140861774,0.17682716701902748,0.001774955446252043,0.005276469444676044,0.009984834218851919,0.44986119778883144
243,25.881657,666.9000689655172,8.323655330832867,0.1762420901071663,0.0021996974975773947,0.008567761055712,0.012374178118843294,0.451720130521838
244,25.988166,666.2647272727273,9.870398825260144,0.1760741879684797,0.002608456349170228,0.00951227773263255,0.0146736101283965,0.45357906325484465
245,26.094675,671.6637419354839,13.318017535073173,0.1775009888835845,0.00351956065937452,0.0014859519841693648,0.019798936238795913,0.4554379959878513
246,26.201183,671.2114814814814,10.447089062252887,0.1773814697361209,0.0027608586316735886,0.0021582949863122175,0.015530933915640798,0.45729691126756544
247,26.307692,673.4768387096774,9.696191603225001,0.17798013707972446,0.0025624184997951917,-0.0012094482383103592,0.014414628814373762,0.4591558440005721
248,26.414201,669.9856451612903,7.39031488525528,0.17705751722021412,0.0019530430457862804,0.0039806574421918945,0.010986648186372879,0.46101477673357866
249,26.52071,671.5322068965518,7.260889365927323,0.17746622803820075,0.0019188396844416796,0.0016814956408830479,0.010794240600326431,0.46287370946658535
250,26.627219,667.4762857142857,6.445705994473843,0.17639436726064633,0.0017034106750723668,0.00771114116926499,0.00958236626904328,0.464732642199592
251,26.733728,666.0225428571429,7.173586519278907,0.17601018574448807,0.0018957681076318435,0.009872315838120692,0.010664453754070585,0.46659157493259856
252,26.840237,667.143,8.685292851084029,0.17630628964059197,0.0022952676667769654,0.008206613005750188,0.012911798540663037,0.46845050766560525
253,26.946746,668.7602413793103,10.74631908627047,0.17673367901144565,0.002839936333580989,0.0058023768747056175,0.01597577761333497,0.47030944039861194
254,27.053254,662.3502500000001,6.550579863147874,0.17503970665961946,0.0017311257566458502,0.015331648800949513,0.009738274686608064,0.47216835567832605
255,27.159763,662.5740000000001,7.878748522812137,0.17509883720930233,0.0020821217026459147,0.014999015811710382,0.011712767251872229,0.4740272884113327
256,27.266272,666.851,15.479055655950095,0.17622912262156448,0.004090659528528036,0.008640708348131488,0.0230115957695535,0.4758862211443393
257,27.372781,664.3400434782609,9.253513168119937,0.17556555060207737,0.002445431598340361,0.012373566331039141,0.013756530708716968,0.47774515387734595
258,27.47929,663.3484482758621,9.861302900682787,0.1753035011299847,0.002606052563605391,0.013847699409426196,0.014660087873281167,0.47960408661035253
259,27.585799,665.1139545454545,9.281585370928633,0.1757700725542956,0.002452850256587874,0.011223048558141312,0.013798263628201971,0.4814630193433592
260,27.692308,668.8785714285714,8.211211710651659,0.17676495016611296,0.0021699819531320417,0.005626464123856323,0.012207016297606427,0.4833219520763659
261,27.798817,666.8543448275863,6.753465212529567,0.1762300065612014,0.0017847423923175387,0.008635735834171777,0.010039889704430004,0.4851808848093725
262,27.905325,670.7632272727274,8.092753012840546,0.17726300932154526,0.002138676800433547,0.0028246821925554705,0.012030912294235328,0.48703980008908665
263,28.011834,666.4252,8.446793696529113,0.17611659619450318,0.002232239348977042,0.009273714501508134,0.012557239046984374,0.4888987328220933
264,28.118343,663.5663043478261,6.5863899370719,0.1753610740876919,0.0017405893068371892,0.013523828497956752,0.0097915109410627,0.49075766555509986
265,28.224852,661.7103181818183,8.92242257507594,0.17487059148568135,0.0023579340843224005,0.016282989286272663,0.013264322200680434,0.49261659828810656
266,28.331361,665.9177586206897,7.0334013345260065,0.17598249435007654,0.0018587212829085675,0.010028091005926599,0.010456050549371628,0.4944755310211132
267,28.43787,661.7974782608696,6.776402175394275,0.17489362533321076,0.0017908039575566196,0.016153414682307587,0.010073988433018814,0.4963344637541199
268,28.544379,660.8176206896552,9.95998249573114,0.17463467777210762,0.002632130680690052,0.0176100982708736,0.014806787710947475,0.49819339648712646
269,28.650888,661.1177931034483,10.360125293572581,0.17471400451993874,0.00273787666320628,0.01716385359026075,0.015401651152147495,0.5000523292201331
270,28.757396,663.018,7.373930066164861,0.1752161733615222,0.0019487130195995912,0.014338953030829164,0.01096229005742449,0.5019112444998473
271,28.863905,661.4127000000001,8.413030796494134,0.17479193974630022,0.002223316806684494,0.016725436774407167,0.012507046178318352,0.5037701772328538
272,28.970414,662.5896333333333,9.550153230340776,0.17510296863988725,0.0025238248494558104,0.014975774862443645,0.014197524096983362,0.5056291099658605
273,29.076923,670.064304347826,9.46391326631076,0.1770783045316665,0.002501034161287205,0.003863720502086849,0.01406931736166636,0.5074880426988672
274,29.183432,670.5100454545454,5.118218704991161,0.1771961008072266,0.001352594795187945,0.003201069343406045,0.007608886647690973,0.5093469754318738
275,29.289941,671.9733181818182,7.8451680026101185,0.17758280078800692,0.0020732473579836474,0.0010257273038761167,0.011662845514151537,0.5112059081648804
276,29.39645,670.6283055555555,7.117445560309425,0.17722735347662674,0.0018809317019845128,0.003025260579577174,0.010580993038983353,0.5130648408978871
277,29.502959,676.4057727272727,10.478615716154504,0.17875416826830673,0.0027691901998294125,-0.005563683221804908,0.015577802318447524,0.5149237736308937
278,29.609467,672.1205666666666,8.904111939235566,0.177621714235377,0.0023530951213624443,0.0008068236002958447,0.013237101098850386,0.5167826889106077
279,29.715976,674.0496571428572,8.153178210846036,0.17813151615826034,0.002154645404557624,-0.0020610160940415156,0.012120742078538993,0.5186416216436145
280,29.822485,674.3072608695653,6.524003819583835,0.17819959325305637,0.0017241024893191977,-0.002443976977411573,0.009698765999176306,0.5205005543766211
281,29.928994,671.9893333333333,7.604085383779517,0.17758703312191684,0.002009536306495653,0.0010019187330533024,0.011304445370441087,0.5223594871096278
282,30.035503,671.2911333333334,6.967431445455813,0.17740251937984494,0.0018412873798773369,0.002039882322267877,0.010357977872718247,0.5242184198426344
283,30.142012,670.478111111111,6.038438609810043,0.17718766149870802,0.0015957818736284403,0.0032485438288404832,0.008976911218404942,0.526077352575641
284,30.248521,670.8485263157894,9.107014227941956,0.1772855513519528,0.002406716233599883,0.002697874256586712,0.013538741299144834,0.5279362853086477
285,30.35503,672.3035333333333,7.974298803626778,0.1776700669485553,0.00210737283393943,0.0005348202516278953,0.011854814963738233,0.5297952180416543
286,30.461538,672.8449210526315,7.588193565545997,0.17781313981306332,0.0020053365659476684,-0.0002700218284057841,0.011280820150313831,0.5316541333213685
287,30.568047,670.1204285714285,5.412735348451921,0.17709313651464814,0.0014304268891257746,0.0037802846662628384,0.008046723302417378,0.5335130660543751
288,30.674556,671.6220833333333,7.469555146038475,0.17748997973925298,0.001973983918086275,0.0015478828237709382,0.01110444896765736,0.5353719987873817
289,30.781065,671.4386956521739,6.793777577077311,0.17744151576431658,0.0017953957656123942,0.0018205120643237556,0.010099819189671613,0.5372309315203884
290,30.887574,671.1057837837837,7.985083142039637,0.17735353694074626,0.00211022281766375,0.002315428131075891,0.011870847261942591,0.539089864253395
291,30.994083,673.4082162162161,8.991072140169388,0.1779620021713045,0.0023760761469792256,-0.0011074321260017743,0.013366378558432326,0.5409487969864016
292,31.100592,676.7756111111111,12.651137537284995,0.1788519056847545,0.003343323873489694,-0.006113495276113445,0.01880753383822357,0.5428077297194083
293,31.207101,679.1294666666666,13.374359262979194,0.17947396053558845,0.0035344501223518116,-0.009612802581952922,0.019882695422582707,0.5446666624524149
294,31.313609,680.2395227272727,9.122206945559327,0.17976731573130886,0.0024107312223994033,-0.011263042875416228,0.013561327216801752,0.5465255777321291
295,31.420118,677.8867222222221,6.500966097923366,0.1791455396993188,0.0017180142964913772,-0.00776530403707751,0.009664517479752074,0.5483845104651357
296,31.526627,683.8348918918919,9.457716035021308,0.18071746614479173,0.002499396415174766,-0.016608018931932353,0.014060104384822468,0.5502434431981423
297,31.633136,687.2537894736843,9.671404926471554,0.18162098030488485,0.002555868109532651,-0.02169064741253134,0.014377780249538844,0.552102375931149
298,31.739645,690.5245405405406,7.566711665044586,0.18248534369464603,0.0019996595309314403,-0.026553037152980533,0.011248884558008505,0.5539613086641556
299,31.846154,691.9079487179487,9.197308064258804,0.18285093782186804,0.0024305782410831978,-0.02860965032566943,0.013672974634045139,0.5558202413971622
300,31.952663,694.5168387096775,8.757823455238094,0.18354039077951306,0.0023144353740058373,-0.03248809893592544,0.013019624559304775,0.5576791741301689
301,32.059172,690.4300810810811,10.397783709838174,0.18246038083538083,0.002747828675961467,-0.026412611086558572,0.015457635203867925,0.5595381068631755
302,32.16568,687.0507297297297,9.960859725971465,0.18156731758185246,0.0026323625068634957,-0.021388773134874504,0.01480809182588419,0.5613970221428897
303,32.272189,691.421625,7.09601603971338,0.18272241675475687,0.0018752685094379923,-0.027886667925494383,0.010549135316105896,0.5632559548758962
304,32.378698,689.329027027027,11.16176651313283,0.1821694046054511,0.0029497268797919864,-0.024775753427055264,0.01659339334280508,0.5651148876089029
305,32.485207,690.3074864864865,10.108833144064397,0.18242798268670363,0.002671467532786571,-0.026230358543700184,0.015028073235440302,0.5669738203419096
306,32.591716,688.881448275862,7.872255950879481,0.18205112269446672,0.002080405906680621,-0.024110370374899184,0.01170311521339262,0.5688327530749161
307,32.698225,691.4076315789474,11.945799911947008,0.18271871870479583,0.003156923866793613,-0.02786586491555284,0.017758959256149804,0.5706916858079228
308,32.804734,693.177605263158,12.078674465353041,0.18318647073550684,0.0031920387064886483,-0.030497157149982107,0.01795649427243253,0.5725506185409295
309,32.911243,693.604303030303,7.109089153527555,0.18329923441604204,0.0018787233492408995,-0.03113149794903083,0.010568570171644117,0.5744095512739361
310,33.017751,692.8964878048781,11.4419267414233,0.1831121796524519,0.0030237649950907233,-0.03007924009758018,0.01700988735041257,0.5762684665536502
311,33.12426,693.536129032258,7.163634835016543,0.18328121803178068,0.0018931381699303742,-0.031030148582514266,0.010649659302744743,0.5781273992866569
312,33.230769,692.8075416666667,7.672999991382347,0.18308867380197322,0.0020277484120989307,-0.02994701028826385,0.011406895747778123,0.5799863320196635
313,33.337278,692.5106086956522,8.427214760088207,0.1830102031436713,0.0022270652114397952,-0.029505581453617133,0.012528132454115234,0.5818452647526702
314,33.443787,690.435375,8.62719017446885,0.18246177986257928,0.002279912836804671,-0.026420481174043664,0.012825421481421483,0.5837041974856768
315,33.550296,690.7955416666667,10.378555495448374,0.18255696132840027,0.002742747223955699,-0.02695591498391015,0.015429050004179783,0.5855631302186834
316,33.656805,686.962625,8.067181706107034,0.1815440340909091,0.0021319190555251105,-0.02125779418686957,0.01199289727659279,0.5874220629516901
317,33.763314,684.894625,15.173289878131442,0.1809975224630021,0.004009854618956517,-0.018183447720963312,0.02255703583801008,0.5892809956846967
318,33.869822,678.5411250000001,8.767295365571645,0.17931847912262155,0.0023169385215569866,-0.008738157454456783,0.013033705765329593,0.5911399109644109
319,33.976331,673.5299583333334,7.643985959302541,0.17799417503523607,0.002020080856052468,-0.001288417352070903,0.011363762678635854,0.5929988436974175
320,34.08284,673.58,8.81841111538808,0.17800739957716702,0.0023304469121004476,-0.0013628106891428087,0.01310969586436264,0.5948577764304241
321,34.189349,671.8262608695652,11.412876739644041,0.17754393786193584,0.003016087933309742,0.0012443468049450645,0.016966700807712096,0.5967167091634308
322,34.295858,669.0200322580645,7.344341747149619,0.17680233410625384,0.0019408936963926087,0.005416164510115394,0.010918303237310122,0.5985756418964375
323,34.402367,672.2820869565218,7.845204406126894,0.1776643993014064,0.002073256978363348,0.0005667030334253556,0.011662899632634696,0.600434574629444
324,34.508876,670.5064848484849,8.514592603000795,0.17719515984367992,0.0022501566075583484,0.003206362639662772,0.012658030791908692,0.6022935073624507
325,34.615385,671.04578125,9.916858623102609,0.17733768003435518,0.0026207343084309284,0.0024046295709615954,0.014742678559394436,0.6041524400954574
326,34.721893,669.1100322580645,7.412361227408649,0.17682611846143353,0.0019588692461439306,0.005282368000477303,0.011019422893377422,0.6060113553751715
327,34.828402,669.74721875,8.795360590581094,0.17699450812632136,0.00232435533577724,0.0043351087937050165,0.013075428311423708,0.6078702881081781
328,34.934911,672.6376956521739,10.63792779049988,0.17775837622943286,0.00281129169939214,3.804523036746211e-05,0.015814640090565466,0.6097292208411847
329,35.04142,669.8463548387097,6.338319138638063,0.17702070688126578,0.0016750314848409283,0.004187730319832513,0.009422721974689569,0.6115881535741915
330,35.147929,671.3180322580645,6.252268657502746,0.17740962797517562,0.0016522908714330768,0.00199989363068956,0.00929479692992755,0.613447086307198
331,35.254438,672.41771875,10.12498341610551,0.17770024279862578,0.0026757355750807402,0.0003650690271659963,0.01505208268020484,0.6153060190402047
332,35.360947,670.7252580645161,11.585843790211516,0.1772529751756121,0.003061798041810653,0.002881128276248519,0.01722383844824899,0.6171649517732114
333,35.467456,664.6671290322581,8.008633257270715,0.17565198970197096,0.002116446421054628,0.011887311825729541,0.011905857519936974,0.6190238845062179
334,35.573964,665.9070909090909,8.359543024904356,0.17597967518739188,0.002209181560492696,0.01004394992345704,0.012427529765573578,0.6208827997859321
335,35.680473,666.6078387096775,11.096084024245588,0.17616486223828684,0.002932368928183296,0.009002198702845427,0.01649574792327782,0.6227417325189387
336,35.786982,663.7753617021276,5.979247583992093,0.17541632180288785,0.0015801394249450647,0.01321303800551538,0.008888916188890091,0.6246006652519454
337,35.893491,671.1294468085106,9.53301028419832,0.17735979038279878,0.002519294472568263,0.0022802500186766463,0.014172038915219185,0.626459597984952
338,36.0,671.7011935483871,8.082460114013779,0.17751088624428835,0.0021359566897499373,0.0014302753720941352,0.01201561058382334,0.6283185307179586
339,36.106509,675.8918695652175,9.287069547634955,0.17861835876459234,0.0024542995633284794,-0.004799700450971822,0.013806416558219198,0.6301774634509653
340,36.213018,679.21992,9.817956622603976,0.17949786469344609,0.0025945974161215623,-0.009747273029565486,0.014595648087583965,0.6320363961839719
341,36.319527,674.868375,9.138408538817945,0.17834787922832981,0.002415012827383173,-0.0032781448903091647,0.013585412957119234,0.6338953289169785
342,36.426036,676.0296969696969,10.42578149194597,0.1786547824972772,0.0027552276670047443,-0.0050045985137700845,0.015499257487463782,0.6357542616499852
343,36.532544,677.4583541666667,8.351139266118725,0.17903233461064127,0.002206960694006006,-0.007128480140702053,0.01241503650342514,0.6376131769296993
344,36.639053,678.4162777777779,12.855409229103243,0.1792854856706601,0.0033973068787270673,-0.008552556092552953,0.019111209831369637,0.6394721096627058
345,36.745562,676.9118,12.369124020259962,0.17888789640591968,0.0032687959884407885,-0.0063159574759448145,0.01838828467990452,0.6413310423957126
346,36.852071,673.6546,7.838874133809926,0.17802711416490485,0.0020715840734169995,-0.0014737131293539147,0.011653488873289477,0.6431899751287192
347,36.95858,674.0035531914893,7.367053643280939,0.1781193322387657,0.0019468957831080646,-0.001992476674335595,0.010952067375417143,0.6450489078617258
348,37.065089,672.1336304347826,8.889919955541895,0.17762516660538652,0.002349344597130527,0.0007874026383332327,0.01321600290014985,0.6469078405947325
349,37.171598,672.2857272727273,11.856711626279218,0.1776653613300019,0.0031333804509194553,0.0005612912378444736,0.017626518126460995,0.6487667733277391
350,37.278107,673.8058387096775,7.341577328688874,0.17806708211143696,0.0019401631418311026,-0.001698548812431777,0.010914193575740926,0.6506257060607458
351,37.384615,671.4652978723404,9.723580387980423,0.17744854594935,0.00256965655073478,0.0017809644620248352,0.014455345745523747,0.6524846213404598
352,37.491124,667.2290434782609,7.918823245213408,0.1763290284033459,0.0020927122741050273,0.008078698371656546,0.011772343451672338,0.6543435540734666
353,37.597633,671.9790606060607,8.498438146725094,0.17758431834198218,0.002245887459493943,0.001017190455870577,0.012634015126744344,0.6562024868064732
354,37.704142,667.4996129032259,6.896936680765954,0.17640053195116961,0.0018226576851918443,0.00767646231971104,0.010253178389793088,0.6580614195394797
355,37.810651,667.32428125,7.324769965492378,0.1763541969476744,0.0019357214496544338,0.007937115244496515,0.010889207280941908,0.6599203522724865
356,37.91716,667.11534375,7.386940348800311,0.17629898090644822,0.0019521512549683629,0.008247727558191026,0.010981631506380408,0.6617792850054931
357,38.023669,667.1619677419355,9.086129456425585,0.17631130225738254,0.002401197002226632,0.008178415031675894,0.013507693415439486,0.6636382177384997
358,38.130178,668.8681515151516,6.499040016231304,0.17676219648920496,0.0017175052897017173,0.005641954657704272,0.00966165411300008,0.6654971504715064
359,38.236686,671.2073125,12.419934783573783,0.17738036799682874,0.003282223780014211,0.002164492710434062,0.018463821377498267,0.6673560657512205
360,38.343195,674.8490294117646,9.074039912433797,0.17834276675786595,0.002398002091023734,-0.0032493851993894048,0.013489720762226008,0.6692149984842272
361,38.449704,671.1334375,10.093334504281666,0.17736084500528543,0.0026673716977488556,0.0022743173454286398,0.01500503252536178,0.6710739312172338
362,38.556213,673.236,9.41440684921684,0.17791649048625793,0.0024879510700890088,-0.0008514106967483455,0.013995719741534598,0.6729328639502404
363,38.662722,671.7649696969696,9.857433183532267,0.17752774040617592,0.0026050299110814646,0.0013354639712218023,0.014654335043858626,0.6747917966832471
364,38.769231,672.4316249999999,10.053444602272794,0.17770391781183933,0.002656829968888157,0.0003443956081420596,0.014945731084710737,0.6766507294162537
365,38.87574,675.9044,10.971166019551948,0.17862167019027486,0.0028993567704946994,-0.004818328544729161,0.0163100413341782,0.6785096621492603
366,38.982249,677.2538666666666,12.081242402209828,0.17897829457364342,0.003192717336736209,-0.006824483321095192,0.017960311838970372,0.6803685948822671
367,39.088757,673.3079393939394,7.835624157252068,0.1779355019540009,0.002070725200119464,-0.0009583578057991505,0.011648657367513388,0.6822275101619811
368,39.195266,680.6566060606061,12.54078338596565,0.1798775385995259,0.0033141605142615344,-0.011883090589063106,0.018643478279661313,0.6840864428949878
369,39.301775,677.3284545454545,8.336889157124602,0.17899800595810111,0.002203194808965273,-0.006935367741574393,0.012393851894032073,0.6859453756279944
370,39.408284,674.168125,8.50496353655115,0.17816282373150105,0.002247611928264052,-0.0022371337139306174,0.012643715953219423,0.6878043083610011
371,39.514793,673.455088235294,9.270753868753557,0.1779743890685238,0.002449987808867215,-0.0011771133765830291,0.01378216121503355,0.6896632410940077
372,39.621302,670.434,6.9679931920890965,0.1771760042283298,0.0018414358330045121,0.003314120636650775,0.010358812980927484,0.6915221738270143
373,39.727811,670.27071875,8.994804572943387,0.1771328537922833,0.002377062519276793,0.0035568590959767937,0.013371927297072598,0.693381106560021
374,39.83432,668.2817878787879,7.774045350385361,0.17660723781151902,0.0020544517310743587,0.006513659190194821,0.011557112596108506,0.6952400392930276
375,39.940828,669.5791515151516,8.652449660794097,0.17695009289512462,0.002286588176742628,0.004584962231563386,0.012862972938150032,0.6970989545727417
376,40.047337,670.77796875,8.755569414560401,0.17726690506078224,0.0023138396972939694,0.0028027671013776683,0.013016273639579683,0.6989578873057484
377,40.153846,669.872129032258,8.949650912156404,0.17702751824319718,0.002365129733656557,0.004149413684993496,0.013304800605842828,0.700816820038755
378,40.260355,669.2530588235294,6.746290769597025,0.17686391617957964,0.0017828463978850594,0.005069740719980355,0.010029223977508103,0.7026757527717616
379,40.366864,667.6003225806452,7.898199100162404,0.17642714655936712,0.0020872619186475725,0.007526744504983437,0.011741683022537919,0.7045346855047683
380,40.473373,667.66171875,8.816850605276567,0.176443371762685,0.0023300345151365167,0.00743547124759646,0.013107375966516264,0.7063936182377749
381,40.579882,667.6006666666667,7.892709797805898,0.176427237491191,0.0020858112573482754,0.007526232977109079,0.01173352247258622,0.7082525509707815
382,40.686391,671.5427333333333,8.918537119526995,0.1774690098661029,0.00235690727260228,0.0016658467464351805,0.013258545974115946,0.7101114837037882
383,40.792899,666.6442903225807,6.4524979049127404,0.17617449532837756,0.0017052055774082258,0.008948008718655101,0.009592463312493279,0.7119703989835023
384,40.899408,663.03871875,7.31526907861498,0.17522164871828752,0.0019332106444542743,0.01430815195933956,0.010875082997579005,0.713829331716509
385,41.005917,663.7533636363637,8.874273231385274,0.1754105083605612,0.0023452096277445282,0.013245740943493307,0.013192742043711786,0.7156882644495155
386,41.112426,663.90359375,9.189136299261824,0.17545020976479914,0.0024284186837372646,0.01302240466741469,0.013660826260332017,0.7175471971825222
387,41.218935,666.590696969697,7.1760340042605115,0.17616033218015248,0.0018964149059885048,0.009027682091495542,0.010668092253492011,0.7194061299155289
388,41.325444,667.3250588235294,6.029363672848499,0.17635440243750777,0.0015933836344737056,0.007935959282005155,0.00896342016406455,0.7212650626485354
389,41.431953,667.06859375,7.619286093301165,0.1762866262552854,0.0020135534073206073,0.008317227411808585,0.011327043169085718,0.7231239953815422
390,41.538462,671.600696969697,11.304408461096187,0.17748432795182267,0.002987422954835144,0.0015796763883086733,0.01680544884019923,0.7249829281145488
391,41.64497,669.0701333333333,9.279321679847936,0.1768155743481325,0.0024522520295581127,0.0053416828545589014,0.013794898361918693,0.7268418433942629
392,41.751479,672.3098181818182,11.057890617913927,0.1776717278493177,0.0029222755332753516,0.0005254770206181426,0.01643896854040708,0.7287007761272697
393,41.857988,669.63446875,8.256831912107605,0.17696471161469346,0.0021820380317409114,0.004502726087723843,0.01227483656120413,0.7305597088602762
394,41.964497,667.8076666666666,9.313295984997287,0.1764819415081043,0.0024612304400098593,0.00721850100494146,0.013845405511322798,0.7324186415932828
395,42.071006,667.2785151515151,10.379807010251962,0.17634210231276828,0.002743077962540157,0.008005152402685678,0.01543091054098513,0.7342775743262894
396,42.177515,666.2786666666667,7.096639163482011,0.17607787174066244,0.0018754331827383751,0.009491555040904074,0.010550061669276094,0.7361365070592961
397,42.284024,664.3508181818182,9.838829670159429,0.17556839803959254,0.002600113549196463,0.012357548356279663,0.014626678542122023,0.7379954397923028
398,42.390533,662.0781212121212,7.198395375696479,0.17496779101800242,0.0019023243593278187,0.015736203045285356,0.010701335291812624,0.7398543725253093
399,42.497041,661.7447272727273,7.708601779314167,0.17487968479723237,0.002037156918423414,0.016231835772234263,0.011459822358468744,0.7417132878050237
400,42.60355,661.3176363636363,8.315703979588044,0.17476681722083415,0.0021975961891088913,0.016866761027062284,0.012362357418360352,0.7435722205380302
401,42.710059,663.4304375,6.732090141507838,0.17532516847251586,0.0017790935891934076,0.013725811942564066,0.010008112927808073,0.7454311532710368
402,42.816568,669.8503333333334,8.88756875383627,0.17702175828047922,0.002348723243614231,0.004181815778785177,0.013212507538131293,0.7472900860040433
403,42.923077,673.4540000000001,8.79812498964031,0.1779741014799154,0.0023250858852114998,-0.0011754955756494967,0.013079537944150083,0.7491490187370501
404,43.029586,671.2345869565218,8.6871110517596,0.17738757583417591,0.002295748163784249,0.0021239457428242374,0.012914501528487651,0.7510079514700567
405,43.136095,672.1552727272727,9.138273035948597,0.17763088602729193,0.002414977017956822,0.0007552286028249692,0.01358521151477524,0.7528668842030632
406,43.242604,672.26296875,9.029537785063825,0.17765934692124735,0.002386241486539061,0.0005951246923492436,0.013423562658741827,0.75472581693607
407,43.349112,672.38784375,6.33705474027565,0.1776923477140592,0.0016746973415104767,0.00040948203522641995,0.009420842284826406,0.756584732215784
408,43.455621,673.8715294117648,11.418847633933453,0.17808444223355305,0.003017665865204398,-0.0017962064419313084,0.01697557730566029,0.7584436649487908
409,43.56213,673.656375,9.475125940945286,0.17802758324524312,0.0025039973416874388,-0.0014763518938496047,0.014085986436441964,0.7603025976817974
410,43.668639,672.4612903225806,9.039496918868686,0.17771175748482573,0.0023888733929356993,0.00030029431238006403,0.013438368184765263,0.762161530414804
411,43.775148,672.03471875,7.253516540869634,0.1775990271538055,0.001916891263443348,0.0009344475070702824,0.01078327995300544,0.7640204631478107
412,43.881657,671.66440625,8.701980890020511,0.177501164442389,0.0022996778250582816,0.0014849643956853249,0.01293660744468981,0.7658793958808172
413,43.988166,671.8931818181818,8.667241265443652,0.1775616231020565,0.002290497163172212,0.0011448602566498205,0.012884962550083999,0.7677383286138239
414,44.094675,672.11065625,7.578486518446964,0.17761909520348837,0.002002771278659347,0.000821556702063173,0.011266389383416698,0.7695972613468306
415,44.201183,672.7533636363637,9.453002339925476,0.17778894387853164,0.002498150724081781,-0.0001339100203154461,0.014053096874252215,0.7714561766265448
416,44.307692,673.6054848484848,10.793957456376953,0.17801413447370107,0.002852525754856487,-0.001400697175542024,0.016046598142724917,0.7733151093595514
417,44.414201,675.5298235294117,8.36783539755901,0.1785226806367367,0.00221137299089826,-0.004261472718537385,0.01243985743799369,0.7751740420925579
418,44.52071,677.3758888888889,9.77120161546679,0.17901054146112286,0.00258224144171956,-0.0070058849592242855,0.01452614079021665,0.7770329748255647
419,44.627219,676.5331458333334,8.60497628166791,0.17878782923713885,0.0022740423577346522,-0.005753039633056831,0.012792397688952153,0.7788919075585712
420,44.733728,677.6001555555556,7.314413177715844,0.17906980855062252,0.0019329844549989146,-0.007339286039537262,0.010873810591435702,0.7807508402915778
421,44.840237,678.07528125,10.448573982758864,0.1791953703091966,0.0027612510525261264,-0.008045621145715451,0.015533141439871825,0.7826097730245846
422,44.946746,676.89578125,8.636776764863662,0.17888366312103593,0.0022824462909259097,-0.0062921435555140775,0.012839673174023184,0.7844687057575912
423,45.053254,678.5570212765957,8.876450212168306,0.17932268004138366,0.0023457849397907748,-0.008761789302509584,0.01319597840404865,0.7863276210373054
424,45.159763,678.5874090909091,9.771028954244,0.17933071064770323,0.0025821958124323625,-0.008806964674627965,0.014525884107228253,0.7881865537703119
425,45.266272,683.5797272727273,10.194260538267539,0.18065003363444168,0.002694043482628832,-0.016228684093850587,0.015155071981794214,0.7900454865033186
426,45.372781,685.7763777777778,7.476017225674755,0.181230543810195,0.0019756916558337154,-0.01949428598796725,0.011114055675438895,0.7919044192363253
427,45.47929,688.4152727272727,8.807370092970181,0.18192792619642514,0.0023275290943367247,-0.02341734080512282,0.013093281972558742,0.7937633519693318
428,45.585799,692.3137878787878,8.907087068584685,0.1829581891857262,0.0023538813606196244,-0.02921298213894422,0.01324152400910191,0.7956222847023385
429,45.692308,692.4349393939393,8.570358586938598,0.18299020597091423,0.0022648939183241555,-0.029393089359662426,0.012740934058657722,0.7974812174353452
430,45.798817,690.2396458333333,9.585255668661073,0.1824100543957012,0.0025331013923522864,-0.02612950473699509,0.014249708360617123,0.7993401501683519
431,45.905325,687.379303030303,8.531430897294006,0.18165414984944583,0.0022546064739149135,-0.02187723936572976,0.012683063069738609,0.8011990654480659
432,46.011834,685.6762916666667,10.932992841226618,0.18120409399224804,0.0028892687212543847,-0.019345495184301488,0.016253292022825723,0.8030579981810726
433,46.118343,683.4840888888889,8.027361022896606,0.18062475922010807,0.0021213956191587133,-0.01608650540557278,0.011933698738537645,0.8049169309140792
434,46.224852,682.0780208333333,11.761004289310225,0.18025317675299504,0.003108087814299746,-0.013996205426162258,0.01748423693053647,0.8067758636470859
435,46.331361,684.0327021276596,8.174510268311794,0.18076974157707704,0.002160282840462936,-0.01690208914433683,0.01215245491000909,0.8086347963800924
436,46.43787,686.9922727272727,11.784348633019402,0.1815518691139727,0.0031142570383243568,-0.02130186932495616,0.017518941282848415,0.8104937291130991
437,46.544379,685.1127575757577,8.247565004405493,0.18105516849253636,0.002179589060360853,-0.018507729690682522,0.012261060117807662,0.8123526618461058
438,46.650888,686.7819565217392,7.552441421175664,0.18149628872138981,0.0019958883248350056,-0.02098920738917035,0.011227670015549106,0.8142115945791125
439,46.757396,685.8682083333333,10.242671262613657,0.18125481192741366,0.0027068370144327815,-0.019630803852539017,0.015227040714533865,0.8160705098588265
440,46.863905,685.7075652173913,7.98734932155475,0.1812123586726721,0.002110821702313622,-0.019391987316867577,0.011874216227601885,0.8179294425918332
441,46.970414,688.7792391304348,13.403320942023262,0.18202411182093944,0.0035421038430294037,-0.023958423409218495,0.01992575066224213,0.8197883753248398
442,47.076923,684.63,8.342152371050183,0.18092758985200846,0.0022045857217363055,-0.017790048816930217,0.01240167633461787,0.8216473080578466
443,47.183432,681.9516739130435,7.700653173030481,0.1802197869749058,0.002035056335367465,-0.013808374571292206,0.011448005738721566,0.8235062407908532
444,47.289941,681.3687272727274,9.025567521189217,0.18006573130886025,0.0023851922624707205,-0.012941749840408226,0.013417660353755564,0.8253651735238597
445,47.39645,680.4171063829787,7.702007093676636,0.1798142458728802,0.002035414136806719,-0.011527043689885495,0.01145001851490803,0.8272241062568665
446,47.502959,682.8728510638298,8.497248296229222,0.180463227025325,0.0022455730169739017,-0.015177822210554063,0.012632246261818402,0.829083038989873
447,47.609467,679.920255319149,8.704725037407744,0.17968294273761864,0.0023004030225707546,-0.010788411043769989,0.012940686970715837,0.8309419542695872
448,47.715976,673.7187234042553,7.202388099434455,0.17804406009626197,0.0019033795188780284,-0.0015690407701925333,0.010707270986258085,0.8328008870025938
449,47.822485,670.9250303030303,10.419156064327018,0.17730576910756612,0.002753476761185791,0.0025841412958509257,0.015489407942016316,0.8346598197356005
450,47.928994,668.4337083333334,8.133938042752323,0.17664738592318532,0.002149560793539193,0.006287810006185775,0.012092139108141282,0.8365187524686072
451,48.035503,670.2090000000001,12.430612769215433,0.17711654334038054,0.0032850456578264855,0.0036486119107459808,0.018479695568707384,0.8383776852016137
452,48.142012,664.9010400000001,7.5194373105808445,0.17571380549682875,0.0019871663082930238,0.011539573258508008,0.011178605184423563,0.8402366179346205
453,48.248521,664.3361458333334,10.052025651662676,0.17556452056906272,0.0026564549819404534,0.01237936067867374,0.014943621633166497,0.842095550667627
454,48.35503,666.689914893617,8.58419171660222,0.1761865525617381,0.0022685496079815504,0.008880181959117318,0.01276149877495064,0.8439544834006336
455,48.461538,668.193085106383,10.166484991360393,0.1765837962754712,0.0026867032218182867,0.006645527205117023,0.015113780079244663,0.8458133986803478
456,48.568047,665.3817391304348,7.535300897729552,0.17584084015074916,0.001991358588194911,0.010824952526972017,0.011202188435432869,0.8476723314133545
457,48.674556,670.3943191489361,8.110666648487408,0.17716551774549053,0.0021434108479089415,0.0033731112963375286,0.012057543204507354,0.8495312641463612
458,48.781065,672.6550638297872,9.890285432211737,0.1777629661283793,0.0026137117949819617,1.222521321816444e-05,0.014703174112826138,0.8513901968793677
459,48.887574,669.7528484848485,7.61271815829114,0.1769959958998014,0.0020118176951086446,0.004326739472894821,0.011317279093753806,0.8532491296123743
460,48.994083,672.8892826086957,8.485342647865837,0.1778248632686828,0.0022424267039814604,-0.0003359709546667368,0.012614546992973952,0.8551080623453811
461,49.100592,669.8960967741936,8.333463051076416,0.17703385221305326,0.002202289389819354,0.004113782571494905,0.012388758549244342,0.8569669950783876
462,49.207101,673.5046458333333,10.368011107184717,0.1779874856853418,0.0027399606520044175,-0.0012507870837351808,0.015413374422558194,0.8588259278113942
463,49.313609,670.919125,7.027597454597883,0.17730420850951376,0.0018571874880015545,0.0025929202840043533,0.010447422339630053,0.8606848430911084
464,49.420118,664.4113333333333,8.011511766930564,0.17558439041578577,0.0021172071265672704,0.012267584844580232,0.011910136792664162,0.8625437758241151
465,49.526627,666.7882391304347,6.643340535820732,0.1762125367680853,0.0017556396764854035,0.008734010406905704,0.00987617528922265,0.8644027085571216
466,49.633136,669.9115161290323,8.224157180205843,0.17703792709541022,0.002173403060308091,0.004090859728624996,0.012226261393628365,0.8662616412901283
467,49.739645,673.13778125,7.9792806763451685,0.17789053415697675,0.0021086893964971354,-0.000705395964181504,0.011862221154640218,0.868120574023135
468,49.846154,673.4916774193548,7.751757445410232,0.17798405851462867,0.0020485616927616896,-0.0012315078778922467,0.011523978775077168,0.8699795067561416
469,49.952663,683.142125,11.785027120967348,0.18053438821353066,0.0031144363427503484,-0.01557813235273275,0.017519949941951402,0.8718384394891482
470,50.059172,680.4472812500001,7.748577639442994,0.17982222020348837,0.0020477213634891587,-0.011571902488621496,0.011519251586857791,0.8736973722221547
471,50.16568,675.3042121212121,6.921985475450565,0.17846305817156768,0.0018292773455207648,-0.003926072507963535,0.010290416626453575,0.8755562875018691
472,50.272189,677.4316451612904,8.5179035900797,0.179025276205415,0.0022510316041436823,-0.007088773788532542,0.012662952997626641,0.8774152202348756
473,50.378698,674.160375,8.01431557357852,0.17816077563424948,0.002117948090269165,-0.0022256123478228895,0.011914305009810796,0.8792741529678822
474,50.485207,676.20353125,6.839969552773088,0.17870072178911206,0.0018076029473501755,-0.00526302540221446,0.010168489468798093,0.881133085700889
475,50.591716,674.6507878787878,8.4028364510056,0.1782903773464027,0.002220622740752016,-0.002954673808527144,0.012491890980047164,0.8829920184338955
476,50.698225,675.91234375,8.509902439110903,0.17862376948995773,0.0022489171350715867,-0.004830137944989566,0.012651058263485386,0.8848509511669022
477,50.804734,672.71090625,7.5000050381031516,0.17777772363900635,0.0019820309297312708,-7.079168582865212e-05,0.011149716626291892,0.8867098838999089
478,50.911243,677.2604081632653,10.721637769246456,0.17898002329896015,0.0028334137867987463,-0.0068342080923474964,0.015939085679211824,0.8885688166329154
479,51.017751,677.1705333333334,11.55553050563526,0.1789562720225511,0.0030537871315103765,-0.006700597664022895,0.01717877387411599,0.8904277319126296
480,51.12426,675.2893333333334,7.826685940391617,0.17845912614517268,0.0020683630920696654,-0.0039039532870099288,0.01163536956508765,0.8922866646456362
481,51.230769,674.9122571428571,9.666068746919185,0.17835947598912716,0.0025544579140907033,-0.0033433813075283126,0.014369847336217658,0.894145597378643
482,51.337278,671.9494255319149,8.971382969208438,0.1775764866627682,0.002370872877697796,0.00106124678346572,0.013337108087851903,0.8960045301116495
483,51.443787,670.582,6.596624804285203,0.17721511627906975,0.0017432940814707163,0.003094099709690348,0.009806726380059878,0.8978634628446561
484,51.550296,668.1153829787233,8.56226376139542,0.1765632618865548,0.002262754693814833,0.006761041354809283,0.012728900065281983,0.8997223955776629
485,51.656805,668.9392916666667,8.471492849823454,0.17678099674066242,0.0022387666093613844,0.005536195724728126,0.012593957497004359,0.9015813283106694
486,51.763314,666.9886129032259,8.504661669450932,0.1762654896678715,0.0022475321536603913,0.008436129168878455,0.012643267189170703,0.903440261043676
487,51.869822,671.415,6.258880770553157,0.1774352536997886,0.0016540382586028436,0.0018557386815956144,0.009304626681566158,0.9052991763233902
488,51.976331,671.9955744680851,7.9200888794548305,0.1775886824704242,0.002093046744041976,0.000992640488098097,0.011774224978827645,0.9071581090563968
489,52.08284,674.0337608695652,8.315723220194334,0.17812731524037134,0.0021976012738357128,-0.0020373842509002578,0.012362386021982204,0.9090170417894033
490,52.189349,676.9341875,9.588262551230509,0.1788938127642706,0.002533896023052463,-0.006349239357717278,0.0142541784760914,0.9108759745224101
491,52.295858,673.6084166666667,8.734558720133567,0.17801490926708952,0.0023082871881959684,-0.001405055698204468,0.01298503855536431,0.9127349072554167
492,52.402367,675.0118043478261,7.177762014628724,0.17838578339001748,0.0018968715683479783,-0.0034913709582958187,0.010670661161890804,0.9145938399884233
493,52.508876,673.0556808510638,6.963540875615238,0.1778688374342135,0.001840259216600222,-0.000583343221764239,0.010352194043105244,0.91645277272143
494,52.615385,670.384829787234,7.589723195729158,0.17716300998605553,0.0020057408022540048,0.0033872184460535183,0.011283094141197677,0.9183117054544366
495,52.721893,670.8994791666667,8.774815669979061,0.17729901669309375,0.0023189259170134898,0.002622126327659145,0.013044885659564345,0.9201706207341508
496,52.828402,672.637,8.729787845422539,0.17775819238900636,0.0023070263862110313,3.907940628737143e-05,0.012977946039983713,0.9220295534671573
497,52.934911,675.4801914893617,12.13324743195915,0.1785095643470829,0.0032064607378327484,-0.004187688343816092,0.01803762396634911,0.9238884862001641
498,53.04142,675.5011818181819,8.323560785709985,0.17851511147414953,0.0021996725120798067,-0.004218893151952631,0.012374037565427251,0.9257474189331707
499,53.147929,673.4120212765957,10.633646972432343,0.1779630077369439,0.0028101604049768376,-0.0011130888348655735,0.01580827610705628,0.9276063516661772
500,53.254438,673.6226774193549,10.35825329029014,0.1780186779649458,0.002737381947751092,-0.0014262561308098986,0.015398868179867263,0.929465284399184
501,53.360947,670.88253125,6.90657466095742,0.17729453785676533,0.0018252047201261705,0.002647321573166237,0.010267506479899543,0.9313242171321906
502,53.467456,672.2584545454545,9.782696340640546,0.17765815394964443,0.002585279159788726,0.0006018356347045358,0.014543229169188826,0.9331831498651971
503,53.573964,665.7775510204082,7.944009842488302,0.1759454416015878,0.0020993683516089576,0.010236527534175425,0.011809786549506063,0.9350420651449113
504,53.680473,667.1697575757576,8.27162397533847,0.1763133608815427,0.0021859471393600623,0.00816683444749748,0.012296826854877848,0.936900997877918
505,53.786982,671.1434516129033,8.934212637715426,0.17736349144104208,0.0023610498514047024,0.0022594300859445225,0.013281849636564577,0.9387599306109247
506,53.893491,670.8610625,8.419507007778558,0.17728886429704016,0.002225028279011252,0.002679237615569501,0.012516673894602103,0.9406188633439312
507,54.0,670.0852424242423,7.66299183996655,0.17708383784995838,0.002025103551788199,0.0038325933738308244,0.011392017350807436,0.9424777960769379
508,54.106509,667.4866041666667,7.371544919455949,0.17639709412438334,0.0019480826954164745,0.007695801470226791,0.010958744231817575,0.9443367288099446
509,54.213018,666.3811489361702,8.655454407428584,0.17610495479285682,0.0022873822429779556,0.00933920204135559,0.012867439878283825,0.9461956615429511
510,54.319527,669.1908484848484,9.94713075188395,0.1768474758152348,0.0026287343424640447,0.005162224344190454,0.014787681950175064,0.9480545942759578
511,54.426036,665.6615161290323,11.118215782732312,0.17591477698970195,0.0029382177015677374,0.010409028239312466,0.016528649612585298,0.9499135270089645
512,54.532544,662.0713333333333,5.653943373139384,0.17496599718111347,0.0014941710816964535,0.015746294095170525,0.008405309877971582,0.9517724422886786
513,54.639053,662.1708648648648,9.177883773755507,0.17499230043997485,0.0024254449719227048,0.015598327744972166,0.013644097942139149,0.9536313750216852
514,54.745562,664.5705624999999,11.792821599286857,0.17562647000528542,0.0031164961943147156,0.01203087032532934,0.017531537430769205,0.9554903077546919
515,54.852071,664.1733529411765,8.636579857167627,0.1755214991916428,0.0022823942540083587,0.012621373131612391,0.012839380445551548,0.9573492404876985
516,54.95858,662.9576666666667,9.267210175652442,0.17520022903453136,0.0024490513149187224,0.014428646246549508,0.013776893062054037,0.9592081732207051
517,55.065089,666.9173636363637,10.634492382743813,0.17624666058043437,0.002810383822078185,0.008542050315772112,0.015809532917599452,0.9610671059537117
518,55.171598,662.4917941176471,7.495315129847543,0.17507711261037184,0.0019807915248011513,0.01512122536871642,0.011142744477901683,0.9629260386867184
519,55.278107,668.8096666666667,6.257066245454007,0.17674674066243834,0.0016535587329423887,0.005728899864304108,0.009301929157955966,0.9647849714197251
520,55.384615,668.8751836734693,8.049561260490824,0.1767640548819951,0.002127262489558883,0.005631500455058116,0.011966702230795932,0.9666438866994391
521,55.491124,671.883,9.722814348589795,0.17755893234672307,0.002569454109035352,0.001159996831477556,0.01445420693000471,0.9685028194324458
522,55.597633,669.7427272727273,8.00584719233671,0.17699332116086872,0.002115710145966367,0.004341785949062899,0.011901715678117007,0.9703617521654525
523,55.704142,671.3348936170213,8.72520593063081,0.17741408393684494,0.002305815520779815,0.001974827064287675,0.012971134437688232,0.972220684898459
524,55.810651,669.4238484848485,6.833066067482119,0.17690905086808895,0.00180577855905976,0.0048158400470163015,0.010158226555061784,0.9740796176314657
525,55.91716,666.0315428571429,7.1561152225905,0.17601256418000602,0.0018911509573442127,0.00985893618715692,0.010638480437228827,0.9759385503644724
526,56.023669,665.8419795918368,8.718800637821419,0.17596246817966088,0.0023041227901219328,0.010140746223307538,0.012961612150787035,0.977797483097479
527,56.130178,663.2972571428571,9.0267824778556,0.17528997281787978,0.00238551333981385,0.013923801575209279,0.013419466542214724,0.9796564158304858
528,56.236686,664.8338235294117,6.934687729617588,0.17569604215893547,0.001832634178017317,0.01163949913800688,0.010309300151698907,0.9815153311101997
529,56.343195,661.1970416666667,7.765510104926579,0.17473494758632838,0.0020521961165239277,0.017046040466344583,0.011544423862205213,0.9833742638432065
530,56.449704,662.55915625,9.587378030041762,0.175094914442389,0.0025336622700955994,0.015021082944376407,0.014252863522227427,0.9852331965762131
531,56.556213,666.288870967742,7.784428460038813,0.17608056843756395,0.0020571956818284383,0.009476385042379997,0.011572548416450959,0.9870921293092199
532,56.662722,666.5188965517241,9.814338211241239,0.1761413574396734,0.002593641176332265,0.0091344225949991,0.014590268856353252,0.9889510620422264
533,56.769231,670.0349166666667,8.96480011529218,0.1770705382311487,0.002369133222857343,0.0039074090483700325,0.013327321833657993,0.990809994775233
534,56.87574,668.4325319148936,7.4265543852450655,0.17664707503036298,0.0019626200806673,0.006289558902642552,0.011040522837591356,0.9926689275082398
535,56.982249,668.5236595744681,8.296551866986137,0.17667115739282982,0.002192534848569271,0.006154085982836422,0.012333885353712236,0.9945278602412464
536,57.088757,670.1247714285714,8.495214352056975,0.17709428420416792,0.0022450355053004736,0.0037738284537342857,0.01262922254369568,0.9963867755209604
537,57.195266,669.546,7.449422918085674,0.17694133192389006,0.0019686635618619617,0.00463424619841322,0.011074519836198206,0.9982457082539671
538,57.301775,669.977,9.163088263032748,0.17705523255813954,0.0024215349532327587,0.003993509580035275,0.013622102523327885,1.0001046409869738
539,57.408284,671.4436764705882,7.514901760363509,0.1774428320482527,0.001985967695656321,0.001813107440779547,0.011171862508997288,1.0019635737199803
540,57.514793,674.4034545454545,7.792964311202885,0.1782250144147607,0.0020594514564489705,-0.002586981178336529,0.011585238050812545,1.003822506452987
541,57.621302,673.0302424242424,9.53720747595405,0.1778621148055609,0.0025204036670068842,-0.0005455257471043787,0.01417827857752138,1.0056814391859936
542,57.727811,671.9139705882353,8.0819411765322,0.1775671169630643,0.002135819549823525,0.001113955091396212,0.01201483911689275,1.0075403719190004
543,57.83432,669.4764130434783,7.790278630236227,0.17692294213622575,0.0020587417098932893,0.004737696108401517,0.0115812454425976,1.009399304652007
544,57.940828,671.9721818181818,7.816237711706922,0.17758250048049204,0.0020656019322692685,0.0010274166537452788,0.01161983693697748,1.011258219931721
545,58.047337,672.5185555555555,7.681298626978732,0.17772689100305378,0.0020299414976159454,0.0002151622202061447,0.011419232730862072,1.0131171526647278
546,58.153846,675.9533333333333,8.734433301321719,0.17863460183227625,0.0023082540436896825,-0.004891074202562004,0.012984852104261358,1.0149760853977343
547,58.260355,675.2400666666667,6.606364793209078,0.17844610641296688,0.0017458680743152979,-0.003830712086548762,0.009821206119192447,1.0168350181307408
548,58.366864,677.8058125,7.776737496710444,0.1791241576374207,0.002055163186234258,-0.007645021387865037,0.01156111481590548,1.0186939508637476
549,58.473373,678.0555757575758,10.739692680747131,0.17919016272663207,0.0028381851693306402,-0.008016326411192548,0.015965926614107572,1.0205528835967543
550,58.579882,677.7138125,10.971253353981862,0.17909984474101479,0.0028993798504180373,-0.007508251622457211,0.016310171167977013,1.0224118163297609
551,58.686391,677.22309375,8.607753992614976,0.1789701621960888,0.0022747764251096667,-0.006778735445079849,0.012796527111502153,1.0242707490627676
552,58.792899,680.3275666666667,8.529843034022232,0.17979058315715293,0.002254186848314543,-0.011393931450812862,0.012680702507921407,1.0261296643424818
553,58.899408,678.8009999999999,7.473454900035024,0.17938715644820297,0.001975014508465906,-0.009124494876036757,0.011110246450692692,1.0279885970754883
554,59.005917,681.0020000000001,8.960069180217618,0.17996881606765328,0.002367882975744606,-0.01239656285063042,0.013320288693654614,1.0298475298084948
555,59.112426,685.9279696969697,8.498738698642454,0.181270605099622,0.0022459668865334272,-0.01971964676215855,0.012634461935605584,1.0317064625415016
556,59.218935,684.5939333333333,6.941702193004494,0.1809180584918957,0.0018344878945572172,-0.017736431104549318,0.010319728048567326,1.0335653952745083
557,59.325444,692.0335757575758,8.986906788594942,0.1828841373566532,0.002374975366964842,-0.028796410985872378,0.013360186230631526,1.0354243280075148
558,59.431953,698.07209375,10.126494353632623,0.18447994020877378,0.0026761348714673962,-0.037773440216685196,0.01505432888206493,1.0372832607405216
559,59.538462,693.9277058823529,6.414828331057167,0.18338470028603407,0.001695250616029908,-0.03161227764693394,0.00953646267358854,1.039142193473528
560,59.64497,692.6543333333334,9.949368549896345,0.18304818534179,0.0026293257267167914,-0.029719246507736396,0.014791008723101014,1.0410011087532423
561,59.751479,687.4945957446809,7.385946116015016,0.18168461832576133,0.0019518885084606307,-0.022048636729845927,0.010980153452197728,1.042860041486249
562,59.857988,682.9937826086956,8.872256741383447,0.18049518567883077,0.0023446767286954134,-0.0153576024173118,0.01318974427344551,1.0447189742192555
563,59.964497,685.2521621621622,7.923615548590296,0.18109200902805553,0.002093978739056628,-0.018714972436110023,0.011779467823505098,1.0465779069522623
564,60.071006,683.7486041666666,8.784962923278977,0.18069466283474278,0.002321607537864414,-0.016479741193490726,0.013059970849274835,1.0484368396852688
565,60.177515,686.91796,8.79933496293897,0.18153223044397465,0.0023254056455969813,-0.021191393952391953,0.013081336724195805,1.0502957724182755
566,60.284024,688.1088787878788,12.210216065240164,0.18184695528220898,0.003226801285740001,-0.02296184703106536,0.018152047682844803,1.052154705151282
567,60.390533,689.197875,10.18862494162419,0.18213474497885837,0.002692554160048685,-0.024580779166519948,0.015146693946676448,1.0540136378842886
568,60.497041,689.91952,15.600959201600418,0.18232545454545457,0.004122875053277067,-0.02565359674649527,0.023192820979781512,1.055872553164003
569,60.60355,684.5792391304348,9.741947061113912,0.18091417524588654,0.0025745103227045227,-0.01771458629277444,0.014482650153956273,1.0577314858970095
570,60.710059,684.4600869565218,8.08033111333849,0.18088268682783346,0.0021353940574361722,-0.017537451348492696,0.012012445552052527,1.0595904186300162
571,60.816568,685.7736739130435,9.51752829970832,0.18122982925820388,0.002515203039034975,-0.019490266347256324,0.014149022965363266,1.0614493513630228
572,60.923077,685.1010303030303,8.342258426547533,0.18105206931898263,0.0022046137490876142,-0.0184902956000327,0.012401833999677564,1.0633082840960293
573,61.029586,677.9082068965517,8.715681275638882,0.17915121746737625,0.0023032984343654642,-0.007797243753033042,0.012956974819983522,1.065167216829036
574,61.136095,679.4789411764706,8.72658138118791,0.17956631637855988,0.0023061790119418366,-0.010132341133277892,0.012973179220840689,1.0670261495620426
575,61.242604,677.2132,9.445245938801403,0.17896754756871036,0.002496100935201216,-0.006764027120443957,0.014041565992054977,1.0688850822950493
576,61.349112,676.7467428571429,12.663226991714927,0.178844276653579,0.003346518761024028,-0.006070578924776793,0.01882550635829191,1.0707439975747635
577,61.455621,672.38492,6.516072257119327,0.17769157505285413,0.001722006410443794,0.000413828563504785,0.009686974717245968,1.0726029303077702
578,61.56213,668.7111538461538,7.805059270459389,0.17672070661896244,0.0020626477987471955,0.005875351770295439,0.011603218754509637,1.0744618630407767
579,61.668639,665.9840399999999,8.47227252315852,0.1760000105708245,0.0022389726541116625,0.009929555259196364,0.012595116581125342,1.0763207957737833
580,61.775148,665.039,10.114160407567216,0.1757502642706131,0.0026728753719786557,0.011334478075511663,0.015035992893913655,1.07817972850679
581,61.881657,662.6583928571429,10.492511895489262,0.1751211397614014,0.002772862551662076,0.01487355503699818,0.015598460766139742,1.0800386612397965
582,61.988166,663.8053666666667,9.914594041051345,0.17542425123326286,0.002620135845943793,0.013168431788547224,0.014739311968569414,1.0818975939728033
583,62.094675,666.2360857142857,7.236686771832349,0.17606661884627,0.0019124436500614086,0.009554857072077833,0.010758260349058756,1.08375652670581
584,62.201183,665.6594042553191,8.223739865566241,0.175914218883541,0.0021732927763124296,0.01041216780966369,0.012225641002048385,1.0856154419855242
585,62.307692,664.6268695652174,9.233090811757654,0.1756413503079327,0.0024400345697034014,0.011947162672062108,0.013726170264274138,1.0874743747185307
586,62.414201,667.797875,7.830978556040172,0.17647935385835095,0.0020694975042389505,0.007233057569647472,0.011641751087209832,1.0893333074515372
587,62.52071,667.8779032258064,5.565522337599828,0.17650050296665074,0.001470804000422791,0.007114085377587115,0.00827386070092962,1.091192240184544
588,62.627219,672.6572666666667,8.778483797385071,0.177763548273432,0.002319895295292044,8.950414487388612e-06,0.013050338800051423,1.0930511729175505
589,62.733728,668.3838,10.185195490093871,0.17663419661733615,0.002691647856790129,0.006362005126206411,0.015141595628401613,1.0949101056505572
590,62.840237,667.5482000000001,7.014045064348102,0.17641337209302327,0.0018536059895211696,0.00760423138680179,0.010427274978378094,1.096769038383564
591,62.946746,666.8248936170213,9.110868736877443,0.17622222347172867,0.002407734867039492,0.00867951882504072,0.013544471519610768,1.0986279711165705
592,63.053254,666.7452580645161,7.81720360473294,0.17620117813544295,0.002065857189411446,0.00879790725802173,0.011621272860483768,1.1004868863962847
593,63.159763,670.9204074074073,8.4215891989177,0.17730454741210555,0.0022255785409401978,0.002591013821392735,0.012519769338011171,1.1023458191292912
594,63.266272,663.1859705882353,10.687056604972987,0.17526056305185922,0.002824275001314213,0.014089243270520947,0.01588767635611169,1.104204751862298
595,63.372781,662.7847333333334,6.293376101427835,0.1751545278365046,0.0016631543608424542,0.014685733762105958,0.009355908402342215,1.1060636845953047
596,63.47929,669.2633235294118,9.386320687237992,0.17686662883969653,0.0024805287228430208,0.005054480921985683,0.013953966069957963,1.1079226173283112
597,63.585799,669.1545384615384,9.724273793886196,0.1768378801431127,0.002569839797538639,0.0052162038373433275,0.014456376582078798,1.1097815500613177
598,63.692308,674.0546666666667,8.760183612204715,0.17813284002818888,0.002315059094134434,-0.0020684633918266423,0.013023133234464034,1.1116404827943245
599,63.798817,675.3483928571429,8.063921003522916,0.17847473384173965,0.002131057347654043,-0.003991752821972145,0.011988049825206964,1.113499415527331
600,63.905325,674.2700000000001,7.781110136925374,0.1781897463002114,0.002056318746544766,-0.002388583929701486,0.011567615304779507,1.1153583308070452
601,64.011834,674.8374857142857,8.134806300783099,0.17833971609785562,0.002149790248621326,-0.003232224016822663,0.012093429884741111,1.1172172635400517
602,64.118343,676.3297741935484,9.298066525572874,0.17873408408920413,0.002457205741430464,-0.005450701682361257,0.013822764972270984,1.1190761962730584
603,64.224852,676.2833999999999,10.691398329828461,0.17872182875264273,0.0028254223916037166,-0.005381760513093978,0.015894130885350268,1.1209351290060652
604,64.331361,677.8445555555555,19.357363101838292,0.17913439628846606,0.005115582215073536,-0.007702617894598903,0.028777195764700652,1.1227940617390717
605,64.43787,675.8729310344827,8.601976786642181,0.17861335386746371,0.002273249679345193,-0.004771545903083276,0.012787938556006392,1.1246529944720784
606,64.544379,677.6396363636363,6.380708242517946,0.17908024216798002,0.001686233679312351,-0.007397979309747291,0.00948573879853194,1.1265119272050852
607,64.650888,672.4503548387097,7.6276707958519525,0.17770886755779855,0.0020157692378044278,0.0003165513076371828,0.011339508101704001,1.1283708599380917
608,64.757396,670.6177333333333,8.02561041585788,0.17722455954897814,0.0021209329851632863,0.0030409775399377536,0.011931096237298478,1.1302297752178059
609,64.863905,672.7567352941177,6.757277725618551,0.17778983490859346,0.0017857499274890496,-0.0001389224207507561,0.010045557492699518,1.1320887079508126
610,64.970414,674.2077837837838,11.133912313126787,0.1781733043826067,0.002942365833278747,-0.002296091567783511,0.01655198451236541,1.1339476406838191
611,65.076923,664.9602307692307,7.29967498623161,0.1757294478777037,0.0019290895840992663,0.011451578610442773,0.010851900385002703,1.1358065734168257
612,65.183432,669.9720652173913,8.802921505960224,0.177053928440114,0.0023263534635201383,0.004000845765467113,0.013086668579061447,1.1376655061498322
613,65.289941,668.4836,9.56651347745279,0.1766605708245243,0.0025281483819906965,0.006213639663296591,0.014221845696543401,1.139524438882839
614,65.39645,672.793,12.357841033125483,0.17779941860465118,0.003265814226513085,-0.00019283454375198424,0.018371511076605857,1.1413833716158457
615,65.502959,664.5904666666667,6.827152108503471,0.1756317300916138,0.0018042156734945768,0.012001280236137639,0.01014943469873416,1.1432423043488524
616,65.609467,668.5342580645162,7.864561839745593,0.17667395826229285,0.002078372579213957,0.006138329971993499,0.011691676933231749,1.1451012196285664
617,65.715976,667.4866,9.067116785961042,0.17639709302325582,0.0023961725121461517,0.007695807664509649,0.013479428649361108,1.1469601523615731
618,65.822485,666.0803333333332,6.434627704250479,0.17602545806906272,0.0017004830085228485,0.00978640290473617,0.009565896973880588,1.1488190850945796
619,65.928994,670.4793541666667,8.159676335074447,0.1771879900017618,0.0021563626678315125,0.0032466958677891725,0.01213040237121622,1.1506780178275864
620,66.035503,671.3176451612903,10.92477398865651,0.17740952567687376,0.0028870967200466447,0.0020004690995482194,0.016241073647413406,1.1525369505605931
621,66.142012,671.0283421052632,9.543360667277906,0.1773330713808835,0.002522029774650601,0.0024305550898156107,0.014187426083324338,1.1543958832935997
622,66.248521,672.957303030303,10.718654213813595,0.1778428390672048,0.002832625320775259,-0.00043709201016873275,0.015934650242509237,1.1562548160266064
623,66.35503,671.5050540540541,8.574042544363348,0.17745905233986628,0.002265867480011453,0.0017218618136934766,0.012746410732492,1.158113748759613
624,66.461538,671.5998666666667,8.142464709925427,0.17748410852713178,0.0021518141411007944,0.0015809107399464219,0.012104815089325798,1.159972664039327
625,66.568047,675.4499333333333,5.77283332845278,0.17850156800563777,0.0015255902030794893,-0.00414270572531963,0.008582055000771163,1.1618315967723338
626,66.674556,674.7613448275863,8.125950969736527,0.17831959429904498,0.002147450044856375,-0.003119030851476605,0.012080265302677513,1.1636905295053404
627,66.781065,679.3817741935484,10.786238357925294,0.1795406380004092,0.0028504858239760244,-0.0099878899869773,0.016035122715720627,1.165549462238347
628,66.887574,678.9551176470588,7.602402530000864,0.17942788521328193,0.0020090915776957933,-0.009353610467704594,0.01130194359308757,1.1674083949713536
629,66.994083,677.1386551724138,10.520169465894215,0.17894784756142013,0.0027801716347500578,-0.006653206701081603,0.015639577281531387,1.1692673277043601
630,67.100592,678.6017333333333,7.688700702670002,0.17933449612403102,0.002031897648697148,-0.008828259492845462,0.011430236862990611,1.171126260437367
631,67.207101,675.3020645161291,10.574483397737788,0.17846249062265568,0.002794525210818655,-0.003922879818361327,0.015720321887146865,1.1729851931703734
632,67.313609,669.6246315789474,7.339283838768117,0.17696211193946812,0.0019395570398435824,0.0045173503005188935,0.010910784009671076,1.1748441084500876
633,67.420118,667.806695652174,9.013426038339524,0.17648168489750896,0.002381983625353996,0.007219944542163005,0.013399610486787563,1.1767030411830943
634,67.526627,672.0582173913043,8.34859225453076,0.17760523715415022,0.0022062875936920564,0.0008995137716507401,0.012411250044975381,1.178561973916101
635,67.633136,667.5458108108108,6.03499299381827,0.17641274070053142,0.0015948712985777622,0.00760778322207265,0.008971788869591053,1.1804209066491076
636,67.739645,669.6565151515151,6.638038283828729,0.17697053783073868,0.0017542384471006115,0.004469951292470413,0.009868292813558688,1.1822798393821141
637,67.846154,670.6852258064515,12.419502082637832,0.17724239582622928,0.003282109429872577,0.002940641347381446,0.01846317811222108,1.1841387721151209
638,67.952663,668.5258181818182,7.617684754109143,0.1766717278493177,0.00201313022043054,0.006150876936957272,0.011324662573589725,1.1859977048481276
639,68.059172,670.3354666666667,8.421739562980251,0.17714996476391823,0.0022256182777431995,0.003460603037573085,0.012519992873419443,1.1878566375811344
640,68.16568,661.3721333333334,7.607497287607307,0.17478121916842848,0.0020104379724120804,0.016785744312269972,0.011309517601811942,1.1897155528608483
641,68.272189,667.5052727272727,8.07812689177048,0.17640202767634056,0.0021348115464509703,0.007668048267459485,0.012009168694805127,1.191574485593855
642,68.378698,664.959,8.552537061625378,0.17572912262156448,0.0022601842129031198,0.011453408306301094,0.012714440082176244,1.1934334183268616
643,68.485207,659.5112571428572,6.852058786117033,0.17428944427665358,0.0018107977764579817,0.019552174747318164,0.010186461660193828,1.1952923510598683
644,68.591716,663.8318181818182,7.432169024141535,0.1754312415913896,0.0019641038647308473,0.013129108228525976,0.011048869716338294,1.197151283792875
645,68.698225,663.6744,15.128905237873346,0.17538964059196616,0.00399812506286294,0.013363130487202064,0.02249105239414259,1.1990102165258814
646,68.804734,663.0435,9.807514870750893,0.17522291226215644,0.002591837967957421,0.014301044019765015,0.014580125088112298,1.200869149258888
647,68.911243,662.9748292682928,9.289798245662924,0.1752047646057856,0.0024550206780293094,0.014403131844395385,0.013810473116796937,1.2027280819918948
648,69.017751,661.6384666666667,7.257222332380976,0.17485160324171953,0.0019178705952381048,0.016389805752266902,0.010788789086001713,1.2045869972716088
649,69.12426,665.4621111111111,10.93120335233768,0.17586208010335916,0.002888795811928559,0.010705469299336544,0.01625063171874378,1.2064459300046155
650,69.230769,667.3019487179487,7.893255085160131,0.17634829511573696,0.002085955360771706,0.007970315409383649,0.01173433311197232,1.208304862737622
651,69.337278,668.6336,6.642192656251293,0.17670021141649048,0.0017553363256478014,0.005990645480566462,0.009874468819446192,1.2101637954706288
652,69.443787,669.4492692307692,8.003797276581608,0.17691576882419907,0.00211516841347295,0.004778048857276372,0.011898668216193887,1.2120227282036355
653,69.550296,668.3912413793104,9.018239199593463,0.1766361631552089,0.0023832556024295523,0.006350942564221764,0.013406765866522,1.213881660936642
654,69.656805,668.3869411764706,7.790983413015935,0.1766350267379679,0.002058927963270598,0.006357335365673935,0.011582293192330725,1.2157405936696488
655,69.763314,668.0113783783784,8.583712303450545,0.1765357765270556,0.002268422913174034,0.006915657493836719,0.012760786065990983,1.2175995264026551
656,69.869822,668.3594242424242,6.808353261023839,0.17662775482093665,0.0017992476905454129,0.006398242807133302,0.010121487807867549,1.2194584416823695
657,69.976331,668.6816,8.172706124656631,0.17671289640591964,0.0021598060583130642,0.0059192873420928155,0.01214977281974307,1.2213173744153762
658,70.08284,660.8978000000001,7.7026127218533675,0.174655866807611,0.0020355741865363043,0.01749090147232554,0.011450918858643404,1.223176307148383
659,70.189349,664.0975185185185,5.478600322165179,0.17550145838227232,0.0014478330661113013,0.012734110698968541,0.008144640008975567,1.2250352398813895
660,70.295858,665.6342258064516,7.510758189466979,0.17590756495942167,0.001984872671635038,0.010449598793847867,0.011165702560959605,1.226894172614396
661,70.402367,664.6115405405405,9.132652084065636,0.17563729929718302,0.0024134915655564613,0.01196995122759457,0.013576855250966536,1.2287531053474026
662,70.508876,672.2772857142857,7.1197148429819945,0.177663130474177,0.0018815314067077145,0.0005738406940154652,0.01058436661788304,1.2306120380804093
663,70.615385,667.1716666666667,6.579424868798682,0.17631386539816774,0.0017387486439742789,0.008163996339717273,0.009781156476347712,1.232470970813416
664,70.721893,670.6025517241379,10.641116612280753,0.17722054749580812,0.002812134411279274,0.0030635469435047985,0.015819380681944842,1.23432988609313
665,70.828402,669.6805333333334,7.921852420659725,0.17697688513037352,0.002093512796157439,0.00443424519363571,0.011776846708358962,1.2361888188261367
666,70.934911,670.894945945946,8.378901465870984,0.1772978186960745,0.002214297427555756,0.002628865539990847,0.012456308563722117,1.2380477515591435
667,71.04142,673.022891891892,8.498124096214088,0.17786017227586995,0.002245804465172854,-0.0005345982407434375,0.012633548250497457,1.23990668429215
668,71.147929,672.5936206896552,7.982768296300085,0.17774672851206533,0.002109611071960912,0.00010356829867229972,0.011867405947717033,1.2417656170251568
669,71.254438,674.4128064516128,12.962135023262576,0.1782274858487349,0.003425511369783985,-0.0026008839828082254,0.019269871373001575,1.243624549758163
670,71.360947,671.8542142857143,6.44267325674068,0.17755132512836,0.0017026092116122367,0.0012027904770205548,0.00957785771656169,1.2454834824911698
671,71.467456,670.2933448275862,6.363929885780752,0.17713883319967924,0.0016817996526904589,0.003523222538111993,0.009460795625544128,1.2473424152241765
672,71.573964,670.6098571428572,7.815371613705756,0.17722247810329206,0.0020653730480194817,0.003052686504326202,0.011618549371537924,1.2492013305038907
673,71.680473,668.5888275862069,6.511387251077749,0.17668837938324705,0.0017207683010247658,0.006057205399384124,0.009680009856623775,1.2510602632368975
674,71.786982,671.4228620689655,11.124379680054544,0.1774373314135744,0.0029398466384922125,0.0018440507106387415,0.016537813034223962,1.252919195969904
675,71.893491,671.3612666666667,9.93462749395659,0.17742105355884427,0.002625430098825736,0.00193562015327583,0.014769094258288557,1.2547781287029105
676,72.0,671.8810303030303,9.685997475366342,0.17755841181369722,0.0025597244913758976,0.001162925037917444,0.014399473939637138,1.2566370614359172
677,72.106509,670.02909375,6.5544609500527296,0.17706899940539111,0.0017321514138617187,0.00391606555865796,0.009744044418624415,1.258495994168924
678,72.213018,672.036423076923,6.300418006279124,0.17759947755732639,0.0016650153293549525,0.0009319138071415227,0.009366377094456702,1.2603549269019305
679,72.319527,673.0131379310345,7.82407652115361,0.17785759459065392,0.002067673499247775,-0.0005200977305449335,0.011631490329685109,1.262213859634937
680,72.426036,676.4217647058823,9.864917146949413,0.17875839447829872,0.0026070077026821843,-0.005587457343140204,0.014665460912563866,1.2640727923679438
681,72.532544,676.2891,7.91276203728007,0.17872333509513744,0.002091110474968305,-0.005390234292037734,0.011763332690942603,1.265931707647658
682,72.639053,682.6533333333333,8.212515028615664,0.18040521494009865,0.0021703263817694656,-0.014851481031175165,0.012208953846434566,1.2677906403806647
683,72.745562,680.0210000000001,7.705028552834807,0.1797095665961945,0.0020362126196709347,-0.010938180895575278,0.011454510300345559,1.2696495731136714
684,72.852071,683.2472758620689,8.813810283123686,0.18056217649631842,0.0023292310473371353,-0.015734452556402358,0.013102856138824767,1.2715085058466777
685,72.95858,682.1074722222222,7.262527834167908,0.1802609598895936,0.0019192726834481786,-0.014039988682132572,0.01079667639290138,1.2733674385796845
686,73.065089,685.2673333333333,7.650384864268512,0.1810960183227625,0.0020217718985910413,-0.01873752632221918,0.011373275469190867,1.275226371312691
687,73.171598,690.7844444444445,8.075020875495172,0.18255402865867984,0.002133990717625566,-0.026939417543910032,0.012004551204399366,1.2770853040456978
688,73.278107,695.2672666666666,9.479373950596004,0.18373870683579988,0.0025051199658023154,-0.03360370606236986,0.014092301646043926,1.2789442367787045
689,73.384615,694.0287333333333,7.9320483345068284,0.18341139887244537,0.0020962072765609973,-0.03176246787269848,0.011792004238195727,1.2808031520584184
690,73.491124,692.2985,7.314405671179358,0.18295414904862578,0.0019329824712419007,-0.029190254752037688,0.010873799432009217,1.2826620847914252
691,73.597633,693.9025405405406,8.415054705686691,0.18337804982572425,0.0022238516664076975,-0.031574866148063395,0.012510054978160474,1.284521017524432
692,73.704142,687.0511944444445,7.3100560240942585,0.18156744039229503,0.0019318329873399204,-0.021389463992727915,0.010867333125363178,1.2863799502574385
693,73.810651,689.016282051282,8.23539231145769,0.18208675529896462,0.0021763721753323747,-0.02431081802526052,0.012242963853037562,1.288238882990445
694,73.91716,685.536870967742,8.96383418983169,0.18116724919866328,0.002368877957143686,-0.01913822848555227,0.013325885861933695,1.2900978157234515
695,74.023669,689.4886470588235,9.08637404263364,0.18221158748911825,0.0024012616391738,-0.025013049017307394,0.013508057024116666,1.2919567484564582
696,74.130178,685.6346333333333,6.739306587083893,0.18119308491895703,0.0017810006836902494,-0.019283564744331076,0.010018841097031078,1.293815681189465
697,74.236686,687.9505666666666,10.732123415831724,0.18180511804087385,0.002836184835050665,-0.022726495817158836,0.015954673933816367,1.2956745964691794
698,74.343195,688.0288999999999,10.27361630367675,0.18182581923890062,0.0027150148794071673,-0.022842948334806816,0.015273044475476606,1.2975335292021857
699,74.449704,690.0540285714286,11.959145010472627,0.18236100120809423,0.003160450584162961,-0.025853560939534705,0.017778798451744304,1.2993924619351924
700,74.556213,690.8431428571428,10.4337318577291,0.1825695409241921,0.0027573287150446982,-0.027026680241024954,0.015511076722931935,1.301251394668199
701,74.662722,688.1539444444445,11.912935022653691,0.18185886481089972,0.003148238642350335,-0.023028842892765716,0.017710101395293224,1.3031103274012057
702,74.769231,682.2451666666667,10.704144105916658,0.1802973484848485,0.0028287907256650817,-0.014244689082835047,0.015913079111497235,1.3049692601342124
703,74.87574,683.1721714285713,6.586549638939844,0.18054232860163094,0.0017406315113477472,-0.01562280021128774,0.009791748358312851,1.306828192867219
704,74.982249,682.8371142857143,7.629318201638262,0.18045378284506192,0.002016204598741615,-0.015124694919692252,0.011341957181083646,1.3086871256002257
705,75.088757,682.5946285714285,9.957268202868985,0.18038970099667773,0.0026314133728512082,-0.014764208895153045,0.014802752567490892,1.3105460408799396
706,75.195266,676.4304516129033,9.202228863482663,0.17876069017254312,0.0024318786637110555,-0.005600371541350683,0.01368029003138719,1.3124049736129464
707,75.301775,677.78636,13.675946267930929,0.17911901691331925,0.0036141507050557447,-0.007616102758934631,0.020331043073857573,1.3142639063459531
708,75.408284,675.1456111111111,9.065948927648451,0.17842114458538877,0.0023958638815138604,-0.003690291823779181,0.01347769247862804,1.3161228390789594
709,75.514793,667.5791944444444,6.592992296238014,0.17642156301385953,0.0017423341163419694,0.00755815418141471,0.00980132619230495,1.3179817718119662
710,75.621302,666.9761142857143,7.7016440520320995,0.17626218665055873,0.0020353181955687343,0.008454709962193344,0.011449478807075926,1.319840704544973
711,75.727811,666.4716857142857,7.79943457517511,0.17612888100271823,0.0020611613570758786,0.009204607542403015,0.011594856925656098,1.3216996372779795
712,75.83432,664.9422222222222,7.655452384173606,0.17572468874794456,0.0020231110951833,0.011478350618591648,0.011380808985588905,1.3235585700109862
713,75.940828,664.47525,8.21636744683616,0.17560128171247358,0.0021713444626945363,0.012172564545605795,0.012214680958785301,1.3254174852907001
714,76.047337,664.7972222222223,8.239358826498254,0.17568636950904393,0.0021774204086940346,0.011693911661897441,0.01224886058490261,1.3272764180237069
715,76.153846,665.0179032258064,7.454506978353596,0.17574468901316237,0.0019700071295860526,0.011365841128308539,0.011082077941960863,1.3291353507567136
716,76.260355,672.0688709677419,12.644227214403523,0.17760805258132714,0.0033414976782250305,0.0008836758678450598,0.018797260759534508,1.3309942834897204
717,76.366864,669.5535333333333,11.185099721268138,0.17694332276250882,0.0029558931610116665,0.004623046935013899,0.01662808114066246,1.332853216222727
718,76.473373,670.2343793103448,9.916232004769473,0.17712325034628562,0.0026205687116198396,0.0036108823202886573,0.014741747011107162,1.3347121489557334
719,76.579882,671.9981153846154,8.606364804384823,0.1775893539599935,0.0022744093034843646,0.000988863090731068,0.012794461905541907,1.3365710816887402
720,76.686391,668.1327931034482,6.878197206594749,0.17656786287089013,0.0018177053928633054,0.00673515897791429,0.010225319764942448,1.338430014421747
721,76.792899,666.905175,8.434393066752772,0.1762434394820296,0.0022289622269431224,0.008560170282468806,0.012538803924968926,1.340288929701461
722,76.899408,665.993,8.458895595150356,0.17600237843551797,0.0022354375251454517,0.009916235073347952,0.012575230066934614,1.3421478624344676
723,77.005917,665.5180666666668,7.935457503415022,0.17587686751233264,0.0020971082197185566,0.010622284210134395,0.011797072403758886,1.3440067951674743
724,77.112426,665.4372,5.61122898684923,0.17585549682875265,0.0014828829246430286,0.010742502851757398,0.008341809480227646,1.3458657279004809
725,77.218935,667.3230666666666,6.5600771823275945,0.17635387596899224,0.0017336356190083553,0.007938920877948348,0.009752393666132142,1.3477246606334874
726,77.325444,669.6494137931033,6.384709337366905,0.17696866115039733,0.0016872910511011895,0.004480508369905687,0.009491686937704419,1.3495835933664941
727,77.431953,671.0531379310345,8.14336118619742,0.1773396241889626,0.0021520510534348406,0.0023936929237956418,0.012106147815949908,1.3514425260995007
728,77.538462,671.63125,6.968619570113084,0.17749240221987314,0.0018416013663089576,0.0015342554014929903,0.01035974417196442,1.3533014588325074
729,77.64497,673.4453225806452,8.588065084317487,0.17797180829298234,0.002269573225242464,-0.0011625954820678925,0.012767257031404506,1.3551603741122216
730,77.751479,671.0869655172414,11.895479514993319,0.17734856382590947,0.003143625664638824,0.0023434038908626996,0.017684151550860814,1.357019306845228
731,77.857988,668.4323870967742,9.75739504060867,0.17664703675918977,0.0025785927697168764,0.006289774193297125,0.014505615551038032,1.3588782395782348
732,77.964497,665.9418709677419,6.956603830135962,0.17598886653481552,0.0018384259593382545,0.009992244918429077,0.010341881237857111,1.3607371723112414
733,78.071006,664.7999285714286,9.487945576043764,0.17568708471760797,0.0025073851945147363,0.01168988832770109,0.014105044463453174,1.362596105044248
734,78.177515,667.3578214285715,8.750288152095868,0.17636306063122922,0.002312444014824485,0.00788725347976878,0.013008422367532597,1.3644550377772549
735,78.284024,668.9531428571429,9.336785245445908,0.17678465720326186,0.0024674379612700565,0.005515604158727619,0.01388032530090063,1.3663139705102614
736,78.390533,666.5966896551724,7.089759703279499,0.17616191587081723,0.0018736151435728152,0.009018773198162511,0.010539834471906264,1.3681729032432681
737,78.497041,660.8455172413793,8.305929020975194,0.17464205001093533,0.002195012954803165,0.01756862647918884,0.012347825692313057,1.370031818522982
738,78.60355,664.0384375,7.523353747423501,0.1754858450052854,0.001988201307458634,0.012821942188564528,0.011184427468643182,1.3718907512559888
739,78.710059,666.3912564102563,9.400317969756333,0.17610762590123055,0.0024842277932759825,0.009324175988533483,0.013974774820462076,1.3737496839889956
740,78.816568,669.000475,8.660093222058515,0.1767971656976744,0.0022886081453643,0.005445238875305654,0.012874336069465411,1.3756086167220023
741,78.923077,669.42025,8.701017691115858,0.17690809989429176,0.0022994232798931994,0.004821189654935351,0.012935175526339457,1.3774675494550088
742,79.029586,669.4670666666666,11.693307608328304,0.1769204721634954,0.0030901975709112833,0.004751590692792096,0.01738359715687573,1.3793264821880153
743,79.136095,667.597275862069,7.37965540182966,0.17642634140118102,0.0019502260575659743,0.007531273841776162,0.01097080150107405,1.3811854149210219
744,79.242604,669.9753870967742,14.629512105506503,0.17705480631521517,0.003866150133590506,0.003995907366946373,0.021748640638054605,1.3830443476540286
745,79.349112,668.9635744680851,11.122367230719654,0.17678741397148126,0.0029393148072726326,0.005500096235016771,0.016534821270925867,1.3849032629337428
746,79.455621,667.0894074074074,7.3671176143061485,0.1762921266932895,0.0019469126887701263,0.008286285248320665,0.010952162476527078,1.3867621956667493
747,79.56213,668.7894,8.582706998801278,0.17674138477801268,0.002268157240698016,0.005759028856104075,0.012759291552066634,1.388621128399756
748,79.668639,666.4486451612903,6.396198186153954,0.1761227920616518,0.0016903272162140433,0.009238860270968733,0.009508766580676268,1.3904800611327628
749,79.775148,672.7621777777778,8.505626478153061,0.17779127319708718,0.002247787124247639,-0.00014701336872285545,0.012644701500690862,1.3923389938657693
750,79.881657,674.4918,6.61297178927252,0.17824836152219875,0.0017476141092157796,-0.002718317994565142,0.009831028263775559,1.394197926598776
751,79.988166,670.1579787234042,9.052501387412356,0.17710305991633304,0.0023923100918108765,0.0037244615632547676,0.013457700990330166,1.3960568593317828
752,80.094675,673.5418064516128,7.843317246417933,0.17799730614471798,0.0020727582575100173,-0.0013060310950885083,0.011660094128388155,1.397915792064789
753,80.201183,674.2905777777778,9.477498681060068,0.17819518440216114,0.002504624387172318,-0.002419175427954539,0.014089513818060121,1.3997747073445035
754,80.307692,673.61790625,6.063784203110727,0.17801741708509514,0.0016024799691095994,-0.0014191631774035911,0.009014590684164284,1.40163364007751
755,80.414201,673.8570666666667,8.86328041415819,0.17808062015503875,0.0023423045491961416,-0.001774705721776803,0.013176399815088736,1.4034925728105168
756,80.52071,679.9501333333334,9.404531008073633,0.1796908386187456,0.0024853411754951434,-0.010832828532800988,0.013981038040704594,1.4053515055435233
757,80.627219,680.8994,7.675665533477745,0.1799417019027484,0.0020284528365427405,-0.01224403482964301,0.01141085841698543,1.4072104382765298
758,80.733728,677.3006808510638,8.205476795373189,0.1789906661868562,0.0021684663835552865,-0.006894078593027363,0.012198490612636125,1.4090693710095366
759,80.840237,673.6360303030303,8.66148606073478,0.17802220673970146,0.0022889762316952483,-0.0014461069000252496,0.012876406702280699,1.4109283037425433
760,80.946746,673.7554242424243,6.485321117870265,0.17805375904926646,0.0017138797880206895,-0.0016236012596124708,0.009641259216146891,1.4127872364755498
761,81.053254,671.4659148936171,8.039308503222786,0.17744870900994109,0.002124552987109626,0.0017800471809894926,0.011951460195944558,1.414646151755264
762,81.159763,673.3388888888888,8.965902556154887,0.1779436809960066,0.0023694245655800396,-0.001004368188013632,0.01332896075298586,1.4165050844882705
763,81.266272,668.865152173913,8.955411109038149,0.17676140385145692,0.002366651984418116,0.005646413562025609,0.013313363875149524,1.4183640172212773
764,81.372781,672.9115111111112,7.076153017585402,0.17783073760864457,0.0018700192964020694,-0.000369016466196421,0.010519606393532723,1.420222949954284
765,81.47929,671.7559545454545,8.536134447172879,0.17752535796655777,0.002255849483925183,0.0013488661468505248,0.012690055498146417,1.4220818826872907
766,81.585799,671.0038000000001,6.926973872375401,0.17732658562367865,0.0018305956322345117,0.002467040067853208,0.010297832516422812,1.423940815420297
767,81.692308,669.7913333333333,8.38796885567712,0.17700616631430585,0.002216693672219119,0.004269526823992366,0.01246978839825091,1.4257997481533038
768,81.798817,665.3993666666667,7.300685544018703,0.17584549859055673,0.001929356644825238,0.010798746940068205,0.010853402708388261,1.4276586808863103
769,81.905325,665.6735172413793,8.79818303734472,0.17591794853101989,0.002325101225513932,0.010391187051047879,0.013079624239486123,1.4295175961660245
770,82.011834,664.5269642857144,9.654616103698192,0.17561494827846572,0.002551431317044968,0.012095684646416928,0.014352821517449857,1.431376528899031
771,82.118343,665.2770227272727,8.64861486285423,0.17581316668268307,0.0022855747523399185,0.010980626851915783,0.012857272020599799,1.433235461632038
772,82.224852,664.3229736842105,8.376724737247423,0.1755610395571381,0.002213722182147843,0.012398942762863331,0.012453072578252568,1.4350943943650445
773,82.331361,663.0964193548388,10.511575494898297,0.17523689729250494,0.0027779005007659272,0.014222372631212624,0.01562680124460711,1.436953327098051
774,82.43787,664.6001612903226,10.207367362504304,0.17563429209575124,0.0026975072311057943,0.011986867938277442,0.015174556952186719,1.4388122598310578
775,82.544379,662.762129032258,6.416685150147929,0.17514855418400058,0.0016957413187494508,0.014719337946402367,0.009539223072625993,1.4406711925640643
776,82.650888,662.9980666666667,9.255359896999606,0.17521090556730093,0.0024459196345136378,0.014368586480000856,0.013759276107365269,1.4425301252970708
777,82.757396,663.2915925925926,8.79289219618831,0.1752884758437084,0.0023237030116776704,0.013932222653587767,0.01307175872748855,1.444389040576785
778,82.863905,663.9832666666666,6.792574728604618,0.17547126497533475,0.0017950778881090474,0.012903960687829263,0.010098031001590848,1.446247973309792
779,82.970414,668.7322962962963,10.08117769682618,0.17672629394722417,0.0026641590107891627,0.005843920814359221,0.014986959876407522,1.4481069060427985
780,83.076923,668.3484516129032,8.971855125293061,0.17662485507740572,0.0023709976546757486,0.006414555024149545,0.013337810008253254,1.449965838775805
781,83.183432,670.540652173913,7.298388524553626,0.1772041892637191,0.0019287496100828848,0.003155568540929888,0.010849987895199375,1.4518247715088117
782,83.289941,669.6211999999999,11.129205530623333,0.1769612050739958,0.0029411219689807993,0.004522451781471174,0.016544987278247787,1.4536837042418183
783,83.39645,667.4074666666668,6.590921785376659,0.17637618040873856,0.0017417869411671912,0.007813449484465463,0.009798248113122533,1.4555426369748252
784,83.502959,666.0333636363637,10.442551072850485,0.17601304535844706,0.0027596593744319453,0.009856229365995107,0.01552418761405398,1.4574015697078317
785,83.609467,672.4359090909091,9.554658878110493,0.17770504997117048,0.002525015559754363,0.00033802675913525634,0.014204222318597217,1.459260484987546
786,83.715976,665.9723103448276,6.721618630016801,0.17599691076766058,0.0017763262764315005,0.00994699289165554,0.009992545686828789,1.4611194177205524
787,83.822485,665.92921875,6.716954584191313,0.17598552292547567,0.0017750937061816311,0.01001105405812967,0.009985611986248304,1.4629783504535592
788,83.928994,665.2779655172415,10.018889593030737,0.1758134158343661,0.0026476980954098133,0.010979225274058826,0.014894360644409677,1.4648372831865657
789,84.035503,663.2638965517241,7.202544026467454,0.17528115659400742,0.0019034207258106371,0.013973396360243282,0.010707502791733334,1.4666962159195727
790,84.142012,664.9152068965518,8.943170049098564,0.17571754939126633,0.0023634170320027867,0.011518512355052189,0.013295165974102992,1.4685551486525787
791,84.248521,667.6589743589744,8.79277914118403,0.17644264650078603,0.0023236731345623774,0.0074395511358221695,0.013071590656766696,1.4704140813855857
792,84.35503,667.534275862069,7.019834333090744,0.17640969235255524,0.0018551359231212372,0.0076249313985228065,0.010435881466723921,1.4722730141185922
793,84.461538,666.8547500000001,12.262109333453008,0.17623011363636362,0.0032405151515467784,0.008635133493563275,0.01822919366240697,1.4741319293983064
794,84.568047,669.15390625,10.168645284717702,0.17683771306818183,0.0026872741238683135,0.005217143700645548,0.01511699163158914,1.4759908621313131
795,84.674556,668.2791379310345,8.73175683813375,0.1766065375082015,0.0023075467331220285,0.0065175986764184676,0.012980873199453312,1.4778497948643197
796,84.781065,667.5859333333334,6.437236282825068,0.17642334390415784,0.0017011723791821069,0.007548135961279459,0.009569774959529454,1.4797087275973262
797,84.887574,670.6528928571428,8.304395459698329,0.1772338511778919,0.00219460767962429,0.002988708411423837,0.01234554585735573,1.4815676603303332
798,84.994083,673.095448275862,6.8393313665790245,0.17787934679594664,0.0018074342934934037,-0.0006424625843786738,0.01016754072340628,1.4834265930633397
799,85.100592,669.9028709677419,5.429312048144701,0.1770356424333356,0.0014348076237168791,0.0041037118664683575,0.008071366686419711,1.4852855257963464
800,85.207101,671.6693750000001,7.970559375480778,0.17750247753699788,0.0021063846129706076,0.001477577713382386,0.011849255825582904,1.4871444585293527
801,85.313609,670.0354545454545,8.099267856922749,0.17707068037670576,0.002140398482273451,0.003906609422765305,0.012040597443113487,1.489003373809067
802,85.420118,666.999,7.487786272274292,0.17626823467230443,0.0019788018689942655,0.008420687421171092,0.011131551868292048,1.4908623065420736
803,85.526627,672.8009677419356,11.103868702645562,0.17780152424469756,0.0029344261899168973,-0.00020467961109272946,0.016507320843261904,1.4927212392750806
804,85.633136,670.2514827586208,9.785737415168088,0.17712777028504775,0.0025860828264186305,0.0035854558571543614,0.014547750115381433,1.4945801720080867
805,85.739645,665.2414516129032,5.241826258335995,0.1758037662824797,0.0013852606390951274,0.011033507862433314,0.00779264508327367,1.4964391047410937
806,85.846154,667.0959,8.730655627117054,0.1762938424947146,0.0023072557154114786,0.008276633179127408,0.01297923610844874,1.4982980374741002
807,85.952663,668.0566451612904,10.948238002979846,0.17654773920752917,0.0028932975694978525,0.006848362632101571,0.016275955905397432,1.500156970207107
808,86.059172,671.4204193548387,7.496737249293616,0.17743668587601447,0.001981167349179075,0.0018476821175744138,0.011144858640325788,1.5020159029401134
809,86.16568,671.2734193548387,11.624268228650465,0.1773978380958876,0.0030719524917152347,0.002066216416649946,0.0172809612898927,1.5038748182198276
810,86.272189,673.49375,7.821258436324535,0.17798460623678647,0.0020669287622422173,-0.001234589034072982,0.011627300886196295,1.5057337509528341
811,86.378698,678.1535806451612,11.217111448657924,0.17921606253836184,0.0029643529198356017,-0.008162023209930517,0.016675670667242903,1.5075926836858409
812,86.485207,678.8691212121212,10.541675642887528,0.1794051588826959,0.0027858550853296846,-0.009225765769527104,0.015671548963946576,1.5094516164188474
813,86.591716,681.7111818181819,7.382547478913278,0.18015623198154912,0.0019509903485500236,-0.013450852316980625,0.010975100943511767,1.5113105491518544
814,86.698225,683.0972258064515,7.598735937464282,0.1805225226761236,0.0020081226050381413,-0.015511383959595688,0.011296492734380286,1.5131694818848607
815,86.804734,682.7565517241379,12.791113518449938,0.1804324925275206,0.003380315411852507,-0.015004928369176445,0.019015626035035003,1.5150284146178674
816,86.911243,686.5616451612904,9.152898577494032,0.1814380669030894,0.0024188421187880706,-0.020661686377374016,0.013606954252667974,1.516887347350874
817,87.017751,691.4417741935483,7.007318648906391,0.18272774159448954,0.0018518283955883715,-0.027916622278481,0.010417275301617276,1.5187462626305883
818,87.12426,692.0104827586207,8.258786765018758,0.18287803455566085,0.002182554641918293,-0.028762080289680532,0.012277742700052713,1.5206051953635948
819,87.230769,689.7119677419355,7.43384710848006,0.18227060458296393,0.001964547333107851,-0.025345043772089314,0.01105136440330917,1.5224641280966014
820,87.337278,692.8783548387097,9.314162483545804,0.18310738764236514,0.0024614594301125255,-0.0300522831244389,0.01384669367222719,1.524323060829608
821,87.443787,690.3635151515151,9.07482522256356,0.18244278941636236,0.002398209625413197,-0.026313652319483717,0.013490888226163136,1.5261819935626149
822,87.550296,685.7035142857143,8.622164623025615,0.18121128813047419,0.0022785847312435533,-0.01938596508887681,0.012817950356509133,1.5280409262956214
823,87.656805,687.0914375,9.062041278045537,0.18157807544926005,0.0023948312045574778,-0.021449290441289105,0.013471883257763967,1.5298998590286281
824,87.763314,686.9653030303031,9.810784450302798,0.1815447418156192,0.0025927020217502055,-0.02126177542139457,0.01458498573624594,1.5317587917616344
825,87.869822,686.188303030303,9.394585762837156,0.18133940354923442,0.0024827129394389942,-0.02010666555485242,0.013966253161814221,1.5336177070413488
826,87.976331,682.1416969696969,8.685431550464436,0.1802700044845922,0.0022953043209472572,-0.014090868146081096,0.012912004735029578,1.5354766397743553
827,88.08284,684.3741666666666,11.345467261644952,0.18085998062015504,0.002998273589229637,-0.017409719849718217,0.01686648799801426,1.5373355725073623
828,88.189349,686.696625,7.305886489894686,0.1814737381078224,0.001930731101980627,-0.02086235116949479,0.010861134579555209,1.5391945052403688
829,88.295858,688.3743333333333,14.795801644103863,0.18191710711768852,0.003910095571909057,-0.023356479160502947,0.021995851303095237,1.5410534379733754
830,88.402367,685.73259375,6.9695386845040375,0.1812189729783298,0.0018418442612325688,-0.019429195431360985,0.010361110553047418,1.5429123707063819
831,88.508876,682.7261599999999,8.260106257791138,0.18042446088794925,0.0021829033450822227,-0.014959747184603786,0.012279704294801956,1.5447713034393886
832,88.615385,684.32,9.23550551191466,0.18084566596194504,0.0024406727039943564,-0.01732919417262124,0.013729760024861086,1.5466302361723951
833,88.721893,681.0127575757575,10.20054005932498,0.17997165897879427,0.0026957029755087162,-0.01241255536272522,0.015164407292901907,1.5484891514521093
834,88.828402,684.940909090909,12.915367523718674,0.1810097539880838,0.0034131520940059927,-0.0182522549411345,0.01920034550407407,1.5503480841851158
835,88.934911,680.6501875,9.463670086816046,0.17987584236257928,0.002500969896093037,-0.011873548577885418,0.01406895584424847,1.5522070169181228
836,89.04142,675.3519583333333,9.215072560893741,0.1784756760923185,0.0024352728755004534,-0.003997053358299717,0.013699383830103246,1.5540659496511293
837,89.147929,668.78353125,8.468411657388417,0.176739833839852,0.0022379523407474655,0.005767753503503397,0.012589376910411785,1.555924882384136
838,89.254438,668.5477916666667,9.035510697431901,0.17667753479563073,0.0023878199517526114,0.006118210541653822,0.013432442156822046,1.5577838151171424
839,89.360947,663.8339705882353,7.559941255524896,0.1754318104091531,0.0019978703106566897,0.013125908401126712,0.01123881947842457,1.5596427478501491
840,89.467456,664.0966470588236,9.079240176065845,0.17550122808108445,0.0023993763678820967,0.01273540623525165,0.013497451619150034,1.5615016805831556
841,89.573964,662.34084375,10.194050608737832,0.1750372208641649,0.0026939880044233168,0.015345632394491568,0.015154759894701551,1.5633605958628702
842,89.680473,662.3894516129033,10.39984193417926,0.1750500664938962,0.0027483726041700033,0.01527337059007583,0.015460695017566712,1.5652195285958768
843,89.786982,663.1994333333333,10.293554034822762,0.1752641208597604,0.0027202838358411164,0.014069229178251324,0.015302684462559316,1.5670784613288833
844,89.893491,661.23915625,6.11720461727717,0.1747460772330867,0.0016165974147138386,0.01698343175240166,0.009094006961485303,1.5689373940618898
845,90.0,664.4251333333334,8.884858688389123,0.17558803735024667,0.0023480070529569553,0.012247069379769082,0.013208478679267775,1.5707963267948966
846,90.106509,664.55109375,6.200266489378851,0.17562132498678648,0.0016385482265800454,0.012059813111962856,0.009217489056720991,1.572655259527903
847,90.213018,666.8326756756757,7.449066630771217,0.1762242800411405,0.0019685694055949364,0.008667949799643412,0.01107399016954154,1.57451419226091
848,90.319527,667.8191764705882,8.063423297794307,0.1764849832110434,0.0021309258186559877,0.007201390209482292,0.011987309921992356,1.5763731249939166
849,90.426036,667.6383611111111,9.032740612912505,0.17643719902513508,0.0023870878998183123,0.007470195364893347,0.013428324071932101,1.578232057726923
850,90.532544,661.324625,7.464916770020505,0.17476866411205075,0.0019727581316121797,0.01685637152536689,0.011097553428528518,1.5800909730066373
851,90.639053,664.1514375,7.3579258250937185,0.17551570758456658,0.0019444835689993844,0.012653953237574499,0.010938497706371996,1.581949905739644
852,90.745562,664.932303030303,6.660279951346137,0.17572206739701454,0.0017601162662119836,0.011493096765894072,0.009901357896696026,1.5838088384726505
853,90.852071,663.6557916666667,7.368680891797704,0.17538472295630725,0.0019473258170712806,0.013390794154426284,0.010954486488437814,1.585667771205657
854,90.95858,663.0059666666667,11.390011097095309,0.17521299330514448,0.0030100452159342733,0.014356842119710401,0.0169327081058937,1.5875267039386636
855,91.065089,665.7496875,8.78851023537309,0.17593807809196618,0.00232254498820643,0.010277950220584803,0.013065244382350322,1.5893856366716705
856,91.171598,668.0710333333334,9.483789917841246,0.17655154157857647,0.0025062869761736887,0.006826972774330143,0.014098866546089344,1.591244569404677
857,91.278107,674.1614000000001,7.683437835463251,0.17816104651162792,0.0020305068275537196,-0.0022271361414048746,0.011422412937846748,1.5931035021376838
858,91.384615,669.6611333333333,7.933426847988277,0.17697175828047923,0.002096571577163917,0.00446308577460211,0.011794053574776909,1.5949624174173977
859,91.491124,670.10265625,7.98799994188614,0.17708843981236785,0.0021109936421474895,0.003806705494877372,0.01187518345792893,1.5968213501504045
860,91.597633,674.31715625,8.158375178639645,0.17820220831131078,0.002156018810422744,-0.002458687725897279,0.012128468035777705,1.598680282883411
861,91.704142,668.6895999999999,10.899037561432548,0.1767150105708245,0.0028802953386449616,0.0059073943190138855,0.01620281315704538,1.600539215616418
862,91.810651,669.1345333333334,11.083436080968733,0.17683259337561663,0.0029290264484589665,0.005245944018773407,0.0164769451381162,1.6023981483494245
863,91.91716,670.7626129032258,9.55607104995707,0.17726284696174044,0.002525388755274072,0.002825595531387987,0.014206321692642567,1.604257081082431
864,92.023669,666.1824827586207,4.969889109288136,0.176052453160312,0.0013133956419894698,0.00963454472068078,0.007388375734567724,1.6061160138154378
865,92.130178,668.4529333333334,12.002840583143968,0.17665246652572233,0.0031719980399429045,0.006259229585099206,0.01784375750852274,1.6079749465484443
866,92.236686,669.571,6.332371455465946,0.17694793868921777,0.0016734596869624567,0.004597080501291521,0.009413879983035526,1.6098338618281585
867,92.343195,667.067724137931,7.421003738889417,0.17628639644237076,0.001961153207951753,0.008318520201359331,0.011032271091940016,1.611692794561165
868,92.449704,669.3507333333333,9.537190492762416,0.17688972868217054,0.0025203991788484183,0.004924535070065073,0.01417825332983514,1.6135517272941717
869,92.556213,669.6507333333334,13.29155372228473,0.1769690098661029,0.0035125670513437477,0.004478546704604721,0.019759594396764724,1.6154106600271783
870,92.662722,666.7146,9.82654903678875,0.1761930761099366,0.0025968681386862387,0.00884348439162743,0.014608421810109351,1.6172695927601848
871,92.769231,670.5650333333334,9.802342220043661,0.17721063248766736,0.0025904709883836302,0.003119322829470272,0.014572435281332246,1.6191285254931918
872,92.87574,670.89484375,10.183406759668523,0.17729779168868923,0.0026911751479039544,0.0026290174673337997,0.015138936451872849,1.6209874582261983
873,92.982249,669.683625,9.209248740856529,0.17697770216701902,0.002433733811008595,0.004429649035758315,0.013690725976839506,1.6228463909592048
874,93.088757,668.58,13.246858585608026,0.1766860465116279,0.003500755440171248,0.006070328735195371,0.019693149360263142,1.624705306238919
875,93.195266,668.1350645161291,7.058213890853145,0.1765684631385119,0.0018652785123819144,0.006731782232485042,0.010492937587502403,1.6265642389719257
876,93.301775,667.9917272727272,8.786841565918074,0.17653058331731694,0.00232210400790647,0.0069448713754661304,0.013062763691807821,1.6284231717049322
877,93.408284,665.5953636363637,7.646776554610156,0.17589729482990582,0.0020208183283853655,0.010507372379567118,0.011367911255435608,1.6302821044379388
878,93.514793,670.5135666666666,7.387258203911943,0.17719703136011275,0.0019522352547336047,0.003195834611278132,0.01098210403865273,1.6321410371709457
879,93.621302,672.4254848484849,8.242703959871166,0.17770229515023384,0.002178304429141427,0.0003535237286017664,0.01225383355345334,1.6339999699039522
880,93.727811,668.9749375,7.426356515327156,0.17679041688689218,0.001962567789462775,0.00548320363491544,0.01104022867865378,1.635858902636959
881,93.83432,671.1355000000001,10.92840132153119,0.17736139006342497,0.002888055317529382,0.0022712511754160963,0.016246466141612594,1.6377178353699655
882,93.940828,669.54384375,7.166610910503004,0.17694076209038054,0.0018939246592238259,0.0046374517397899835,0.010654083619550354,1.6395767506496797
883,94.047337,668.9180333333334,9.94534952657507,0.1767753787878788,0.002628263616959585,0.005567798955847261,0.014785033930961654,1.6414356833826862
884,94.153846,669.2318181818182,9.51255346717741,0.17685830290217183,0.00251388833699192,0.005101317650240711,0.014141627240600285,1.6432946161156932
885,94.260355,672.8395294117647,6.528944996299611,0.17781171496082576,0.0017254082971193494,-0.00026200646474789936,0.009706111690266046,1.6451535488486997
886,94.366864,676.1882352941177,9.940563700876147,0.17869667951747295,0.0026269988638679006,-0.005240286007674078,0.01477791918902551,1.6470124815817064
887,94.473373,675.6578484848485,11.143234615455043,0.1785565138702031,0.0029448294438306224,-0.004451798187248521,0.01656584330695781,1.6488714143147127
888,94.579882,676.8468529411765,9.012354957879174,0.17887073280686483,0.0023817005702640504,-0.006219405367257604,0.013398018188708257,1.6507303470477195
889,94.686391,672.667294117647,7.261927350613479,0.1777661982340505,0.0019191139932910896,-5.956673754212426e-06,0.010795783697304964,1.652589279780726
890,94.792899,674.4134285714287,8.314232762472558,0.17822765025672002,0.0021972073896597555,-0.002601808843473934,0.012360170265971731,1.6544481950604402
891,94.899408,671.0300000000001,7.000272270215126,0.17733350951374208,0.0018499662447714342,0.00242809041726968,0.010406799958567461,1.6563071277934467
892,95.005917,665.3530882352942,7.349651471298107,0.17583326856112422,0.001942296900448766,0.010867545746614568,0.010926196821290233,1.6581660605264537
893,95.112426,667.5877272727273,6.771358736771042,0.17642381798962137,0.001789471124939496,0.007545469040952674,0.010066490716525926,1.6600249932594602
894,95.218935,668.6016470588235,6.379921168607597,0.17669176719313517,0.0016860256788075005,0.006038147613922965,0.009484568712509347,1.661883925992467
895,95.325444,671.8526470588235,9.415995399725247,0.17755091095634873,0.0024883708773058223,0.0012051203602182162,0.01399808132501694,1.6637428587254735
896,95.431953,670.6101764705882,6.1764496196773075,0.17722256249222731,0.0016322541278217062,0.003052211782816738,0.009182082234092394,1.66560179145848
897,95.538462,667.237294117647,5.9960614027533365,0.17633120880487502,0.0015845828231377673,0.008066432741077056,0.008913912080711638,1.6674607241914865
898,95.64497,664.58696875,8.833206152608213,0.17563080569503173,0.0023343568056575664,0.01200648033659323,0.013131690579251768,1.669319639471201
899,95.751479,663.293875,9.481490092330844,0.17528907901691332,0.002505679199876009,0.013928829563091298,0.014095447561355251,1.6711785722042076
900,95.857988,666.3833125,11.202636426120122,0.17610552655919662,0.0029605275967547933,0.00933598562703555,0.016654151695104088,1.6730375049372144
901,95.964497,665.0016875,9.093071059649393,0.17574040367336152,0.002403031463966544,0.01138994787846578,0.013518012996357708,1.6748964376702207
902,96.071006,664.6235882352942,7.854473884822162,0.17564048314886208,0.0020757066291813312,0.011952040788625497,0.011676679898141248,1.6767553704032274
903,96.177515,661.4870588235294,7.19002975889695,0.17481159059818432,0.0019001135726471848,0.01661489287386241,0.010688898732604337,1.678614303136234
904,96.284024,663.0895294117647,6.513163076778126,0.1752350764830245,0.0017212375995713917,0.014232615412711565,0.009682649848628667,1.680473235869241
905,96.390533,661.9213529411765,4.505667693877018,0.17492636177092402,0.0011907155639209915,0.015969259128334298,0.0066982512336648484,1.6823321686022474
906,96.497041,660.2408235294118,11.261447732392671,0.17448224723293124,0.002976069696721105,0.01846758101320392,0.01674158222295435,1.6841910838819616
907,96.60355,661.1468333333333,6.103787476544659,0.17472167899929528,0.0016130516587063114,0.017120681574730658,0.009074060665937191,1.6860500166149681
908,96.710059,661.7181666666667,6.2752061625378746,0.1748726656095842,0.0016583525799518538,0.016271321509842937,0.009328896464521976,1.6879089493479749
909,96.816568,663.2182666666666,11.353916564445116,0.17526909795630727,0.0030005064916609654,0.014041231019752982,0.01687904896716464,1.6897678820809814
910,96.923077,664.6780666666667,8.79780385312693,0.17565488019732206,0.0023250010182682196,0.01187105163342322,0.013079060533654438,1.6916268148139884
911,97.029586,666.9183529411765,12.733877561161288,0.1762469220246238,0.003365189630328033,0.008540579587650718,0.018930537464912644,1.6934857475469944
912,97.136095,670.6766470588236,6.014591122233267,0.17724012871533393,0.0015894796834654593,0.002953394752822595,0.00894145887838929,1.6953446802800014
913,97.242604,665.5435882352941,8.959760481304915,0.17588361211292125,0.0023678013956936876,0.0105843431345473,0.013319829773242949,1.697203613013008
914,97.349112,666.090705882353,8.369820269610832,0.17602819922895163,0.0022118975342523294,0.00977098278412648,0.012442808204133814,1.6990625282927223
915,97.455621,663.0384117647059,6.528187363836357,0.17522156759109564,0.0017252080771237744,0.014308608332238033,0.009704985372719691,1.7009214610257286
916,97.56213,668.6607058823529,10.710272748421856,0.17670737470463874,0.002830410345777462,0.005950349120016599,0.01592219012234192,1.7027803937587354
917,97.668639,666.045705882353,7.095647184759707,0.17601630705136176,0.0018751710319132398,0.009837881038945501,0.0105485869660463,1.7046393264917419
918,97.775148,669.5744,10.458317228748731,0.17694883720930232,0.0027638259061175297,0.004592025966483003,0.015547626021049494,1.7064982592247486
919,97.881657,664.5344,11.611553272495474,0.17561691331923893,0.003068592302456516,0.012084630506215869,0.017262058881517817,1.7083571919577554
920,97.988166,668.7238,11.35912103113615,0.1767240486257928,0.003001881879264323,0.005856551645351387,0.01688678607247347,1.7102161246907621
921,98.094675,665.0446470588236,5.263917765566553,0.17575175662231066,0.0013910987752554275,0.01132608300039712,0.007825486933941384,1.7120750574237684
922,98.201183,669.6220588235294,6.687680104776489,0.17696143203581643,0.0017673573215582666,0.004521175030464184,0.009942091728835258,1.7139339727034828
923,98.307692,666.9305882352941,8.46421061040855,0.17625015545330183,0.0022368421274864005,0.008522390258235873,0.012583131516825887,1.7157929054364893
924,98.414201,669.2468823529412,9.941397649993425,0.17686228391991046,0.0026272192521124144,0.005078922833386871,0.01477915896103777,1.717651838169496
925,98.52071,665.1058235294119,7.598836467144947,0.17576792376570077,0.002008149172078477,0.011235136353322852,0.011296642184606753,1.7195107709025024
926,98.627219,667.8789411764707,8.936876757784214,0.17650077726650915,0.0023617539000486856,0.007112542331186681,0.013285810191747507,1.7213697036355091
927,98.733728,668.57,5.462279572211594,0.17668340380549682,0.0014435199715146887,0.006085195014044047,0.00812037712699262,1.7232286363685156
928,98.840237,664.607,9.339547339137999,0.1756360993657505,0.0024681679014635217,0.011976701321774511,0.01388443150640389,1.7250875691015226
929,98.946746,667.8991764705883,7.805629717031928,0.17650612486009204,0.0020627985510126693,0.00708245997869289,0.011604066796291146,1.7269465018345291
930,99.053254,672.9752352941176,7.787079455172971,0.17784757803755752,0.0020578962619378894,-0.0004637506135943614,0.011576489459740007,1.7288054171142433
931,99.159763,675.3201176470589,12.4487173630577,0.178467261534635,0.003289830169941253,-0.003949718106210727,0.018506610362757484,1.7306643498472498
932,99.266272,673.7731764705883,11.004810046266645,0.17805845044148738,0.002908247898062014,-0.0016499922170196254,0.016360057482451517,1.7325232825802566
933,99.372781,672.5535294117647,10.33167730282484,0.17773613356547693,0.002730358695249686,0.0001631691103242495,0.015359359575833426,1.734382215313263
934,99.47929,673.1945625,10.326312558822721,0.17790553977272727,0.0027289409510630894,-0.0007898085537691563,0.015351384197804727,1.73624114804627
935,99.585799,667.5938125,8.110888567999172,0.17642542613636364,0.0021434694947143765,0.007536422572403274,0.012057873116241768,1.7381000807792761
936,99.692308,672.6503333333333,7.961939647622321,0.1777617159971811,0.0021041066722046337,1.9257701155806286e-05,0.011836441497788579,1.739959013512283
937,99.798817,670.4194666666666,6.0668703377637865,0.17717216349541928,0.0016032955438064884,0.003335726295244172,0.009019178617995982,1.7418179462452896
938,99.905325,674.4134117647059,7.933993997814326,0.17822764581519712,0.002096721458196152,-0.0026017838581313237,0.011794896715523154,1.743676861525004
939,100.011834,677.7818666666666,9.450857057632907,0.17911782945736435,0.0024975837890150354,-0.007609422844305314,0.014049907637775142,1.7455357942580103
940,100.118343,674.205475,6.0057114994597836,0.17817269423890064,0.0015871330601109346,-0.0022926592654303984,0.008928258183567144,1.747394726991017
941,100.224852,676.8975333333333,10.883942719612678,0.17888412614517266,0.0028763062155424657,-0.006294748251453997,0.016180372744278325,1.7492536597240236
942,100.331361,677.0471111111111,8.85609185259431,0.1789236551562133,0.0023404048236242867,-0.006517114746855022,0.013165713099015786,1.7511125924570305
943,100.43787,680.2768666666667,8.12686610540853,0.17977718463706835,0.0021476918883214986,-0.011318559417050077,0.012081625768885999,1.752971525190037
944,100.544379,679.9875000000001,7.606190532646349,0.1797007135306554,0.00201009263547737,-0.01088837886143221,0.011307574943448303,1.7548304579230438
945,100.650888,680.572675,8.739477175547933,0.17985535808668077,0.0023095869914238655,-0.011758316333959625,0.012992350468333795,1.7566893906560503
946,100.757396,683.4552,8.4139980502579,0.18061712473572938,0.0022235724234296677,-0.01604355837778771,0.012508484124735306,1.7585483059357645
947,100.863905,689.57775,10.364153025496009,0.18223513477801268,0.0027389410743911143,-0.02514551193428405,0.015407638890737606,1.760407238668771
948,100.970414,690.6445,7.192966212442075,0.18251704545454545,0.0019008895910259233,-0.026731372230466625,0.010693264146327163,1.762266171401778
949,101.076923,690.497641025641,7.018193861548178,0.18247823494335122,0.001854702394700893,-0.02651304758404148,0.010433442695984407,1.764125104134784
950,101.183432,692.4542820512821,7.775844963220261,0.1829953176668293,0.0020549273158615928,-0.029421844693435444,0.011559787950730793,1.765984036867791
951,101.289941,690.527925,8.097941480709764,0.1824862381078224,0.002140047960018442,-0.026558068584788146,0.012038625615249474,1.7678429696007976
952,101.39645,688.8178039215686,9.134556079021278,0.18203430336193677,0.0024139947354707416,-0.024015754903092174,0.013579685782960206,1.7697019023338043
953,101.502959,685.2313076923077,8.441998993609095,0.18108649780452105,0.002230972249896704,-0.018683969599700218,0.012550111107923822,1.7715608350668108
954,101.609467,687.641575,9.329506708831296,0.18172346062367864,0.0024655144579363913,-0.02226714018930044,0.013869504825408288,1.773419750346525
955,101.715976,685.6160263157894,11.212402706768458,0.1811881676310226,0.0029631085377295045,-0.019255903033196145,0.016668670520247335,1.7752786830795315
956,101.822485,684.9464210526315,8.121464931201404,0.18101121063758763,0.0021462645167022705,-0.01826044917713146,0.012073596232698615,1.7771376158125385
957,101.928994,679.3544666666668,6.68806946164656,0.1795334214235377,0.0017674602171370575,-0.009947293856048173,0.009942670557615527,1.778996548545545
958,102.035503,686.7116923076924,9.290394510783264,0.18147771995446413,0.0024551782533782426,-0.02088475064926007,0.013811359541151641,1.7808554812785518
959,102.142012,684.232552631579,9.408317707844999,0.18082255619227772,0.002486341888965379,-0.017199192476268194,0.013986667454176338,1.7827144140115583
960,102.248521,683.6769999999999,9.89168827056863,0.18067573995771669,0.002614082523934634,-0.01637329244265134,0.014705259611445469,1.7845733467445648
961,102.35503,681.83425,9.092286698792726,0.18018875528541226,0.00240282418044206,-0.013633808907811518,0.013516846943636389,1.7864322794775718
962,102.461538,681.4415333333333,8.53650014322254,0.1800849718111346,0.0022559461266444267,-0.01304998536029256,0.01269059915209119,1.788291194757286
963,102.568047,681.9752666666667,9.886838137260126,0.18022602184637068,0.0026128007762315345,-0.013843448216709263,0.014698049268023691,1.7901501274902925
964,102.674556,677.8951025641026,6.922669909320691,0.17914775437740554,0.0018294582212792562,-0.007777762487001532,0.010291434124930268,1.792009060223299
965,102.781065,677.4803962264151,7.913627174154982,0.17903815967928516,0.0020913391052206584,-0.007161248481364004,0.011764618827545053,1.7938679929563057
966,102.887574,676.94196,11.656890891814744,0.178895866807611,0.003080573702910872,-0.006360794172952402,0.017329459050631373,1.7957269256893122
967,102.994083,669.2801025641025,7.082096328789712,0.17687106304548164,0.0018715899388978992,0.005029536741133168,0.010528441885697449,1.7975858584223188
968,103.100592,667.4235384615384,10.450562385750425,0.17638042771182308,0.0027617765290038144,0.0077895567060492395,0.015536097455205438,1.7994447911553257
969,103.207101,666.2423461538461,12.036023858209335,0.17606827329647096,0.003180767404389366,0.009545550128055764,0.01789308869054619,1.8013037238883323
970,103.313609,663.20425,8.510105089270919,0.1752653937632135,0.0022489706895536285,0.014062068587272554,0.012651359528864148,1.8031626391680464
971,103.420118,658.1676363636363,6.14018723574804,0.1739343647895445,0.0016226710453879616,0.021549638864395357,0.009128173562971383,1.805021571901053
972,103.526627,659.7375454545455,7.19955829813968,0.1743492456275226,0.0019026316855548797,0.019215768233142663,0.010703064124744612,1.8068805046340597
973,103.633136,659.979909090909,8.113966447746245,0.17441329521429944,0.0021442828878821944,0.018855463693046595,0.012062448778099942,1.8087394373670662
974,103.739645,662.8304545454546,6.283519568243754,0.1751666106092639,0.0016605495687747733,0.014617763333236613,0.009341255405262617,1.8105983701000727
975,103.846154,666.3092,12.085750897234314,0.1760859408033827,0.0031939087994805266,0.009446163336152794,0.0179670142933926,1.8124573028330795
976,103.952663,665.0168399999999,8.676786687670358,0.17574440803382665,0.0022930197377564404,0.011367421749440332,0.012899153040939042,1.814316235566086
977,104.059172,668.11484,10.852843516332477,0.17656311839323469,0.002868087610024435,0.0067618485621204075,0.016134139801484815,1.816175168299093
978,104.16568,669.48196,8.9505578805644,0.17692440803382664,0.002365369418753808,0.004729449848160157,0.013306148930368807,1.8180340835788067
979,104.272189,668.2963043478261,7.333771846333305,0.17661107408769186,0.001938100382223391,0.0064920786025328085,0.010902589728016315,1.8198930163118137
980,104.378698,667.3621304347826,7.465980574362567,0.17636419937494255,0.0019730392638378893,0.007880847590979166,0.011099134909727481,1.8217519490448202
981,104.485207,669.5877391304348,9.891669204746323,0.17695236234948067,0.002614077485398076,0.004572195643218756,0.014705231267662357,1.823610881777827
982,104.591716,664.8722608695653,6.0544219243413036,0.17570620001838402,0.0016000057939591255,0.011582357116314605,0.00900067245947976,1.8254698145108335
983,104.698225,665.32084,6.329148005326885,0.17582474630021142,0.0016726078238178893,0.01091548687244058,0.00940908791217334,1.82732874724384
984,104.804734,662.8552400000001,8.240482885729449,0.17517316067653277,0.002177717464516242,0.014580916585370226,0.012250531642699949,1.8291876799768465
985,104.911243,666.4108,9.476022495400343,0.1761127906976744,0.0025042342746829627,0.009295121943050245,0.014087319279295173,1.8310466127098535
986,105.017751,668.7279615384615,8.051538563433795,0.17672514839811354,0.0021277850326199246,0.005850364986230506,0.011969641744487787,1.8329055279895676
987,105.12426,668.9702916666666,8.77486039269186,0.1767891891296688,0.0023189377359122236,0.005490110260297216,0.01304495214559628,1.8347644607225742
988,105.230769,670.3626399999999,6.8946294369845225,0.17715714587737844,0.0018220479484631332,0.0034202064025149526,0.010249748376850415,1.8366233934555807
989,105.337278,674.21148,7.02234254077654,0.17817428118393233,0.001855798768704161,-0.002301586465878991,0.010439610238210679,1.8384823261885874
990,105.443787,674.439,7.9725513509464685,0.17823440803382665,0.0021069110335482136,-0.002639824042244138,0.011852217151856158,1.840341258921594
991,105.550296,670.5115833333333,7.811728066443305,0.17719650722339675,0.002064410165550558,0.0031987830899164755,0.011613132772577773,1.842200191654601
992,105.656805,673.2000434782609,6.360262376508039,0.17790698823421272,0.0016808304377663895,-0.0007979567288881325,0.009455343403991331,1.8440591243876074
993,105.763314,672.3655454545454,13.431256189618589,0.17768645492984816,0.003549486308038746,0.00044263130303416105,0.01996727998028809,1.845918057120614
994,105.869822,668.8868636363636,7.136131894036904,0.17676714155295023,0.0018858699508554342,0.005614136696525316,0.0106087726637686,1.8477769724003281
995,105.976331,672.0959130434783,9.091509445196372,0.17761519900726172,0.002402618775157602,0.0008434743639907337,0.013515691456766434,1.8496359051333349
996,106.08284,668.8935652173913,11.37655002756303,0.17676891258387717,0.0030064878508358974,0.005604173939296878,0.016912696504566893,1.8514948378663414
997,106.189349,668.3814347826086,8.125985645536312,0.176633571559886,0.0021474592086512534,0.006365521324334095,0.012080316852688452,1.8533537705993484
998,106.295858,674.8469130434783,11.224637458867168,0.1783422074639213,0.0029663418231678502,-0.003246238947280122,0.016686859043881733,1.8552127033323544
999,106.402367,671.5508695652173,7.805436399798838,0.17747116003309127,0.0020627474629489476,0.0016537511972385917,0.011603779405501797,1.8570716360653614
1000,106.508876,670.1506956521739,8.652601597390353,0.1771011352146337,0.002286628329120073,0.0037352887800332648,0.012863198811330757,1.858930568798368
1001,106.615385,670.7340434782609,8.98841568342407,0.17725529690228883,0.002375374123526434,0.0028680676351954767,0.013362429395759783,1.8607895015313747
1002,106.721893,671.0506521739131,7.486600330582711,0.1773389672764041,0.001978488459456324,0.0023973883196473887,0.011129788814303546,1.8626484168110886
1003,106.828402,670.2438181818181,7.3098562857110245,0.17712574476263696,0.0019317802023549274,0.0035968502307546653,0.010867036188712981,1.8645073495440954
1004,106.934911,666.222590909091,8.638127771462063,0.1760630525658274,0.002282803322267976,0.009574918825781284,0.012841681618105009,1.8663662822771019
1005,107.04142,666.7783636363637,9.256220680712156,0.1762099269652124,0.0024461471143531065,0.008748691591768686,0.013760555772435174,1.8682252150101089
1006,107.147929,672.3848181818182,9.416845304515586,0.17769154814530078,0.002488595482165851,0.00041397992925306396,0.013999344817177743,1.8700841477431154
1007,107.254438,669.7294782608695,5.802357505747657,0.176989819836382,0.0015333925755147025,0.004361482299537509,0.008625946466015472,1.871943080476122
1008,107.360947,671.4128695652173,8.65694907051473,0.1774346906884824,0.0022877772385081216,0.0018589058453503241,0.01286966188610618,1.8738020132091284
1009,107.467456,672.4637200000001,9.185390313427094,0.17771239957716703,0.00242742872976403,0.0002966822861772067,0.013655257373333804,1.8756609459421352
1010,107.573964,672.3768799999999,8.094811699065861,0.17768945031712474,0.002139220850704508,0.00042578105169913604,0.012033972794584074,1.8775198612218493
1011,107.680473,671.0948076923077,9.86430810151114,0.17735063628232234,0.002606846749870815,0.002331745494731097,0.014664555488632219,1.8793787939548563
1012,107.786982,667.8497272727273,8.67268976885717,0.17649305689025563,0.002291937042509832,0.0071559725351173185,0.012893062447189371,1.8812377266878624
1013,107.893491,669.9245,8.915109601922229,0.17704135835095136,0.0023560014804234197,0.004071557543990867,0.013253450530868805,1.8830966594208693
1014,108.0,670.6343181818182,8.617162157917432,0.17722894243705556,0.0022772627267223667,0.0030163220417138872,0.012810513552386216,1.8849555921538759
1015,108.106509,676.9409999999999,11.102078068027229,0.1788956131078224,0.002933952977808465,-0.006359367010182917,0.01650465883590669,1.8868145248868826
1016,108.213018,675.0283181818181,9.452252280787539,0.1783901475110513,0.0024979525054935506,-0.0035159208843945147,0.01405198181542252,1.8886734576198891
1017,108.319527,673.3953181818182,7.43852621338884,0.17795859359984625,0.0019657838830308776,-0.001088257548405702,0.011058320491142713,1.8905323903528957
1018,108.426036,674.7870399999999,10.661305663785553,0.1783263847780127,0.0028174697842985176,-0.0031572300112934332,0.015849394288880925,1.8923913230859022
1019,108.532544,672.9082400000001,12.708144403885257,0.17782987315010573,0.0033583891130774977,-0.00036415354120415954,0.018892281835740442,1.8942502383656168
1020,108.639053,669.92984,8.093018733657631,0.17704276955602538,0.0021387470226367955,0.004063618951085642,0.012031307322211617,1.8961091710986233
1021,108.745562,670.2959545454546,11.689490230757633,0.17713952287142035,0.0030891887502002184,0.003519342858757259,0.017377922136932105,1.89796810383163
1022,108.852071,670.4111666666666,11.960645539022753,0.17716997004933052,0.003160847129762881,0.003348065306688583,0.01778102917932892,1.8998270365646364
1023,108.95858,668.70016,7.104176645232479,0.17671780126849895,0.0018774251176618614,0.005891695528549664,0.010561267099828029,1.901685969297643
1024,109.065089,668.7664347826087,10.443531085300828,0.17673531574593254,0.0027599183629230493,0.005793169588660034,0.015525644527890169,1.9035449020306496
1025,109.171598,666.6079523809524,9.257840090842903,0.17616489227826437,0.0024465750768612494,0.009002029715958398,0.01376296323269267,1.9054038347636566
1026,109.278107,665.8283333333334,9.662170042662966,0.17595886187455956,0.002553427601126574,0.01016103313172281,0.01436405141375546,1.9072627674966631
1027,109.384615,670.28315,8.058795059959092,0.1771361390063425,0.002129702711405683,0.003538378453083032,0.011980429454568751,1.909121682776377
1028,109.491124,663.6144,7.657291986624305,0.1753737843551797,0.002023597248050825,0.01345232816029411,0.011383543789889204,1.9109806155093838
1029,109.597633,663.3701818181818,8.299233343563072,0.17530924466653852,0.002193243484028293,0.013815389719376703,0.012337871711564136,1.9128395482423906
1030,109.704142,664.307,7.125125276575608,0.17555681818181817,0.0018829612253106792,0.012422689687234785,0.01059240991933253,1.914698480975397
1031,109.810651,664.0249523809523,9.334852744086248,0.17548228128460688,0.0024669272579509152,0.01284198954257148,0.013877452390491797,1.9165574137084036
1032,109.91716,662.5842903225807,7.875811243690123,0.17510155663915977,0.00208134546609148,0.014983717931217708,0.011708400610823858,1.9184163464414101
1033,110.023669,662.4996129032259,8.75682666905244,0.1750791788856305,0.0023141719527094164,0.015109601744049243,0.013018142709165926,1.9202752791744169
1034,110.130178,660.882,8.09338890700304,0.1746516913319239,0.0021388448485737434,0.01751439019290643,0.01203185763222913,1.9221342119074234
1035,110.236686,662.16415625,7.595603788395168,0.1749905275502114,0.002007294870083275,0.015608300958899134,0.011291836394234462,1.923993127187138
1036,110.343195,662.5502790697675,9.74568783842758,0.17509256846452628,0.0025754989002187098,0.015034280008049142,0.014488211297821851,1.925852059920144
1037,110.449704,665.03253125,8.359608688111354,0.17574855477008455,0.0022091989133486583,0.011344094699641915,0.01242762738232807,1.927710992653151
1038,110.556213,662.7863870967742,8.674464308829767,0.17515496487758303,0.002292406001276368,0.0146832752312598,0.012895700527795411,1.9295699253861576
1039,110.662722,663.0242857142857,8.110228625347169,0.1752178344910903,0.0021432950912651082,0.014329608512695713,0.012056892027092838,1.9314288581191643
1040,110.769231,667.7532258064516,9.466383733012579,0.17646755438859715,0.002501687033037153,0.00729943430581336,0.014072990026353899,1.9332877908521708
1041,110.87574,667.7136428571429,11.554227980925056,0.1764570937783147,0.0030534429125066214,0.0073582794220210445,0.017176837504561084,1.9351467235851774
1042,110.982249,669.9678666666666,7.873223997800406,0.17705281888653981,0.0020806617330339358,0.004007087448050415,0.01170455433893915,1.9370056563181843
1043,111.088757,668.1236666666666,9.487047876041267,0.17656545102184637,0.0025071479587846887,0.0067487265933233115,0.01410370991759721,1.9388645715978985
1044,111.195266,669.1028837209302,8.299651284152745,0.17682422931314223,0.0021933539334441717,0.005292995215117136,0.012338493033698961,1.940723504330905
1045,111.301775,668.3851395348837,9.273869623279731,0.17663455061704117,0.002450811211226139,0.006360013736295519,0.013786793182594551,1.9425824370639118
1046,111.408284,664.2247000000001,6.520314034906059,0.17553506871035943,0.0017231273876601762,0.012545039162159375,0.009693280662385185,1.944441369796918
1047,111.514793,666.85153125,8.981267480004101,0.1762292630153277,0.0023734850634260303,0.00863991857706768,0.013351802677228988,1.9463003025299248
1048,111.621302,665.5524411764706,6.566896592765213,0.17588595168511378,0.0017354377887857304,0.010571182105331277,0.009762531591847028,1.9481592352629313
1049,111.727811,665.1417,8.407597615580631,0.17577740486257926,0.0022218809766333656,0.011181801391735783,0.012498969060068843,1.9500181679959383
1050,111.83432,667.8948620689655,7.797897357274004,0.17650498469053003,0.0020607551155586747,0.00708887388845173,0.011592571654659224,1.9518771007289448
1051,111.940828,667.9681379310346,7.012436822858453,0.17652434934752498,0.0018531809785566813,0.006979939948612323,0.01042488412173401,1.953736016008659
1052,112.047337,670.3713448275862,9.130726771558075,0.17715944630750163,0.002412982762039657,0.003407265563092314,0.013573993027705693,1.9555949487416655
1053,112.153846,669.87809375,6.92447571724166,0.17702909454281185,0.0018299354432456789,0.004140546369272981,0.010294118689340262,1.9574538814746723
1054,112.260355,671.3988666666667,11.482643263919542,0.17743099013389713,0.0030345251754544237,0.0018797229448048046,0.0170704176681303,1.9593128142076788
1055,112.366864,671.4925999999999,10.692173882486827,0.17745576109936576,0.002825627347380234,0.0017403763577298796,0.015895283843558372,1.9611717469406857
1056,112.473373,671.2037391304348,8.094633144685181,0.1773794236602629,0.002139173664028848,0.0021698049812726287,0.01203370735066278,1.9630306796736923
1057,112.579882,670.5649565217392,7.256426596649954,0.1772106121886203,0.0019176603056685903,0.0031194370197281125,0.010787606123075012,1.9648896124066988
1058,112.686391,676.2975161290323,11.475311527713083,0.17872555923071679,0.0030325876130319986,-0.005402745944139755,0.01705951810464129,1.9667485451397055
1059,112.792899,669.261043478261,5.177980498561026,0.176866026289181,0.0013683880810150687,0.005057870509605533,0.007697730196461647,1.9686074604194197
1060,112.899408,674.2780322580645,11.891434293876923,0.17819186898997477,0.003142556631574234,-0.0024005249085186564,0.01767813781234869,1.9704663931524262
1061,113.005917,670.219064516129,7.512572439741628,0.1771192030962286,0.001985352124667451,0.0036336497204208684,0.011168399676008021,1.9723253258854327
1062,113.112426,671.8475806451613,9.16798703378298,0.17754957205210395,0.002422829554382397,0.0012126522320448023,0.013629385172526718,1.9741842586184397
1063,113.218935,672.9590333333333,6.81481501498796,0.1778432963354475,0.0018009553422272666,-0.0004396643269028443,0.010131094031495811,1.9760431913514462
1064,113.325444,672.2668125,11.179540721241775,0.1776603627114165,0.0029544240806664334,0.0005894104664167874,0.016619816976211288,1.9779021240844528
1065,113.431953,672.962875,12.181427038469197,0.17784431157505284,0.003219193191984461,-0.0004453754556938864,0.0181092491128689,1.9797610568174593
1066,113.538462,671.03746875,6.389631333624579,0.17733548328488372,0.0016885917900699224,0.0024169871652545746,0.0094990041145903,1.981619989550466
1067,113.64497,673.68246875,9.403999571165222,0.17803447905655392,0.002485200732337533,-0.0015151435902203453,0.013980247991777515,1.9834789048301802
1068,113.751479,673.5685757575757,6.989914122462022,0.1780043804856173,0.0018472288907140652,-0.0013458270917914596,0.010391401247282136,1.9853378375631867
1069,113.857988,677.0190333333334,10.308421871538304,0.17891623502466525,0.002724212968165513,-0.006475373539465449,0.015324787403208273,1.9871967702961937
1070,113.964497,678.86953125,10.623405498524876,0.1794052672436575,0.0028074538843881817,-0.009226375343271562,0.015793050846363267,1.9890557030292002
1071,114.071006,683.3073225806451,9.681283459635207,0.1805780450794517,0.0025584787155484164,-0.01582371968263252,0.01439246595240154,1.9909146357622067
1072,114.177515,682.759935483871,6.358124471548114,0.18043338675577986,0.0016802654523118625,-0.01500995876075127,0.009452165134862703,1.9927735684952135
1073,114.284024,684.64965625,7.8563310348811655,0.18093278442124736,0.0020761974193660594,-0.01781927034629215,0.011679440789205358,1.99463250122822
1074,114.390533,688.22159375,9.734224839027208,0.18187674253435518,0.0025724695663391093,-0.02312941223679651,0.014471170083269008,1.996491433961227
1075,114.497041,687.9220967741935,7.977441437599052,0.18179759428493486,0.0021082033397460493,-0.02268417168112914,0.011859486891033326,1.9983503492409407
1076,114.60355,689.3704333333334,11.265049298706979,0.1821803470754052,0.002977021484859142,-0.024837309196619587,0.016746936411866413,2.0002092819739477
1077,114.710059,691.4211,11.177854816555818,0.18272227801268498,0.002953978545601433,-0.027885887445854816,0.01661731066329389,2.002068214706954
1078,114.816568,690.474129032258,8.250854572878815,0.18247202141444452,0.0021804583966381634,-0.02647809399904955,0.012265950482029327,2.0039271474399607
1079,114.923077,691.7281935483871,8.757529436316888,0.1828034338129987,0.0023143576734452665,-0.028342421278150003,0.013019187462577827,2.0057860801729674
1080,115.029586,690.6662413793103,7.585124382891833,0.18252279106218564,0.002004525471165926,-0.026763693571204852,0.01127625741779648,2.007645012905974
1081,115.136095,689.53528125,7.671886457812879,0.18222391153541226,0.0020274541378998054,-0.025082376706298582,0.011405240337723012,2.0095039456389805
1082,115.242604,687.1055714285714,6.733671754028798,0.18158181063122925,0.0017795115629040154,-0.021470302333626096,0.010010464197084781,2.0113628783719872
1083,115.349112,688.7153548387097,7.900669969685623,0.18200722907999728,0.0020879148968513785,-0.023863451239734938,0.011745356286071039,2.0132217936517014
1084,115.455621,688.1420999999999,9.991946948279983,0.18185573467230445,0.0026405779461627773,-0.023011234611373846,0.01485430695743108,2.015080726384708
1085,115.56213,684.9003548387096,9.951862316666773,0.18099903669099093,0.002629984755990172,-0.018191965858964907,0.014794716026320294,2.0169396591177144
1086,115.668639,682.6076428571429,7.485020196980539,0.1803931402899426,0.0019780708765804707,-0.014783556295197536,0.011127439743628694,2.018798591850721
1087,115.775148,683.0418928571428,7.928542822258807,0.18050789980368467,0.0020952808726899543,-0.015429124454201294,0.011786792845937071,2.020657524583728
1088,115.881657,682.256,10.690063490390141,0.18030021141649047,0.0028250696327669455,-0.01426079421825443,0.01589214647581939,2.0225164573167347
1089,115.988166,685.0362068965517,9.539904523254318,0.1810349383976088,0.0025211164173505043,-0.018393927316369525,0.014182288083244749,2.0243753900497414
1090,116.094675,684.7298214285714,11.030379440280406,0.1809539697221383,0.0029150051374948233,-0.017938446136151802,0.01639806965659154,2.0262343227827477
1091,116.201183,679.3829565217391,8.779982478126339,0.17954095045500504,0.002320291352570387,-0.009989647669034705,0.013052566780631882,2.028093238062462
1092,116.307692,680.2536,9.004878216641906,0.17977103594080338,0.0023797246872732263,-0.011283970541595464,0.013386903056697002,2.0299521707954686
1093,116.414201,676.9571785714286,7.775722893884975,0.17889988862881306,0.002054895056523521,-0.00638341852560597,0.011559606479053075,2.0318111035284754
1094,116.52071,673.80375,7.651798440865358,0.1780665301268499,0.0020221454653449682,-0.0016954436783819403,0.011375376931577157,2.0336700362614817
1095,116.627219,677.4236785714286,9.404857822988896,0.17902317086982783,0.002485427543073179,-0.00707693043389672,0.013981523892870811,2.0355289689944884
1096,116.733728,675.9813448275862,10.384058067454943,0.1786420044470365,0.002744201392033543,-0.0049327168710151595,0.01543723028116322,2.037387901727495
1097,116.840237,671.0499655172414,8.700074623993409,0.17733878581322446,0.0022991740549665493,0.0023984091226028244,0.012933773536457924,2.039246834460502
1098,116.946746,668.2169285714286,8.359903126891192,0.1765900974025974,0.002209276724865538,0.006610080845108365,0.012428065103228605,2.0411057671935087
1099,117.053254,665.0719677419355,7.400738168065294,0.17575897667598717,0.0019557976131250685,0.011285467311049272,0.011002143729250067,2.0429646824732224
1100,117.159763,664.8034,11.99548039198443,0.1756880021141649,0.0031700529577125855,0.011684727605186478,0.01783281564310702,2.044823615206229
1101,117.266272,662.1614333333333,9.510230809350828,0.17498980796335448,0.002513274526784043,0.015612348922743957,0.01413817431270829,2.046682547939236
1102,117.372781,662.2328928571429,7.953906882268543,0.17500869261552401,0.0021019838483796387,0.015506115202009342,0.011824499764821039,2.0485414806722426
1103,117.47929,664.1359,9.61972802450865,0.17551160147991543,0.0025422114229673985,0.012677051718335625,0.014300955926077217,2.0504004134052494
1104,117.585799,663.7276071428571,9.392478635270974,0.17540370167623073,0.002482156087545181,0.013284031264956486,0.01396312064721733,2.0522593461382557
1105,117.692308,664.2944782608695,7.248590533021915,0.17555350905414102,0.0019155894643292687,0.012441304853793092,0.010775956812377979,2.0541182788712624
1106,117.798817,663.3014347826087,9.659176427466122,0.17529107684529827,0.002552636476603096,0.013917590979461682,0.01435960102192728,2.055977211604269
1107,117.905325,668.2500869565217,11.110298960518326,0.17659886018935564,0.0029361255181073855,0.0065607866652116955,0.01651688024392249,2.0578361268839833
1108,118.011834,670.8719166666666,6.992699490659287,0.17729173273431995,0.0018479649816752928,0.0026631015087358236,0.01039554205331383,2.0596950596169896
1109,118.118343,669.3240714285714,8.296744970518274,0.17688268272425248,0.002192585880158102,0.0049641714011478,0.012334172426807765,2.0615539923499964
1110,118.224852,666.2447333333333,8.18611010285665,0.17606890415785764,0.002163348335850066,0.009542001280463933,0.012169699547503385,2.063412925083003
1111,118.331361,666.2687333333332,8.36585340343805,0.17607524665257224,0.0022108492080967347,0.009506322211227115,0.012436910950265816,2.06527185781601
1112,118.43787,666.6320000000001,6.808841143269933,0.17617124735729386,0.0017993766234857135,0.008966279854917514,0.010122213107219136,2.0671307905490166
1113,118.544379,662.7515238095239,6.434258687829147,0.17514575153528641,0.0017003854883269381,0.014735103966244348,0.009565348383778649,2.068989723282023
1114,118.650888,662.5080952380953,9.51426874176238,0.17508142051746703,0.0025143416336581366,0.015096991668503574,0.014144177215628452,2.0708486560150297
1115,118.757396,662.9821666666667,7.891801446736511,0.17520670366455252,0.0020855712068542595,0.014392223863370258,0.011732172092557268,2.072707571294744
1116,118.863905,666.0337272727273,10.087827946787288,0.17601314145685182,0.002665916476423704,0.009855688774036959,0.01499684632344105,2.0745665040277506
1117,118.970414,671.4411904761904,7.567266207944896,0.17744217507298904,0.0019998060803237032,0.0018168031893729033,0.011249708956947485,2.0764254367607573
1118,119.076923,673.6082727272727,13.482405106133234,0.1780148712281376,0.003563003463565858,-0.0014048417138877369,0.020043319385859473,2.0782843694937636
1119,119.183432,671.8661785714286,10.956015750037936,0.17755448693748113,0.0028953529994814784,0.0011850040362551431,0.0162875185210554,2.0801433022267704
1120,119.289941,668.8555185185185,6.864156614507687,0.17675885795943935,0.0018139948769840678,0.005660735222768305,0.010204446629225795,2.082002234959777
1121,119.39645,666.3474285714285,7.865003616248246,0.17609604349139232,0.002078489327761166,0.009389331675868423,0.01169233369049945,2.0838611676927834
1122,119.502959,670.2143703703704,9.109782084483728,0.17711796257145093,0.0024074476967451725,0.0036406281684013397,0.013542856071861132,2.0857201004257906
1123,119.609467,668.4534285714286,10.800742397078182,0.1766525974025974,0.0028543188152955028,0.006258493350337196,0.016056684824768554,2.0875790157055043
1124,119.715976,667.8714642857143,9.899600745717125,0.17649880134400484,0.002616173558593324,0.007123657685477119,0.014717022517639525,2.089437948438511
1125,119.822485,664.7668928571429,8.50548067463642,0.17567835434913923,0.002247748592662905,0.01173900014175475,0.012644484745117309,2.091296881171518
1126,119.928994,664.2641428571429,7.371538729335634,0.17554549229839927,0.0019480810595495918,0.012486402310871964,0.010958735029412109,2.0931558139045245
1127,120.035503,665.8331851851851,10.679267401541134,0.17596014407642316,0.002822216543747643,0.010153820233466592,0.015876096709088936,2.095014746637531
1128,120.142012,666.6085714285715,9.473856097971867,0.1761650558743582,0.002503661759506312,0.009001109422505829,0.014084098652468315,2.0968736793705376
1129,120.248521,665.7791111111111,8.220826012836742,0.17594585388771436,0.0021725227306650993,0.01023420825983353,0.01222130918732835,2.098732612103544
1130,120.35503,667.565,9.82402444951229,0.17641781183932345,0.0025962009644588603,0.007579256038336013,0.014604668688266438,2.100591544836551
1131,120.461538,665.8266071428571,5.848659956296964,0.17595840569314405,0.0015456289525097675,0.010163599334619296,0.008694780980139791,2.1024504601162652
1132,120.568047,665.1914545454546,8.651073067089468,0.17579055352681144,0.0022862243834803116,0.01110783489706412,0.012860926455562617,2.104309392849272
1133,120.674556,666.1548333333334,8.089862664890038,0.17604514622973924,0.0021379129664085704,0.00967564912731353,0.012026615422375124,2.1061683255822783
1134,120.781065,666.2961904761904,9.023289054546863,0.17608250276854928,0.002384590130694201,0.00946550365701689,0.013414273121710299,2.108027258315285
1135,120.887574,672.6222857142857,10.817023311556243,0.17775430383569918,0.002858621382546579,6.0954073736128626e-05,0.01608088848622276,2.1098861910482913
1136,120.994083,669.9740909090909,8.453829405091508,0.1770544637709014,0.002234098679992472,0.003997834315700358,0.012567698527523012,2.111745123781298
1137,121.100592,668.0895238095238,7.554135963954101,0.17655642806805597,0.001996336142694,0.006799484316820927,0.011230189170095613,2.113604056514305
1138,121.207101,669.8840689655173,10.878729668916282,0.17703067361668004,0.0028749285594387676,0.004131663447266932,0.01617262287774783,2.1154629892473116
1139,121.313609,668.0618620689655,7.300975496095133,0.17654911788291902,0.001929433270638238,0.0068406070316788525,0.010853833759230333,2.1173219045270253
1140,121.420118,667.7320689655172,8.023644219835672,0.176461963257272,0.002120413377335017,0.007330886655502066,0.011928173235464782,2.1191808372600325
1141,121.526627,667.6581379310345,10.760774805229733,0.17644242545746155,0.0028437565552932747,0.007440794592921271,0.015997267888235658,2.121039769993039
1142,121.633136,666.2425714285715,7.208691050193718,0.17606833282996076,0.0019050452035395634,0.009545215228367368,0.010716641128613735,2.1228987027260455
1143,121.739645,671.2752499999999,8.6586963719206,0.17739832188160679,0.0022882389989219375,0.0020634949285058845,0.012872259473099428,2.124757635459052
1144,121.846154,665.8726,8.289065687543669,0.17597056025369978,0.00219055647133818,0.010095225070686,0.012322756190601948,2.1266165681920586
1145,121.952663,674.0176206896551,8.157065077122631,0.17812304986513086,0.0021556725890916058,-0.002013389809379187,0.01212652040233051,2.1284755009250653
1146,122.059172,671.6389655172413,9.23753952816889,0.177494441204345,0.002441210234716941,0.001522785298415765,0.013732783850142927,2.130334433658072
1147,122.16568,677.3019310344828,10.163694234631116,0.1789909965735948,0.0026859657068264062,-0.006895937150559143,0.015109631262471052,2.132193348937786
1148,122.272189,674.2192857142857,9.29084233655654,0.17817634400483237,0.0024552966005699185,-0.00231319065839748,0.013812025291433763,2.134052281670793
1149,122.378698,673.5808571428572,8.521603143104672,0.1780076260948354,0.002252009287289812,-0.0013640849416155674,0.012668452856315106,2.1359112144037993
1150,122.485207,670.9422727272727,6.594648661581414,0.17731032577359215,0.0017427718450267898,0.0025585082271694006,0.009803788591211912,2.137770147136806
1151,122.591716,663.8036428571429,6.6348329249347975,0.17542379568106312,0.001753391364940487,0.013170994451853508,0.009863527637645997,2.1396290798698128
1152,122.698225,665.0213636363637,10.997187629854892,0.17574560349798193,0.0029062335174035196,0.011360696785481123,0.01634872578566375,2.141488012602819
1153,122.804734,664.4133636363637,7.002206887120881,0.17558492696521236,0.0018504775071672569,0.012264566539480671,0.010409676014006143,2.1433469453358263
1154,122.911243,664.7291071428572,8.68662505890641,0.17566836869525823,0.0022956197301549786,0.011795173438261548,0.012913779037960267,2.1452058780688326
1155,123.017751,662.428619047619,9.454345194016279,0.1750604172958824,0.002498505600955676,0.015215143189448544,0.014055093198588945,2.1470647933485467
1156,123.12426,666.2688095238095,8.195883964643757,0.1760752667874761,0.0021659312802969777,0.009506208944340603,0.012184229642978923,2.1489237260815535
1157,123.230769,662.5889655172413,6.1406442337845375,0.1751027921557192,0.0016227918165392587,0.0149767676564679,0.009128852948995764,2.15078265881456
1158,123.337278,665.1992666666666,7.8605916199794885,0.17579261804087387,0.0020773233668021996,0.01109622117983023,0.01168577469381842,2.1526415915475665
1159,123.443787,659.9522666666667,7.52834541025397,0.17440599013389713,0.001989520457255278,0.01889655769173072,0.01119184821379883,2.1545005242805733
1160,123.550296,660.5615714285714,7.17889178194879,0.17456701147689518,0.0018971701326502982,0.017990748242300438,0.010672340705492141,2.15635945701358
1161,123.656805,663.866,7.268478989966633,0.17544027484143765,0.0019208453990398066,0.013078292584461394,0.01080552354705895,2.1582183897465868
1162,123.763314,661.5649655172413,9.127647586484413,0.17483217904789677,0.0024121690239123617,0.01649907461057235,0.013569415425312484,2.160077322479593
1163,123.869822,662.8758999999999,8.959540094993333,0.17517862050739957,0.0023677431540680065,0.014550202853268857,0.013319502140806714,2.161936237759307
1164,123.976331,662.0518965517242,8.773063491428259,0.17496086061092075,0.0023184628677135853,0.015775189356702843,0.013042280822071406,2.163795170492314
1165,124.08284,662.8537586206896,5.819893983172666,0.17517276919151417,0.0015380269511555652,0.014583118845161051,0.008652016682357863,2.1656541032253207
1166,124.189349,661.6916206896552,7.503530742322929,0.17486565028796383,0.0019829626697470707,0.01631078549949929,0.011154958036498826,2.1675130359583274
1167,124.295858,663.0841818181818,7.837562872149193,0.1752336632711897,0.002071237545493977,0.014240565294448837,0.0116515395151403,2.169371968691334
1168,124.402367,660.6722413793103,8.30715709775602,0.1745962582926296,0.0021953374994069692,0.017826223207515056,0.01234965138550019,2.1712309014243405
1169,124.508876,664.6841071428571,10.833311696864815,0.1756564765176684,0.0028629259241186155,0.011862071693080586,0.01610510325402201,2.1730898341573472
1170,124.615385,667.3497931034483,7.6979687458970565,0.1763609389808267,0.002034346920163071,0.00789918861176564,0.011444014994490125,2.174948766890354
1171,124.721893,667.3313333333333,9.567428092170362,0.17635606060606063,0.0025283900877828653,0.007926631420766751,0.01422320538828643,2.176807682170068
1172,124.828402,666.5475172413793,8.282424600237592,0.17614892104687616,0.0021888014271240993,0.009091874279673581,0.012312883365026901,2.1786666149030744
1173,124.934911,667.636275862069,8.097721773510271,0.17643664795509223,0.0021399898978621103,0.007473295354266317,0.012038298992400163,2.1805255476360816
1174,125.04142,669.1750714285714,7.38865488649631,0.17684330640289941,0.0019526043568964826,0.005185678955993084,0.010984180385928955,2.182384480369088
1175,125.147929,665.9874827586207,9.347544110699753,0.17600092039075602,0.0024702812131870483,0.009924437158229956,0.01389631972999654,2.1842434131020947
1176,125.254438,667.4510357142857,8.539887411358356,0.17638769442766536,0.0022568412820714503,0.007748678523357896,0.012695634759355468,2.186102345835101
1177,125.360947,665.4746206896551,6.781118351790173,0.17586538601735074,0.0017920503043842918,0.010686872211045017,0.010080999632358938,2.1879612785681077
1178,125.467456,664.8093,7.7637168718029255,0.17568956131078223,0.0020517222177069095,0.011675956500665758,0.01154175799183956,2.1898202113011145
1179,125.573964,671.2928333333333,6.734554169936999,0.17740296863988725,0.0017797447594971002,0.00203735505486359,0.010011776021179994,2.1916791265808286
1180,125.680473,669.4260344827586,7.692582951327512,0.1769096285630969,0.0020329236129300876,0.00481259028156685,0.011436008322100821,2.1935380593138354
1181,125.786982,672.8870714285714,6.9969104130353434,0.17782427891875566,0.0018490778047133582,-0.0003326837526356305,0.010401802127939069,2.195396992046842
1182,125.893491,669.5645862068966,10.69483091269945,0.17694624371218198,0.002826329522383573,0.004606615424966896,0.015899233858763365,2.1972559247798484
1183,126.0,671.4876875,7.63094649115082,0.17745446286997885,0.0020166349078093973,0.0017476794172143193,0.011344377841677593,2.199114857512855
1184,126.106509,669.405258064516,7.115593144485536,0.17690413796630977,0.0018804421629190216,0.004843477084273792,0.010578239185965187,2.200973790245862
1185,126.213018,671.0690666666667,7.437500126610655,0.17734383368569415,0.0019655127184489006,0.0023700128212341635,0.01105679508192596,2.2028327229788687
1186,126.319527,671.5342999999999,6.928983222169283,0.17746678118393236,0.0018311266443364835,0.0016783839749308978,0.010300819671856878,2.204691655711875
1187,126.426036,673.7603,6.435029041812148,0.17805504756871035,0.0017005890702463322,-0.0016308496967844554,0.009566493613491007,2.2065505884448817
1188,126.532544,675.4107241379311,9.029603597914347,0.17849120616752936,0.002386258878941434,-0.004084416242091357,0.013423660497960654,2.208409503724596
1189,126.639053,673.066,8.133166893906594,0.1778715644820296,0.002149357001560931,-0.0005986839563208572,0.012090992696763819,2.2102684364576026
1190,126.745562,672.518448275862,8.719538194628543,0.1777268626521834,0.0023043177047115584,0.0002153217051899589,0.0129627086233032,2.2121273691906094
1191,126.852071,672.9369655172413,8.172607249144447,0.1778374644601589,0.0021597799284208364,-0.00040685769614239313,0.01214962582864954,2.2139863019236157
1192,126.95858,669.5866666666666,8.079651536568953,0.17695207892882311,0.0021352144652666354,0.004573789997761969,0.01201143527427705,2.2158452346566224
1193,127.065089,670.6838,8.024293944907928,0.17724201902748413,0.0021205850805781946,0.0029427609910108654,0.011929139134874624,2.217704167389629
1194,127.171598,668.4464666666667,6.270195791733035,0.17665075757575757,0.0016570284861873732,0.006268843112088015,0.009321447907570033,2.2195631001226355
1195,127.278107,670.9874,6.202860731722357,0.17732225158562367,0.0016392338085946929,0.002491420765165008,0.00922134572972886,2.2214220328556427
1196,127.384615,667.3687333333332,8.105471745032713,0.17636594432699085,0.0021420379875879258,0.007871031537872717,0.01204982031617238,2.2232809481353564
1197,127.491124,672.7418666666667,7.013663439180357,0.1777859055673009,0.0018535051372041112,-0.00011681830457241672,0.010426707643762152,2.225139880868363
1198,127.597633,681.2485333333333,14.40122114795758,0.1800339675828048,0.003805819542272092,-0.012763066178513117,0.02140925693469927,2.22699881360137
1199,127.704142,676.5080666666667,8.37571032780133,0.1787812015503876,0.0022134541035415717,-0.0057157562445608765,0.01245156452888332,2.2288577463343766
1200,127.810651,679.8682,8.444770369879796,0.17966918604651164,0.002231704643202906,-0.010711024154767487,0.012554231113167297,2.230716679067383
1201,127.91716,679.4871304347826,7.018777019242706,0.1795684805588749,0.0018548565061423637,-0.010144515513040953,0.010434309634474361,2.2325756118003897
1202,128.023669,685.7174666666666,14.659867724343151,0.1812149753347428,0.0038741722315917475,-0.01940670708746093,0.021793768147479606,2.2344345445333964
1203,128.130178,686.3469333333334,11.988348882302741,0.18138132487667372,0.00316816830927662,-0.020342489786722272,0.017822213741953002,2.236293477266403
1204,128.236686,685.6204545454545,10.92711787351293,0.18118933788199115,0.002887716139934707,-0.01926248616289679,0.016244558131999834,2.238152392546117
1205,128.343195,689.0879629629629,9.39399617383149,0.18210569845744265,0.0024825571283909782,-0.024417380867378106,0.01396537666235774,2.240011325279124
1206,128.449704,691.6116896551724,9.903784479045811,0.18277264525770942,0.002617279196365176,-0.028169223341801438,0.014723242172268837,2.2418702580121304
1207,128.556213,695.3451904761905,7.403997404234064,0.1837592998087184,0.0019566589334656594,-0.0337195497705031,0.01100698900062193,2.2437291907451375
1208,128.662722,695.8261379310344,10.784027937265543,0.1838864000874827,0.002849901674753048,-0.034434539668030305,0.01603183664273061,2.2455881234781434
1209,128.769231,693.604,7.457714137310851,0.18329915433403807,0.001970854687450016,-0.03113104745573238,0.011086845793897909,2.24744705621115
1210,128.87574,687.8691785714285,9.305651727742799,0.18178360955904563,0.0024592102874584584,-0.022605502005281632,0.013834041345329149,2.249305988944157
1211,128.982249,691.1134090909092,7.606987637686384,0.1826409643474918,0.002010303286915003,-0.027428465560480005,0.011308759942027962,2.2511649216771636
1212,129.088757,690.4331428571429,8.212971622240332,0.18246118997281788,0.0021704470460465982,-0.02641716280822921,0.01220963263124904,2.2530238369568774
1213,129.195266,690.621,7.336394170747058,0.1825108350951374,0.0019387933855039864,-0.02669643647517223,0.010906488148612965,2.2548827696898845
1214,129.301775,693.1238666666667,10.254082879284624,0.18317226920366456,0.002709852769366972,-0.030417267853944586,0.01524400554208833,2.256741702422891
1215,129.408284,687.2504285714285,8.134427235960914,0.18162009211718516,0.00214969007292836,-0.021685651001519785,0.012092866356406285,2.258600635155898
1216,129.514793,686.9315909090909,11.395129246259618,0.18153583269267728,0.0030113977923519075,-0.021211658041942597,0.016940316889160287,2.260459567888904
1217,129.621302,684.6562903225807,9.062584580547089,0.18093453761167563,0.0023949747834427,-0.01782913274358074,0.013472690946412793,2.2623185006219106
1218,129.727811,684.4775161290322,9.086408934487327,0.18088729284593877,0.002401270860065362,-0.017563362042357,0.013508108895319301,2.2641774333549174
1219,129.83432,684.2158928571429,10.187976760357122,0.18081815350347327,0.0026923828647878296,-0.017174425591035918,0.01514573034233036,2.266036366087924
1220,129.940828,684.2804642857143,11.275537975117054,0.1808352178344911,0.002979793333804721,-0.017270419277315926,0.016762529170692986,2.2678952813676383
1221,130.047337,678.1096206896552,7.954347483401746,0.17920444521396806,0.002102100286311239,-0.008096671114257551,0.011825154774751729,2.269754214100645
1222,130.153846,683.1252333333334,12.685707555554675,0.18052992424242426,0.003352459713412976,-0.015553020730044194,0.018858926591363675,2.2716131468336513
1223,130.260355,680.3226785714286,8.848604577385705,0.17978929137722743,0.002338426156814403,-0.011386664672128002,0.013154582306909001,2.2734720795666585
1224,130.366864,682.0486190476191,14.465162831700848,0.1802454067250579,0.0038227174502380706,-0.01395249591165448,0.021504314424757354,2.2753310122996644
1225,130.473373,678.1791818181817,8.428315527555595,0.17922282817605228,0.0022273561119332975,-0.00820008262762815,0.012529768885727053,2.2771899450326716
1226,130.579882,673.4229090909091,8.394557902134867,0.17796588506630792,0.002218434963566285,-0.0011292749632290774,0.012479583858449626,2.279048877765678
1227,130.686391,669.4285454545454,6.342827683426769,0.1769102921391505,0.0016762229607364615,0.004808857400890405,0.009429424503092606,2.2809078104986846
1228,130.792899,666.6237307692307,8.308917207712147,0.17616906204260857,0.0021958026447442317,0.008978573123965453,0.012352268014041464,2.282766725778399
1229,130.899408,659.3189090909091,7.195792043562623,0.17423861233903518,0.0019016363751486786,0.01983812472494407,0.010697465105668864,2.2846256585114055
1230,131.005917,662.1192857142856,7.233911653751756,0.17497866958622774,0.0019117102679047958,0.015675006748500912,0.010754134781136345,2.2864845912444123
1231,131.112426,665.6793636363636,8.712198692175713,0.17591949356140688,0.0023023780898984427,0.010382495637238242,0.012951797514295761,2.288343523977419
1232,131.218935,665.0214545454545,11.56575002705453,0.17574562752258313,0.0030564878507015085,0.01136056163749162,0.017193966499627875,2.2902024567104253
1233,131.325444,660.2350952380953,7.344884069233241,0.17448073341387293,0.0019410370161821449,0.01847609685080771,0.01091910946844219,2.292061389443432
1234,131.431953,665.3185238095239,11.546543160699876,0.1758241341991342,0.003051412040354088,0.010918930185789157,0.017165413036524125,2.293920322176439
1235,131.538462,665.4424761904762,9.145276554697757,0.17585689117084466,0.002416827842150573,0.010734659119869606,0.01359562314103993,2.2957792549094456
1236,131.64497,662.4884545454545,5.732003345687986,0.175076230059581,0.001514800038501054,0.015126190069861349,0.008521356009854346,2.2976381701891593
1237,131.751479,662.5364545454545,6.260660833271845,0.1750889150490102,0.001654508676868884,0.015054831931387682,0.009307272972440599,2.299497102922166
1238,131.857988,666.2945789473684,8.043073920348675,0.17608207688883945,0.002125548076202088,0.009467899400701042,0.011957057970042035,2.3013560356551728
1239,131.964497,666.55,7.919133877112844,0.17614957716701904,0.0020927943649875357,0.009088183341476671,0.011772805245715905,2.3032149683881795
1240,132.071006,665.0680909090909,5.4839229954397934,0.17575795214299442,0.0014492396922409607,0.011291230718860991,0.008152552843487646,2.3050739011211863
1241,132.177515,667.2125714285714,8.48600756287332,0.17632467532467533,0.0022426024214781503,0.0081031861800458,0.012615535474165135,2.3069328338541926
1242,132.284024,667.9036666666667,6.437652059045536,0.17650731148696264,0.001701282256618809,0.007075784727994161,0.009570393064052668,2.3087917665871993
1243,132.390533,665.5748181818182,9.719859829659349,0.17589186527003653,0.002568673316506164,0.010537915825201666,0.014449814659776345,2.310650699320206
1244,132.497041,664.617,11.710890005216761,0.1756387420718816,0.003094844081716902,0.011961835042925806,0.017409735638372937,2.3125096145999198
1245,132.60355,659.4467333333334,7.8685068874657045,0.17427239252995066,0.002079415139393692,0.01964809764179413,0.011697541751179607,2.314368547332927
1246,132.710059,667.9118095238094,14.00554264789141,0.17650946340481224,0.0037012533424660168,0.007063679329503106,0.02082103024305827,2.3162274800659333
1247,132.816568,663.6598571428572,6.923456696518829,0.17538579734219267,0.0018296661460144947,0.013384750304156267,0.010292603784718485,2.31808641279894
1248,132.923077,666.48916,11.22298720513688,0.17613349894291755,0.0029659057096027785,0.00917862978199202,0.016684405730669226,2.3199453455319468
1249,133.029586,664.5828571428572,8.27048275063624,0.17562971911809122,0.0021856455472083064,0.01201259276642344,0.012295130278412609,2.321804278264953
1250,133.136095,662.771909090909,10.130727628213876,0.17515113876609648,0.002677253601536442,0.014704798638496103,0.01506062218610175,2.32366321099796
1251,133.242604,666.243761904762,5.086939865034412,0.1760686474378335,0.0013443287169752618,0.009543445433266368,0.007562386652004962,2.3255221437309666
1252,133.349112,662.831761904762,6.87797926650528,0.1751669561059096,0.001817647797702237,0.01461581977643472,0.010224995769128178,2.3273810590106807
1253,133.455621,663.9580000000001,9.95623132348112,0.17546458773784354,0.0026311393560996604,0.012941522819053586,0.014801211113679682,2.3292399917436875
1254,133.56213,667.0908571428571,6.866856917729636,0.17629250981576564,0.0018147084877721056,0.008284130031175414,0.010208460975293114,2.331098924476694
1255,133.668639,665.5168965517242,9.072627164580675,0.17587655828533935,0.0023976287432824245,0.01062402373563649,0.01348762053187328,2.332957857209701
1256,133.775148,667.0172424242425,9.986128754522134,0.17627305560894357,0.0026390403685312186,0.008393567724604742,0.014845657468351132,2.3348167899427072
1257,133.881657,668.5274137931034,9.276780585792993,0.17667214952249033,0.0024515804930742616,0.006148504856727207,0.01379112070063861,2.3366757226757136
1258,133.988166,665.4982051282051,7.987829110852571,0.17587161869138612,0.002110948496525524,0.010651810927047728,0.011874929495750888,2.3385346554087203
1259,134.094675,666.7868260869565,7.6656296643000905,0.17621216334221895,0.0020258006512420927,0.008736111076743009,0.01139593881401703,2.340393588141727
1260,134.201183,666.5653636363636,8.509809938817996,0.17615363732462042,0.0022488926899624697,0.009065343331245554,0.012650920749970566,2.342252503421441
1261,134.307692,665.6821785714285,8.293366711497494,0.17592023746602234,0.0021916931055754644,0.010378310876276622,0.012329150212745265,2.344111436154448
1262,134.414201,666.5791176470588,8.500857164497845,0.17615727210545953,0.0022465267348038723,0.009044896235417307,0.012637611306019331,2.3459703688874547
1263,134.52071,663.2218717948717,6.886006176447867,0.17527005068574836,0.001819769074114127,0.014035871535634755,0.01023692879727818,2.3478293016204614
1264,134.627219,666.640619047619,9.580364097862827,0.17617352511829254,0.0025318086939383764,0.008953466538386055,0.014242436415067635,2.3496882343534677
1265,134.733728,668.1179999999999,13.82657875976555,0.1765639534883721,0.003653958446026845,0.006757150818004225,0.02055497753658607,2.351547167086475
1266,134.840237,666.3706,9.041406162760296,0.1761021670190275,0.002389377949989506,0.009354884384021897,0.013441206519973565,2.3534060998194812
1267,134.946746,666.2496,7.726398013119882,0.17607019027484144,0.0020418599400422494,0.009534766358090911,0.011486278735889897,2.3552650325524875
1268,135.053254,665.5801818181818,8.321401459554894,0.17589328272150684,0.0021991018656328976,0.010529942093819208,0.012370827450952547,2.357123947832202
1269,135.159763,671.9597727272727,10.712129146469888,0.17757922112242938,0.0028309009372277693,0.0010458643543166163,0.015924949895445475,2.3589828805652084
1270,135.266272,672.7746818181818,6.434845344545999,0.17779457764751105,0.0017005405244571866,-0.00016560222386098933,0.009566220524012771,2.360841813298215
1271,135.372781,669.8683571428571,8.569408662835967,0.17702652144367262,0.0022646428812991516,0.004155021080955517,0.012739521874998246,2.362700746031222
1272,135.47929,671.1777142857143,10.47797272444844,0.17737254605859257,0.00276902027601703,0.002208494241133481,0.015576846429047593,2.3645596787642282
1273,135.585799,671.3401428571428,9.402417020562908,0.17741547115675024,0.002484782510719589,0.001967023397548532,0.013977895327922955,2.3664186114972354
1274,135.692308,672.6164285714285,7.819988187787921,0.17775275596496526,0.0020665930728826455,6.966146563323002e-05,0.011625412499301074,2.3682775442302417
1275,135.798817,673.7689333333333,8.142820277051921,0.17805732910500352,0.002151908107043313,-0.0016436842508571437,0.012105343685330982,2.3701364769632485
1276,135.905325,673.7655862068966,9.408682842069886,0.17805644455784791,0.0024864383832108646,-0.0016387083193620377,0.0139872102728968,2.3719953922429626
1277,136.011834,676.1701428571429,13.49080743187824,0.178691898218061,0.0035652239513420305,-0.0052133892863621255,0.02005581051760975,2.373854324975969
1278,136.118343,670.4516363636363,8.157935292855926,0.17718066500096097,0.0021559025615369757,0.003287901926681308,0.01212781408930544,2.3757132577089757
1279,136.224852,667.1544761904762,8.514359362976437,0.17630932246048525,0.0022500949690741133,0.008189552180976186,0.012657684050784657,2.3775721904419824
1280,136.331361,670.7128095238095,11.067511778259128,0.17724968539212724,0.0029248181232185803,0.0028996346239888804,0.016453271625661032,2.3794311231749887
1281,136.43787,662.1601363636363,8.559084198315418,0.17498946521237746,0.0022619144287302855,0.015614277034061286,0.012724173238145647,2.381290055907996
1282,136.544379,667.5468205128205,9.899171177086098,0.17641300753510056,0.0026160600362278266,0.007606282170909657,0.014716383908934205,2.383148988641002
1283,136.650888,666.3462692307693,6.084343162956483,0.1760957371117255,0.0016079130980328996,0.00939105518402067,0.009045154207154876,2.385007921374009
1284,136.757396,664.6895135135135,8.038805223627673,0.17565790526255642,0.0021244199851024504,0.011854034431706887,0.011950712006464517,2.386866836653723
1285,136.863905,667.4179523809523,7.2612000556119725,0.1763789514748817,0.001918921790595121,0.007797861129215623,0.010794702480275154,2.3887257693867294
1286,136.970414,665.9843333333333,6.802628875323464,0.17600008809020437,0.0017977349036267106,0.009929119181683465,0.010112977776461635,2.3905847021197366
1287,137.076923,665.7394736842105,10.446910182640304,0.17593537888060531,0.002760811359048707,0.010293134363948346,0.015530667988220732,2.392443634852743
1288,137.183432,661.0257391304348,6.3495836886966535,0.17468967736005148,0.0016780083743913076,0.017300703593455456,0.009439468168917204,2.39430256758575
1289,137.289941,663.5685,7.0700260910813935,0.17536165433403805,0.0018684001297783791,0.013520564380209526,0.010510497933743335,2.3961615003187564
1290,137.39645,663.8301785714285,8.968281461592198,0.17543080829054666,0.0023700532403784992,0.013131545719051481,0.013332497300144484,2.3980204330517627
1291,137.502959,663.3663636363636,8.010613017059987,0.17530823563328848,0.002116969613387954,0.013821065934937067,0.011908800686045034,2.3998793657847695
1292,137.609467,661.6092727272727,7.297697250514937,0.17484388814145685,0.001928566926668854,0.01643320627663907,0.010848960227937392,2.4017382810644836
1293,137.715976,665.6882272727272,8.704441690100735,0.17592183596002306,0.002300328142204209,0.010369318708258739,0.012940265738708136,2.4035972137974904
1294,137.822485,660.4762857142857,7.2449795316678385,0.17454447296889158,0.0019146351827874848,0.01811753636333847,0.010770588597072691,2.405456146530497
1295,137.928994,660.7993181818182,6.617785368206949,0.1746298409571401,0.0017488861966720194,0.017637307289387102,0.009838184264445472,2.4073150792635034
1296,138.035503,665.0662173913043,9.885380794415184,0.1757574570273003,0.002612415643344398,0.011294015942645267,0.014695882741512624,2.4091740119965106
1297,138.142012,665.02372,7.650307137189544,0.17574622621564484,0.0020217513576082265,0.011357193749592438,0.011373159917947875,2.411032944729517
1298,138.248521,665.4279523809523,9.897241416052225,0.17585305295479714,0.002615550057096246,0.010756250620102195,0.014713515072370082,2.4128918774625236
1299,138.35503,661.3054761904763,8.242479212100253,0.17476360364441762,0.002178245034910215,0.016884838679567013,0.012253499437150065,2.41475081019553
1300,138.461538,663.9439047619047,6.392368660400955,0.17546086278063022,0.0016893151850953777,0.0129624771930498,0.00950307350090604,2.416609725475244
1301,138.568047,669.6117272727273,10.14310151300037,0.1769587017105516,0.002680523655655484,0.004536534201980559,0.015079017548269454,2.418468658208251
1302,138.674556,670.4372272727273,10.242447456456308,0.1771768571016721,0.0027067778690423624,0.0033093228830223323,0.015226707998059537,2.4203275909412576
1303,138.781065,667.8711388888889,8.239796332964197,0.17649871535118627,0.0021775360287960353,0.007124141429471407,0.012249510994214665,2.4221865236742643
1304,138.887574,667.6765909090909,9.048473671125782,0.1764473020372862,0.0023912456847583925,0.00741336188118373,0.013451713274986211,2.424045456407271
1305,138.994083,668.8987391304348,12.03451588790037,0.17677027989704935,0.0031803688921512602,0.005596482255892555,0.017890846899835312,2.4259043891402774
1306,139.100592,669.8840434782609,10.109225033144266,0.17703066688114716,0.0026715710975539894,0.004131701337332986,0.015028655828674268,2.427763321873284
1307,139.207101,668.3259545454546,8.530043937123903,0.17661890976359793,0.002254239941100393,0.006447999791946521,0.012681001176074487,2.4296222546062904
1308,139.313609,664.2517727272727,7.953980308965548,0.17554222323659427,0.002102003252897871,0.012504792090876309,0.011824608922996258,2.431481169886005
1309,139.420118,665.340409090909,7.620504786799088,0.17582991783586394,0.0020138754721984956,0.010886394916213588,0.011328854912822848,2.4333401026190113
1310,139.526627,662.2953636363636,8.485289026395753,0.17502520180665002,0.002242412533402683,0.015413244399630316,0.012614467277801281,2.435199035352018
1311,139.633136,667.7608095238096,11.782581269055793,0.17646955854223295,0.0031137899759661226,0.007288160140118112,0.017516313870297475,2.437057968085025
1312,139.739645,665.9460454545455,7.418302395184962,0.1759899697290025,0.0019604393221947496,0.009986039009941942,0.011028255199062328,2.4389169008180316
1313,139.846154,668.879695652174,11.572493400044422,0.17676524726537365,0.0030582699260159633,0.005624792821700031,0.017203991385952695,2.4407758335510383
1314,139.952663,664.8334333333333,5.956172872617561,0.17569593904157857,0.0015740414568228304,0.011640079214377624,0.008854612679525505,2.4426347662840446
1315,140.059172,668.9956818181819,7.801415856761519,0.17679589900057657,0.002061684951575458,0.005452364553053796,0.011597802354110214,2.4444936990170514
1316,140.16568,665.8500454545455,7.500303755609288,0.17596459975014414,0.001982109871989778,0.01012875528688923,0.011150160708066258,2.446352614296766
1317,140.272189,667.5031904761904,10.92576232406255,0.1764014773985704,0.002887357908050356,0.007671143799981658,0.01624254293438762,2.448211547029772
1318,140.378698,670.0086923076923,8.3190277460576,0.17706360790372416,0.002198474562911631,0.0039463949116841,0.012367298622276783,2.450070479762779
1319,140.485207,669.8105238095238,7.67045192031765,0.17701123779321454,0.002027075031796419,0.004240997726963725,0.011403107714280733,2.4519294124957853
1320,140.591716,669.3644,7.260274215600545,0.17689334038054969,0.0019186771182876726,0.00490421782230519,0.01079332610069728,2.453788345228792
1321,140.698225,667.6533333333333,6.040897386426399,0.17644115574348135,0.001596431656032345,0.007447937241839372,0.008980566504285513,2.455647277961799
1322,140.804734,671.8178095238096,9.542976986344717,0.1775417044196114,0.0025219283790551546,0.0012569108112101264,0.014186855692550182,2.457506210694805
1323,140.911243,668.5035238095238,10.541584831604093,0.1766658361018826,0.002785831086576132,0.006184020372485716,0.015671413961360334,2.4593651434278123
1324,141.017751,668.3873333333333,8.32951056385268,0.17663513037350245,0.0022012448635974347,0.006356752374346537,0.01238288267152297,2.4612240587075265
1325,141.12426,667.5324,10.638889064377812,0.17640919661733617,0.0028115457358292317,0.007627720107382692,0.015816069147117404,2.4630829914405323
1326,141.230769,670.0606428571429,6.772411634654701,0.17707733690727875,0.0017897493749087494,0.0038691637762367005,0.010068055983879685,2.4649419241735395
1327,141.337278,672.2221818181819,6.283853175184196,0.17764856813376897,0.0016606377312854625,0.0006557596825283641,0.009341751354642878,2.466800856906546
1328,141.443787,674.4453913043478,6.910642508868121,0.1782360970677452,0.0018262797327875618,-0.0026493255335082733,0.010273553856035015,2.4686597896395526
1329,141.550296,676.9302105263157,11.344196290085687,0.17889276176699678,0.002997937708796429,-0.00634332707774095,0.016864598536253394,2.4705187223725593
1330,141.656805,681.158619047619,8.49291914170969,0.18001020587939193,0.0022444289486547807,-0.012629397094122304,0.012625810419991747,2.4723776551055656
1331,141.763314,679.9017619047619,13.012402395041295,0.1796780554716601,0.003438795558943257,-0.010760918218255812,0.019344600249586782,2.474236587838573
1332,141.869822,683.799,7.769841023071776,0.18070798097251586,0.002053340650917494,-0.016554661044605196,0.01155086232588703,2.476095503118287
1333,141.976331,686.5022727272727,11.197575588712722,0.18142237651354987,0.0029591901661502997,-0.020573421661371008,0.016646628113093486,2.477954435851293
1334,142.08284,684.7295128205128,8.475748974424766,0.18095388816609748,0.0022398913780192235,-0.017937987350806383,0.012600284770518172,2.4798133685843
1335,142.189349,687.7612727272727,7.546825319183438,0.1817550932154526,0.0019944041541182385,-0.02244508616841938,0.011219320961723202,2.4816723013173063
1336,142.295858,690.3824615384616,9.992079131007916,0.18244779638965686,0.002640612878173338,-0.026341818546635698,0.014854503463960346,2.4835312340503135
1337,142.402367,693.0259487179487,7.599105113341734,0.1831463923673226,0.002008220167373612,-0.03027170030095145,0.011297041561534096,2.48539016678332
1338,142.508876,692.0133636363636,10.375067428560934,0.1828787958869883,0.0027418254303808016,-0.02876636308286609,0.015423864546680675,2.487249099516326
1339,142.615385,695.7650476190476,10.393896191882005,0.18387025571327897,0.002746801319207717,-0.034343721106735364,0.015451855911271323,2.4891080322493333
1340,142.721893,686.2273636363636,5.682469244845471,0.18134972611954642,0.0015017096313016567,-0.020164734141021948,0.00844771723429003,2.4909669475290475
1341,142.828402,688.6018636363636,6.593303870814706,0.18197723669037094,0.0017424164563463892,-0.023694732053640175,0.009801789387758898,2.492825880262054
1342,142.934911,686.0710454545455,14.217118298449979,0.18130841581779744,0.00375716656935782,-0.01993234717301925,0.021135564504937674,2.4946848129950605
1343,143.04142,682.0652380952381,8.627903661404465,0.18024979865096144,0.0022801013904345767,-0.013977202251264914,0.012826482170995432,2.4965437457280673
1344,143.147929,682.273619047619,7.79429538493499,0.18030486761300715,0.0020598032201202404,-0.014286987185749712,0.011587216862139496,2.498402678461074
1345,143.254438,684.8881600000001,12.626667776575086,0.18099581395348835,0.003336857234824281,-0.018173836671687617,0.018771156409616175,2.5002616111940807
1346,143.360947,677.4410384615385,7.93132659007693,0.17902775857863065,0.002096016540718005,-0.007102738130612311,0.01179093127280051,2.5021205439270875
1347,143.467456,683.8021111111111,10.904190282544967,0.1807088031477566,0.002881657051412528,-0.016559286109135905,0.016210473335934075,2.503979476660094
1348,143.573964,680.6955909090909,7.988355261069439,0.17988784114933692,0.0021110875425659295,-0.011941046551908004,0.011875711685334953,2.505838391939808
1349,143.680473,685.7461818181818,7.220505394765937,0.18122256390543917,0.0019081673876231377,-0.01944939583242156,0.010734204662696261,2.5076973246728147
1350,143.786982,685.6535652173912,8.993483291331698,0.1811980880595643,0.0023767133433751897,-0.01931170941108473,0.013369963042984894,2.509556257405821
1351,143.893491,682.5622272727273,7.861396634258172,0.18038113828560445,0.002077536108419174,-0.014716040220997782,0.011686971450492769,2.5114151901388277
1352,144.0,682.9761818181819,11.370644600550765,0.1804905343071305,0.0030049272200187074,-0.015331436591338187,0.016903917332098412,2.5132741228718345
1353,144.106509,678.2346363636364,8.507306465036004,0.17923748318277918,0.0022482310954112074,-0.008282522901243526,0.012647199016037246,2.5151330556048412
1354,144.213018,677.6823499999999,7.28153666351075,0.1790915301268499,0.0019242961584330697,-0.007461478592629561,0.010824935448661132,2.516991988337848
1355,144.319527,676.7670476190476,8.450880661068373,0.17884964260545658,0.0022333194136015767,-0.0061007645500200285,0.012563314842432852,2.5188509210708543
1356,144.426036,669.0674545454546,9.22943880421188,0.1768148664232174,0.002439069451430211,0.005345665215317165,0.013720741088020853,2.520709853803861
1357,144.532544,670.9512857142856,14.466880500449498,0.177312707641196,0.003823171379611386,0.002545109269349988,0.021506867959016067,2.522568769083575
1358,144.639053,666.1183846153847,10.451235134956715,0.17603551390469996,0.0027619543168490297,0.00972983480778377,0.015537097582935054,2.5244277018165815
1359,144.745562,662.5797142857142,5.86985864517074,0.1751003473270915,0.0015512311430155243,0.014990520795225445,0.008726295542142206,2.5262866345495882
1360,144.852071,667.0849666666667,7.947770168671397,0.17629095313601129,0.002100362095314843,0.008292886977335302,0.011815376755266036,2.528145567282595
1361,144.95858,665.4127333333333,8.428227743241994,0.17584903100775193,0.0022273329131189163,0.010778875680673804,0.01252963838311858,2.5300045000156017
1362,145.065089,665.5166923076922,9.243459665463176,0.17587650430964383,0.0024427747530293828,0.010624327370509525,0.013741584891326838,2.5318634327486085
1363,145.171598,662.6614782608696,8.014136894885185,0.17512195514293594,0.0021179008707413413,0.014868968189781983,0.011914039381082887,2.533722365481615
1364,145.278107,666.8546363636364,11.08572220533477,0.17623008360561213,0.0029296306039468234,0.008635302428550172,0.016480343754347045,2.5355812982146215
1365,145.384615,665.8417666666667,7.454410889017226,0.17596241190979564,0.0019699817359982094,0.010141062763802744,0.011081935092873951,2.5374402134943357
1366,145.491124,664.7194666666667,6.649653160430471,0.1756658210007047,0.0017573079176613298,0.0118095052389897,0.009885559812994145,2.539299146227343
1367,145.597633,666.1653846153846,9.578566097603229,0.176047934623516,0.0025313335353073937,0.009659963297194993,0.014239763457744739,2.541158078960349
1368,145.704142,669.3431428571429,9.136797607946232,0.1768877227423739,0.002414587105694025,0.004935819283629226,0.013583018102364737,2.5430170116933555
1369,145.810651,668.6827272727273,7.836504190139751,0.17671319431097443,0.002070957766950251,0.00591761150702259,0.011649965648943847,2.5448759444263627
1370,145.91716,667.7737727272727,7.4815758967124255,0.17647298433596,0.001977160649236901,0.007268888680372529,0.011122319350806285,2.546734877159369
1371,146.023669,667.7857619047619,8.23725683043063,0.17647615272324574,0.0021768649129044974,0.007251065234800493,0.012245735698934576,2.548593809892376
1372,146.130178,664.8469032258065,9.780716293996898,0.17569949873832094,0.0025847558916482307,0.011620054496620907,0.014540285576635026,2.550452742625382
1373,146.236686,662.8226538461538,7.313712736728498,0.17516454911367701,0.0019327993490297316,0.014629360070338505,0.01087276929633218,2.552311657905096
1374,146.343195,663.5505384615384,7.534775119302594,0.17535690762725645,0.001991219640407657,0.013547266504141599,0.011201406798562106,2.5541705906381034
1375,146.449704,665.5809523809525,8.706059254773045,0.17589348635860264,0.0023007556170119015,0.010528796553717426,0.012942670455455555,2.5560295233711097
1376,146.556213,664.6845333333333,6.978716069661533,0.17565658914728682,0.001844269574434863,0.011861438106434438,0.010374753909732717,2.5578884561041164
1377,146.662722,667.7014,11.690174817219054,0.17645385835095137,0.0030893696662841015,0.007376479994840063,0.017378939862255284,2.559747388837123
1378,146.769231,667.9201363636364,5.1051110178260455,0.17651166394387852,0.001349130818664388,0.007051300417223716,0.007589400394445214,2.5616063215701295
1379,146.87574,668.608409090909,6.704139614263129,0.1766935541995003,0.0017717070862217636,0.006028094988466154,0.009966560894609355,2.5634652543031367
1380,146.982249,675.7502272727272,11.449349505048076,0.17858092686911398,0.003025726613384802,-0.0045891310692794144,0.017020922237799937,2.5653241870361425
1381,147.088757,668.3416538461539,7.127525747086769,0.1766230586274191,0.0018835955991244062,0.006424660773754016,0.010595978525731202,2.5671831023158567
1382,147.195266,669.3569473684211,8.56932288771473,0.17689137086903306,0.0022646202134552775,0.004915297112226114,0.0127393943593112,2.569042035048864
1383,147.301775,666.3971428571429,7.7954549019651225,0.17610918151615826,0.002060109646396695,0.009315425032449288,0.011588940632489423,2.57090096778187
1384,147.408284,670.2446666666666,10.249251813343898,0.17712596899224806,0.0027085760606088615,0.003595588849519044,0.01523682354474726,2.572759900514877
1385,147.514793,662.8429666666667,8.369215414483175,0.17516991719520789,0.0022117376888169094,0.014599162464943815,0.012441909009634768,2.5746188332478837
1386,147.621302,667.6048181818182,7.487196961902379,0.17642833461464538,0.00197864613158097,0.0075200612189203824,0.011130675783060352,2.57647776598089
1387,147.727811,668.8687096774194,10.692514463223173,0.17676234399508967,0.002825717352860249,0.005641124878112611,0.015895790160378072,2.578336698713897
1388,147.83432,664.5162692307692,7.584731892731318,0.17561212188973815,0.0020044217475505585,0.01211158421332845,0.011275673930979247,2.580195631446903
1389,147.940828,666.501475,7.628132755313868,0.176136753435518,0.0020158913201146597,0.009160321959589863,0.011340194863521788,2.5820545467266176
1390,148.047337,670.4794545454546,8.93004873728113,0.17718801652892563,0.002359949454884017,0.003246546641884053,0.013275659466069154,2.5839134794596244
1391,148.153846,670.5022727272727,8.701667991071567,0.17719404670382471,0.002299595135061197,0.0032126244965111793,0.012936142280387159,2.5857724121926307
1392,148.260355,667.3293636363636,8.64855893608849,0.1763555400730348,0.0022855599725392388,0.007929559627206638,0.012857188878310303,2.5876313449256374
1393,148.366864,667.2705652173913,11.05031132357029,0.17634000137880318,0.002920272548512233,0.008016970996437039,0.016427700950088206,2.589490277658644
1394,148.473373,663.7858,6.291890369091522,0.17541908033826636,0.001662761725447016,0.01319752014082778,0.009353699671221584,2.591349210391651
1395,148.579882,665.2056,7.885847946374133,0.1757942917547569,0.0020839978716633554,0.011086805869892717,0.01172332145290599,2.5932081431246576
1396,148.686391,665.8313333333333,7.618231719587782,0.17595965468639885,0.002013274767332927,0.010156573248068231,0.011325475707722335,2.595067075857664
1397,148.792899,669.3815999999999,7.332812521599273,0.17689788583509514,0.0019378468608877571,0.004878647822685458,0.010901163569116058,2.5969259911373785
1398,148.899408,665.6476666666667,7.15120426455107,0.1759111169837914,0.001889853135452187,0.010429617236255552,0.010631179670065967,2.598784923870385
1399,149.005917,669.3251428571429,9.334584196876172,0.17688296587133795,0.0024668562888150907,0.004962578585556841,0.013877053160720994,2.6006438566033916
1400,149.112426,669.697238095238,8.853447452290927,0.1769812997080439,0.0023397059863348056,0.004409411428778011,0.013161781859785983,2.602502789336398
1401,149.218935,668.8548181818182,6.2693960720491155,0.17675867288103017,0.0016568171437761953,0.005661776362835827,0.009320259021987872,2.6043617220694046
1402,149.325444,669.7432608695652,9.042456475464617,0.17699346217483225,0.002389655516771831,0.004340992689124369,0.01344276794412763,2.6062206548024114
1403,149.431953,672.3592173913044,10.928770062864178,0.17768478260869566,0.002888152765027538,0.0004520387783056176,0.016247014322760538,2.608079587535418
1404,149.538462,670.1850476190476,7.46941754406722,0.17711021342998087,0.001973947553928972,0.0036842201881787627,0.011104244404729856,2.609938520268425
1405,149.64497,670.1388095238095,8.250225230980345,0.17709799406020338,0.002180292080068801,0.0037529590299028998,0.012265014884813942,2.611797435548139
1406,149.751479,672.6773181818181,8.857624390677248,0.17776884729963482,0.002340809828403077,-2.085872707070732e-05,0.013167991412864495,2.6136563682811453
1407,149.857988,670.6785,7.650365112669024,0.17724061839323466,0.0020217666788237363,0.002950640118800653,0.011373246105912258,2.615515301014152
1408,149.964497,672.4578461538462,11.285472677502543,0.17771084729224265,0.0029824187836951714,0.0003054145096609577,0.016777298376287084,2.6173742337471584
1409,150.071006,672.181619047619,8.46693256425364,0.177637848585523,0.0022375614598978966,0.0007160614283344514,0.012587178049313317,2.6192331664801656
1410,150.177515,669.2674545454546,8.33287810410279,0.17686772054583894,0.0022021348055239853,0.005048339638343645,0.012387888950762134,2.621092099213172
1411,150.284024,667.2073181818182,5.981919722012838,0.17632328704593503,0.00158084559249811,0.008110995803155273,0.008892888663783951,2.6229510319461786
1412,150.390533,666.1141363636364,7.946726947051597,0.1760343912166058,0.0021000864024977683,0.009736150377294663,0.011813825872915929,2.6248099646791854
1413,150.497041,662.8954358974358,10.481232671064646,0.17518378327099257,0.0027698817841079904,0.014521160243384738,0.015581692756590413,2.6266688799588995
1414,150.60355,663.2384615384615,8.338906601449155,0.1752744348674581,0.002203727960213839,0.01401120876021142,0.012396851083021125,2.6285278126919063
1415,150.710059,660.6742857142857,6.92444685258582,0.17459679855028692,0.0018299278151653854,0.017823184042134628,0.010294075778338015,2.6303867454249126
1416,150.816568,663.5213333333334,6.990985083186295,0.1753491895701198,0.001847511914161278,0.01359068366211246,0.010392993367358435,2.632245678157919
1417,150.923077,665.357,8.109777805379851,0.1758343023255814,0.002143175952795948,0.010861730408123757,0.012056221825558364,2.634104610890926
1418,151.029586,659.694,6.4385474759451675,0.1743377378435518,0.0017015188889918517,0.019280504120129223,0.009571724215784243,2.6359635436239324
1419,151.136095,660.0265714285714,7.438130447709495,0.1744256266988825,0.001965679293792148,0.01878609416070465,0.011057732134847904,2.6378224763569396
1420,151.242604,660.242935483871,8.83474916050435,0.174482805360431,0.0023347645773003005,0.018464441322813316,0.013133984457816697,2.639681409089946
1421,151.349112,660.0484,9.156871458790954,0.1744313953488372,0.0024198920345642025,0.01875364319773209,0.01361286044878721,2.64154032436966
1422,151.455621,659.5500384615384,10.537777790334237,0.17429969303951862,0.0027848249974456295,0.019494521357554546,0.015665754307649767,2.6433992571026668
1423,151.56213,663.1845714285714,8.613746644587525,0.17526019329507703,0.0022763601069205907,0.014091323300292608,0.012805435955028841,2.645258189835673
1424,151.668639,658.3942413793104,7.885498805018035,0.17399424983596995,0.002083905603863121,0.021212761529243524,0.01172280240963026,2.6471171225686803
1425,151.775148,658.1513043478261,8.60768582264384,0.173930048717713,0.0022747584097896063,0.021573918494515013,0.012796425768122156,2.6489760553016866
1426,151.881657,663.0139999999999,10.098097075772438,0.17521511627906974,0.002668630305436701,0.014344899542368637,0.015012112696943677,2.6508349880346933
1427,151.988166,662.8307931034483,9.98012533695741,0.17516670008019247,0.00263745384169065,0.014617260023482488,0.014836732620394918,2.6526939207677
1428,152.094675,660.8228333333334,9.373441384307982,0.17463605532064835,0.002477125101561303,0.017602349009427785,0.013934819339084527,2.6545528535007064
1429,152.201183,658.0331363636363,7.168981087829875,0.1738988203920815,0.0018945510274391724,0.021749590314910045,0.010657607191256566,2.6564117687804205
1430,152.307692,661.5203793103449,8.027440881189033,0.17482039622366408,0.002121416723358626,0.016565357709025258,0.011933817458102068,2.6582707015134273
1431,152.414201,663.4116538461539,9.942837912557184,0.17532020450479752,0.002627599871183188,0.013753736246151458,0.014781300095526636,2.6601296342464336
1432,152.52071,669.8781428571428,14.742326387940652,0.1770291075203866,0.003895963633176705,0.0041404733652250355,0.02191635349613256,2.6619885669794408
1433,152.627219,664.788775,6.985794756788546,0.1756841371564482,0.0018461402634219204,0.011706469538002673,0.010385277283403983,2.663847499712447
1434,152.733728,664.4176551724138,6.46763230178811,0.17558606109207553,0.0017092051537495035,0.0122581866223196,0.009614962528908868,2.665706432445454
1435,152.840237,667.3756829268292,9.436521396783409,0.17636778090032484,0.002493795295133035,0.007860700078393169,0.014028595844608338,2.6675653651784605
1436,152.946746,664.9373076923077,6.882202486176121,0.17572338998211093,0.0018187638705539479,0.011485656695803596,0.010231274125254793,2.669424297911467
1437,153.053254,665.90575,7.118263394255667,0.17597932082452433,0.0018811478314629106,0.010045943356302645,0.010582208853733023,2.6712832131911814
1438,153.159763,663.0288800000001,10.099636974994057,0.1752190486257928,0.0026690372555481044,0.014322778519441805,0.015014401954066359,2.6731421459241878
1439,153.266272,663.8895454545454,7.519635570749635,0.17544649721314626,0.001987218702629396,0.013043289255172268,0.011178899923518972,2.675001078657194
1440,153.372781,664.4964827586207,9.623878415619192,0.17560689290661222,0.002543308249370825,0.01214099933456764,0.014307126013235243,2.6768600113902012
1441,153.47929,658.2559666666667,8.772056710366458,0.1739577078928823,0.0023181968050651324,0.021418324572831694,0.01304078411327105,2.6787189441232075
1442,153.585799,659.6571923076923,9.079713784119981,0.17432801065213857,0.0023995015285729372,0.019335223461891444,0.013498155698089827,2.6805778768562143
1443,153.692308,659.4901923076923,7.729344898601592,0.17428387745974955,0.0020426387152752594,0.019583490318664305,0.011490659658020532,2.682436809589221
1444,153.798817,660.1549310344827,11.05622316335607,0.174459548370635,0.002921834874037014,0.01859527119126625,0.016436489655964576,2.684295742322228
1445,153.905325,656.4058181818182,8.290363049298701,0.1734687680184509,0.0021908993259246064,0.024168806901553045,0.012324684884763766,2.686154657601942
1446,154.011834,660.3763333333334,9.08018673986217,0.1745180584918957,0.0023996265168768982,0.018266128360021148,0.013498858807284464,2.6880135903349487
1447,154.118343,661.5597,7.062526080025069,0.17483078752642708,0.0018664180972582135,0.01650690247533164,0.010499348208170205,2.6898725230679554
1448,154.224852,660.564325,7.269766322162349,0.17456773916490487,0.0019211856031084446,0.01798665470623178,0.010807437330998204,2.6917314558009617
1449,154.331361,663.7204210526315,8.466195774904092,0.17540180260376098,0.0022373667481247685,0.01329471430706899,0.01258608271772103,2.693590388533968
1450,154.43787,663.2995714285714,7.572342778634798,0.17529058441558443,0.0020011476687724133,0.01392036109353287,0.011257255928494607,2.695449321266975
1451,154.544379,672.0235862068965,10.318363427533457,0.1775960851498141,0.0027268402292636024,0.0009509974560774002,0.015339566797569648,2.6973082539999815
1452,154.650888,667.058,6.95117773714162,0.17628382663847778,0.001836992002415862,0.00833297637596392,0.010333814656705846,2.6991671867329883
1453,154.757396,665.7318,8.216192992034252,0.1759333509513742,0.0021712983594170897,0.010304542276875373,0.012214421609412189,2.7010261020127024
1454,154.863905,665.784325,6.8043210380685535,0.1759472317653277,0.0017981820925128326,0.010226457147222697,0.010115493392784234,2.702885034745709
1455,154.970414,666.442,7.843486369502469,0.1761210359408034,0.0020728029517712724,0.009248739153042383,0.011660345551481634,2.704743967478716
1456,155.076923,668.5810270270271,8.212268232773898,0.17668631792469,0.0021702611608810456,0.006068801928178482,0.012208586952854313,2.7066029002117222
1457,155.183432,669.7458260869565,7.040532402725942,0.17699414008640502,0.0018606058146738733,0.004337179165419686,0.010466651794206507,2.708461832944729
1458,155.289941,675.3190000000001,6.058455076997762,0.17846696617336152,0.001601071637684405,-0.003948056580927626,0.009006668256682797,2.7103207656777357
1459,155.39645,677.3395897435897,9.085872931783895,0.17900094866373936,0.0024011292103022952,-0.006951921637625691,0.013507312058754035,2.712179698410742
1460,155.502959,680.2736,7.483396170600196,0.17977632135306554,0.0019776416941332427,-0.011313703099292817,0.011125025420725946,2.714038631143749
1461,155.609467,679.0716086956522,8.25040381237146,0.17945867037411528,0.0021803392738825225,-0.009526789308880923,0.012265280368889667,2.715897546423463
1462,155.715976,682.1686666666667,9.670776847458166,0.18027713178294574,0.0025557021267067067,-0.014130962049642662,0.014376846529763657,2.7177564791564697
1463,155.822485,682.5563636363636,9.071420314820532,0.1803795886988276,0.0023973098083563764,-0.014707323175672858,0.013485826395366966,2.7196154118894764
1464,155.928994,681.0541818181819,5.576867158064762,0.17998260618873727,0.0014738021030826483,-0.012474137796622608,0.008290726227381594,2.7214743446224827
1465,156.035503,684.8055909090909,9.3335745546673,0.18097399336921008,0.002466589470049498,-0.018051087158713994,0.01387555219845942,2.7233332773554895
1466,156.142012,685.1405384615384,7.65540640975132,0.18106251016425434,0.0020230989454945317,-0.01854902953015071,0.011380740638730746,2.725192210088496
1467,156.248521,689.8651428571428,6.602696708813098,0.18231108426457265,0.0017448987074030477,-0.025572758169624423,0.009815753042645354,2.727051142821503
1468,156.35503,690.2939523809524,8.552875794001613,0.18242440602033624,0.0022602737299158575,-0.02621023836501644,0.01271494365117224,2.7289100755545097
1469,156.461538,686.33164,12.159057689914412,0.18137728329809724,0.0032132816305270747,-0.020319754290936395,0.018075994215541024,2.7307689908342234
1470,156.568047,685.988909090909,9.030381719027273,0.1812867095906208,0.0023864645134850124,-0.01981024096447578,0.013424817274504907,2.73262792356723
1471,156.674556,687.8952727272728,11.726380682976226,0.18179050547760905,0.003098937812625847,-0.022644294304991614,0.01743276451188565,2.734486856300237
1472,156.781065,686.2511904761905,7.211711819110967,0.18135602285311586,0.0019058435039933843,-0.020200155785516823,0.010721131887919882,2.7363457890332437
1473,156.887574,685.4983333333333,7.870651238591407,0.18115706483439042,0.0020799818283803915,-0.019080937363623627,0.011700729603357947,2.73820472176625
1474,156.994083,683.8847142857143,6.596470216281276,0.18073063273935366,0.0017432532284041382,-0.01668208629187955,0.00980649656522256,2.7400636544992567
1475,157.100592,680.1164615384615,8.366110285412972,0.17973479427549194,0.002210917094453742,-0.011080096680584536,0.012437292838172829,2.7419225872322635
1476,157.207101,683.4875238095237,16.554797514977476,0.18062566696869023,0.004374946489158958,-0.016091611854370948,0.024610823614103005,2.74378151996527
1477,157.313609,680.064423076923,11.772687642753723,0.179721042039356,0.003111175381277408,-0.011002734852575894,0.017501605729554327,2.7456404352449844
1478,157.420118,678.75844,7.90673323334825,0.1793759090909091,0.0020895172392569354,-0.00906122399325681,0.011754370102905134,2.747499367977991
1479,157.526627,678.5458181818182,9.374781788629313,0.1793197193926581,0.002477479331033121,-0.008745134469416426,0.013936812021525621,2.7493583007109974
1480,157.633136,676.1822,6.871893055531845,0.1786950845665962,0.0018160393909967853,-0.005231313771145398,0.010215947838181886,2.7512172334440046
1481,157.739645,673.0603333333333,6.819188781177223,0.17787006694855534,0.001802111200099693,-0.000590259731639948,0.01013759619427464,2.7530761661770105
1482,157.846154,673.85745,11.26446292424965,0.1780807214587738,0.0029768665233217842,-0.0017752755957993476,0.016746064691247155,2.7549350989100176
1483,157.952663,677.7800454545454,12.196652348970389,0.1791173481645205,0.0032232167941253676,-0.007606715379581666,0.01813188348401575,2.756794031643024
1484,158.059172,673.4823181818182,8.944276352247188,0.17798158514318663,0.002363709395414151,-0.0012175941743891637,0.013296810635212822,2.7586529643760307
1485,158.16568,673.3318181818181,6.185632597563092,0.1779418124159139,0.001634680919017718,-0.0009938566777165946,0.009195733905083438,2.760511879655745
1486,158.272189,672.7857619047619,9.833520076273595,0.17779750578878484,0.002598710379564904,-0.0001820741895376711,0.01461878515179408,2.7623708123887516
1487,158.378698,669.0949523809525,7.916908724219257,0.1768221332930635,0.002092206322468087,0.005304786166292557,0.011769497271376212,2.7642297451217583
1488,158.485207,667.4285454545454,8.789258263992973,0.17638175091293484,0.002322742670188417,0.00778211317062567,0.013066356422555268,2.766088677854765
1489,158.591716,667.8397142857143,8.29063568215886,0.17649041075203864,0.0021909713747777166,0.0071708581208216535,0.012325090188376011,2.767947610587771
1490,158.698225,663.5331428571428,7.371940302835568,0.17535231048021746,0.0019481871836246254,0.013573127294710224,0.010959332019774939,2.769806543320778
1491,158.804734,664.4289666666666,6.182969906195534,0.1755890503875969,0.0016339772479375119,0.012241370639543751,0.009191775473847726,2.7716654760537844
1492,158.911243,665.5320333333333,11.020490590755003,0.1758805584918957,0.0029123918051678155,0.010601520974009081,0.01638336861713781,2.7735244087867916
1493,159.017751,666.6700344827586,9.68934531727195,0.1761812987533717,0.0025606092276088646,0.008909736732262046,0.014404450934768144,2.7753833240665053
1494,159.12426,668.1795333333333,11.5668688450315,0.17658021494009865,0.003056783521414247,0.006665673648822031,0.017195629765630563,2.777242256799512
1495,159.230769,665.9911904761905,7.0896962460958015,0.1760019002315514,0.001873598373703964,0.009918925161901506,0.010539740134687418,2.779101189532519
1496,159.337278,664.551947368421,9.30019420589836,0.17562155057304996,0.0024577680248145774,0.012058544099015116,0.013825928041172927,2.7809601222655256
1497,159.443787,664.8220625,6.475732779247904,0.17569293406448203,0.001711345871894265,0.011656983412285132,0.009627004924581344,2.7828190549985314
1498,159.550296,669.7650384615384,6.998332329809833,0.17699921735241503,0.001849453575531142,0.004308617513631656,0.010403915989065975,2.7846779877315386
1499,159.656805,670.8334871794872,11.045001491200473,0.1772815769501816,0.002918869315856362,0.0027202318559780207,0.016419807205223253,2.786536920464545
1500,159.763314,670.816,13.191599653892325,0.177276955602537,0.0034861521284070564,0.0027462287846313177,0.019610999891486573,2.788395853197552
1501,159.869822,668.0938571428571,5.617192014571984,0.17655757324071278,0.0014844587776353,0.006793042262653138,0.008350674283518548,2.790254768477266
1502,159.976331,666.0085454545455,8.039983077021231,0.17600648664232174,0.0021247312571409135,0.009893124767137737,0.011952463036163674,2.7921137012102726
1503,160.08284,663.4655,8.713987529254334,0.17533443446088798,0.002302850826969962,0.013673687052350895,0.012954456849378331,2.7939726339432793
1504,160.189349,661.6067727272728,6.866978318853307,0.1748432274649241,0.0018147405705214988,0.01643692284635122,0.01020864145358888,2.795831566676286
1505,160.295858,664.7881923076923,4.65994595693324,0.1756839831679948,0.0012314867750880662,0.011707335784635595,0.006927605601553152,2.797690499409293
1506,160.402367,665.8038636363636,9.302828659916166,0.1759523952527388,0.002458464233593064,0.010197410465572248,0.013829844493977199,2.799549432142299
1507,160.508876,666.4439545454545,8.946107599862158,0.17612155246972902,0.00236419334034412,0.009245833471267397,0.013299533018981359,2.801408364875306
1508,160.615385,672.2380952380952,12.07684272856427,0.17765277358300613,0.003191554632284422,0.0006321023487414674,0.017953771161444632,2.8032672976083126
1509,160.721893,669.8506086956522,7.762083329406355,0.17702183105064803,0.002051290520456217,0.004181406417483573,0.011539329522161718,2.8051262128880263
1510,160.828402,672.1707727272727,8.294550878692664,0.1776349822217951,0.0021920060461661215,0.0007321858706095442,0.012330910628717833,2.8069851456210335
1511,160.934911,678.5902272727272,11.752830957574234,0.1793314554103402,0.003105927842910751,-0.008811154262303531,0.017472086227665523,2.80884407835404
1512,161.04142,675.7245,12.591931516233862,0.17857412790697674,0.0033276774620068367,-0.004550884188241436,0.01871951651637688,2.8107030110870466
1513,161.147929,673.2704545454545,8.428687875782295,0.17792559581010955,0.0022274545126274607,-0.0009026317847815316,0.01253032242898372,2.8125619438200533
1514,161.254438,672.2338484848485,7.441361288102858,0.17765165129092192,0.0019665331099637585,0.0006384156905382247,0.011062535192268267,2.8144208765530596
1515,161.360947,673.4214,7.418536218661071,0.1779654862579281,0.0019605011148681527,-0.0011270315066028095,0.011028602807562066,2.8162798092860664
1516,161.467456,671.6955172413792,10.94340451276701,0.1775093861631552,0.002892020220075842,0.0014387139283749898,0.01626877030406575,2.818138742019073
1517,161.573964,671.9299677419356,6.9782940488530745,0.17757134454068063,0.0018441580467370646,0.001090173276626993,0.01037412652183084,2.819997657298787
1518,161.680473,669.548380952381,11.711681055579456,0.17694196113963556,0.0030950531330812526,0.004630706608211151,0.017410911635900486,2.821856590031794
1519,161.786982,669.9438636363636,8.438648940019982,0.17704647559100517,0.002230086929180752,0.004042771022220225,0.012545130824842416,2.8237155227648003
1520,161.893491,669.4646333333333,7.601832508126529,0.17691982910500353,0.002008940937665579,0.004755208153978623,0.011301096182674174,2.8255744554978075
1521,162.0,671.8389523809524,6.276800637874294,0.1775472918554314,0.0016587739529266075,0.0012254792502157904,0.009331266856018894,2.827433388230814
1522,162.106509,667.7811904761905,10.92531238280647,0.17647494462901442,0.0028872390017987528,0.007257861247988437,0.016241874039169785,2.82929232096382
1523,162.213018,670.337,9.925059989743149,0.17715036997885836,0.0026229016886213396,0.0034583235414829363,0.014754870939736257,2.831151253696827
1524,162.319527,667.0415238095238,9.18300789839063,0.17627947246551898,0.00242679912748167,0.008357470340162229,0.013651715608707272,2.8330101864298336
1525,162.426036,669.0637083333334,10.133655666742447,0.17681387640944327,0.0026780273960735792,0.0053512344387191815,0.015064975089826264,2.8348691191628403
1526,162.532544,666.3783181818181,9.962798996583262,0.17610420670766866,0.0026328749990970545,0.00934341031971055,0.014810974799651992,2.8367280344425545
1527,162.639053,670.5419047619048,8.909569893686037,0.17720452028591563,0.002354537498331403,0.0031537064086931497,0.013245215046130803,2.838586967175561
1528,162.745562,665.9658636363637,7.223116675253783,0.17599520709206226,0.001908857472318644,0.009956576748223651,0.010738086665084665,2.840445899908568
1529,162.852071,671.4112727272727,5.981978810854009,0.17743426869113973,0.0015808612079423966,0.0018612797491664923,0.00889297650690294,2.8423048326415743
1530,162.95858,670.5727142857143,9.256513242808332,0.17721266233766234,0.002446224429917634,0.003107904111478411,0.013760990703405414,2.8441637653745815
1531,163.065089,672.4190869565217,12.298604151813482,0.17770060437540214,0.003250159659570161,0.00036303501319853124,0.018283447877034814,2.846022698107588
1532,163.171598,670.6651904761906,10.467189950598238,0.17723710107721735,0.002766170705760627,0.002970426428030153,0.015560816456765644,2.847881630840594
1533,163.278107,673.0609047619048,9.472184979743396,0.17787021796033425,0.002503220132067491,-0.0005911092332884447,0.01408161432151091,2.849740563573601
1534,163.384615,671.5360322580644,7.7494775930762785,0.17746723896883312,0.0020479591947876003,0.0016758087517884173,0.011520589483024134,2.8515994788533146
1535,163.491124,669.3118181818182,6.188200389499833,0.17687944455122045,0.0016353595109671912,0.004982387419451315,0.009199551256179255,2.853458411586322
1536,163.597633,673.7461818181818,7.313195306048889,0.1780513165481453,0.0019326626073067927,-0.0016098612140098964,0.010872000069455384,2.8553173443193285
1537,163.704142,673.76475,8.235015846979278,0.17805622357293868,0.0021762726868338536,-0.001637465190872108,0.012242404190446296,2.857176277052335
1538,163.810651,673.3384090909091,8.827780736370695,0.17794355419950028,0.002332923027582107,-0.0010036549069577594,0.013123625004186023,2.8590352097853415
1539,163.91716,671.4312413793103,10.368167759525088,0.17743954581905663,0.0027400020506144454,0.0018315937942241529,0.015413607306295575,2.8608941425183483
1540,164.023669,670.7008181818181,6.490387020791082,0.1772465164328272,0.0017152185572915147,0.0029174612873701542,0.009648790328691035,2.862753075251355
1541,164.130178,671.1999999999999,8.099708323333397,0.1773784355179704,0.0021405148846018515,0.002175363676842158,0.012041252252761982,2.8646120079843613
1542,164.236686,662.9221333333334,9.28969771818428,0.1751908386187456,0.002454994111570907,0.014481471090725138,0.013810323669844,2.866470923264076
1543,164.343195,662.5890909090908,9.426458820666804,0.17510282529310014,0.0024911360519732613,0.014976581245447814,0.01401363653835979,2.8683298559970827
1544,164.449704,667.2587272727272,7.752126560356995,0.1763368729579089,0.0020486592389949705,0.00803456961507412,0.01152452751164974,2.870188788730089
1545,164.556213,663.4717037037037,8.989986668146244,0.17533607391746925,0.0023757892886221606,0.013664464453435514,0.013364764865454489,2.8720477214630957
1546,164.662722,665.1691714285714,6.648395735220699,0.1757846647538508,0.0017569756171302066,0.011140961599984336,0.009883690489614166,2.873906654196102
1547,164.769231,664.260380952381,8.764991953654,0.1755444981375214,0.0023163297974772663,0.012491994863391224,0.013030281448942471,2.8757655869291088
1548,164.87574,662.5541363636364,6.527161231532763,0.17509358783394194,0.001724936900510768,0.015028545647423423,0.009703459895823571,2.8776245196621155
1549,164.982249,661.7267727272728,7.568569802191784,0.17487493993849704,0.002000150581974573,0.016258527500167094,0.01125164691650544,2.879483452395122
1550,165.088757,662.8880952380953,8.303000679903368,0.175181843350448,0.002194239080312734,0.014532073072253869,0.012343472338819323,2.8813423676748364
1551,165.195266,660.6653333333334,7.962457518463338,0.17459443269908387,0.0021042435302492967,0.017836492901294434,0.011837211379021561,2.883201300407843
1552,165.301775,660.628875,8.121215814547211,0.17458479783298098,0.0021461986824913367,0.01789069287626356,0.012073225888933928,2.8850602331408495
1553,165.408284,664.2739130434783,7.422820885700062,0.1755480742715323,0.0019616334264535196,0.012471877679425415,0.011034972513059666,2.886919165873856
1554,165.514793,658.9891724137932,7.190189000441458,0.1741514726252096,0.001900155655507781,0.020328320463808294,0.010689135465524791,2.888778098606863
1555,165.621302,659.4339032258065,7.64620561391875,0.1742690019095683,0.002020667445538786,0.01966717123740944,0.011367062479083083,2.8906370313398693
1556,165.727811,660.627409090909,5.964130636836077,0.17458441043628678,0.001576144460051819,0.017892872137594776,0.008866442913713897,2.892495964072876
1557,165.83432,661.7058181818182,8.698495740979832,0.17486940226792236,0.0022987568025845226,0.016289679111754565,0.01293142632494299,2.8943548968058823
1558,165.940828,662.3033448275862,6.410537699064953,0.17502731100094773,0.0016941167280827049,0.015401379338204381,0.009530084100425175,2.896213812085597
1559,166.047337,661.5344666666666,7.2116348843897375,0.1748241190979563,0.0019058231724074408,0.01654441505229313,0.010721017514618006,2.8980727448186037
1560,166.153846,665.8958,6.074636769858286,0.1759766913319239,0.0016053479835777729,0.010060735303757088,0.009030724412513602,2.89993167755161
1561,166.260355,665.5670454545455,8.908310183820982,0.17588981116663463,0.0023542045940330237,0.010549470978306792,0.013243342326318585,2.9017906102846167
1562,166.366864,665.4468181818182,9.575992737974937,0.17585803863155872,0.002530653471980695,0.01072820419446473,0.014235937829563545,2.9036495430176235
1563,166.473373,665.7922857142856,7.615601822199334,0.17594933554817274,0.002012579762737666,0.010214622527382098,0.01132156602893031,2.90550847575063
1564,166.579882,664.6384545454546,7.133823770816993,0.17564441187776283,0.0018852599817169638,0.011929940117395899,0.01060534134342814,2.9073674084836365
1565,166.686391,665.5634545454545,9.503366028875654,0.17588886219488756,0.0025114603670390247,0.010554809323893381,0.014127968938630374,2.909226341216643
1566,166.792899,665.7904871794872,7.094350698644514,0.17594886024827885,0.001874828408732691,0.01021729627936549,0.010546659573635124,2.9110852564963574
1567,166.899408,666.5082,8.533368947842337,0.17613853065539112,0.0022551186437215487,0.009150324387064143,0.01268594422972603,2.912944189229364
1568,167.005917,661.5654666666667,9.881578119096648,0.17483231148696265,0.0026114107080065147,0.016498329587862206,0.014690229578346972,2.914803121962371
1569,167.112426,659.0657826086957,8.025899615146638,0.1741717184483868,0.0021210094120366345,0.020214429611801032,0.011931526169025417,2.916662054695377
1570,167.218935,665.0598636363636,9.216217767224235,0.1757557779165866,0.0024355755198795627,0.011303461611913769,0.013701086325768153,2.918520987428384
1571,167.325444,661.8148275862069,7.712139651544591,0.1748982102500547,0.002038091874086834,0.016127622691477488,0.01146508185797954,2.9203799201613907
1572,167.431953,657.9952173913043,5.505427751167063,0.1738887995220149,0.001454922767221731,0.021805961716544326,0.008184522413009064,2.922238852894397
1573,167.538462,668.2067391304347,7.554032957887693,0.17658740463277875,0.0019963089212176725,0.0066252287522209595,0.01123003603840502,2.9240977856274037
1574,167.64497,665.5520869565217,10.907879932803576,0.17588585807519072,0.002882632117548504,0.010571708698584585,0.01621595847289389,2.9259567009071183
1575,167.751479,663.6321739130435,5.6288182487507985,0.17537848147807703,0.0014875312496698781,0.013425904965540452,0.008367958167444787,2.9278156336401246
1576,167.857988,661.4734545454545,8.033394833160802,0.17480799538727657,0.002122990177896617,0.01663511737300198,0.011942668769128443,2.9296745663731314
1577,167.964497,664.3332413793104,8.808975076814608,0.17556375300721733,0.0023279532444013206,0.012383678521014624,0.01309566798629661,2.9315334991061377
1578,168.071006,666.6811219512196,8.20823107677629,0.1761842288454597,0.002169194259190348,0.008893253792475481,0.012202585204172724,2.9333924318391453
1579,168.177515,665.8435000000001,7.894394013053384,0.17596286997885835,0.00208625634594435,0.010138485942135657,0.011736026273937314,2.935251364572151
1580,168.284024,666.7025454545454,8.125700437074524,0.17618989044781855,0.0021473838364361878,0.008861405015039599,0.012079892853836195,2.9371102973051575
1581,168.390533,668.7770588235294,7.331763585193005,0.17673812336774034,0.001937569657820561,0.005777375593177312,0.01089960419100503,2.9389692300381642
1582,168.497041,666.8775217391304,6.3637982359705685,0.17623613153782516,0.0016817648615144209,0.008601280391185032,0.009460599911265338,2.940828145317879
1583,168.60355,664.9171785714286,7.802901132145833,0.17571807044699486,0.002062077466211903,0.011515581208200381,0.011600010405913238,2.9426870780508856
1584,168.710059,662.9336818181818,7.5824660355094,0.17519389054391696,0.002003822948073308,0.014464302791121429,0.011272305444450058,2.944546010783892
1585,168.816568,667.3411818181818,10.564563230492874,0.1763586632711897,0.002791903602138712,0.00791199038856733,0.015705574289898046,2.946404943516898
1586,168.923077,668.9591379310344,7.267064492450752,0.17678624152511482,0.0019204715889140443,0.005506691714708501,0.010803420715608759,2.948263876249906
1587,169.029586,668.883107142857,8.009433254742147,0.17676614882210812,0.002116657836876894,0.005619721204521401,0.01190704681848584,2.9501228089829117
1588,169.136095,671.6714285714286,8.868397702489652,0.17750302023557837,0.0023436568981209426,0.0014745248168331314,0.013184007318617201,2.951981741715919
1589,169.242604,673.0581304347826,8.87105791735815,0.1778694847872047,0.00234435991473524,-0.0005869848412268879,0.013187962068220429,2.9538406744489247
1590,169.349112,670.6524782608695,9.550852974137786,0.17723374161228053,0.0025240097711780635,0.0029893247618047,0.014198564355624244,2.9556995897286393
1591,169.455621,675.4286818181819,8.929536458861092,0.17849595185469921,0.0023598140747518796,-0.004111112630299723,0.01327489789868513,2.957558522461646
1592,169.56213,677.7742727272727,9.090289838649234,0.1791158226023448,0.0024022964689876347,-0.007598133482246284,0.013513878355664857,2.9594174551946524
1593,169.668639,680.8242727272727,7.568858523624895,0.17992184797232366,0.002000226882564719,-0.012132348531092607,0.011252076137838867,2.961276387927659
1594,169.775148,681.5083636363637,7.748514466199356,0.1801026330962906,0.0020477046686573396,-0.01314933715233161,0.011519157671752246,2.9631353206606663
1595,169.881657,683.4141363636364,6.16676666298945,0.18060627282337113,0.001629695206921089,-0.01598251203091546,0.009167687280672196,2.964994253393672
1596,169.988166,686.6057,8.047866888724029,0.18144970930232557,0.002126814716893248,-0.02072717952906319,0.011964183330480101,2.9668531861266794
1597,170.094675,684.4678,7.444199127392808,0.18088472515856238,0.001967283067492816,-0.017548917774004684,0.011066754003289488,2.9687121188596852
1598,170.201183,689.4670454545454,8.468825417389152,0.1822058788199116,0.0022380616853565427,-0.024980935470029744,0.012589992017566526,2.9705710341394
1599,170.307692,689.136,7.197509767769879,0.1821183932346723,0.001902090319178092,-0.024488794066143748,0.010700018722373913,2.9724299668724066
1600,170.414201,685.5280434782609,7.6417469294911315,0.18116491635260593,0.0020194891462714383,-0.019125105293536324,0.011360434074483151,2.974288899605413
1601,170.52071,686.3610909090909,8.59955888630114,0.18138506630789927,0.0022726106993396205,-0.020363536833625615,0.012784344037936546,2.9761478323384196
1602,170.627219,690.4016666666666,5.950826949336752,0.18245287174066244,0.0015726286863997714,-0.026370369425757927,0.008846665280905802,2.978006765071427
1603,170.733728,687.3025333333334,9.642417278927148,0.18163386187455954,0.0025482075261435335,-0.021763111393501792,0.014334686404382572,2.9798656978044336
1604,170.840237,684.4539,8.942255140044677,0.18088105179704017,0.0023631752484261836,-0.01752825364640501,0.013293805844791357,2.98172463053744
1605,170.946746,682.073,10.483038736113562,0.18025184989429174,0.002770359074025782,-0.013988741315323672,0.015584377703253978,2.9835835632704466
1606,171.053254,681.5748181818182,11.073305067062208,0.18012019507976168,0.002926349119202484,-0.013248130332680517,0.016461884090340752,2.985442478550161
1607,171.159763,676.9493103448275,8.91007068315497,0.17889780928774512,0.0023546698422713995,-0.0063717214005365105,0.013245959533719803,2.987301411283167
1608,171.266272,677.420909090909,9.38503797038817,0.179022438977513,0.0024801897384746727,-0.007072813246929876,0.013952059147320622,2.9891603440161734
1609,171.372781,678.3925238095238,12.850063803806776,0.17927920819490586,0.003395894239906652,-0.00851724278097035,0.01910326317306743,2.99101927674918
1610,171.47929,673.4531851851852,7.5237777491253635,0.17797388614830473,0.001988313358648346,-0.0011742842492247834,0.011185057801396399,2.9928782094821873
1611,171.585799,675.8028695652174,7.907536711634677,0.17859483868002574,0.0020897295749563003,-0.0046673905692185816,0.0117555645761306,2.994737142215194
1612,171.692308,674.155,8.653329758485514,0.17815935517970405,0.0022868207606991328,-0.002217621722941731,0.012864281315919494,2.9965960749482004
1613,171.798817,671.8003636363636,8.096094934893335,0.17753709398423986,0.0021395599722233974,0.0012828463539634337,0.012035880488748058,2.998455007681207
1614,171.905325,675.6513043478261,11.452854020782084,0.1785547844470999,0.0030266527539064662,-0.004442069490668656,0.017026132148613055,3.0003139229609213
1615,172.011834,669.659590909091,7.364335198774787,0.17697135066307898,0.0019461773781117384,0.004465378785491214,0.01094802606001085,3.0021728556939276
1616,172.118343,670.6292272727273,8.521150134374706,0.17722759705938881,0.002251889570395008,0.0030238903291277537,0.012667779400905065,3.0040317884269347
1617,172.224852,667.5024482758621,9.862684097815388,0.1764012812568346,0.0026064175734184444,0.007672247175686018,0.014662141199452973,3.0058907211599406
1618,172.331361,666.6817272727272,10.243124077861156,0.1761843888141457,0.0027069566801958705,0.008892353904642743,0.015227713882307488,3.007749653892948
1619,172.43787,663.6275,12.7225364001201,0.17537724630021143,0.0033621924947463276,0.013432853335002316,0.018913677378662088,3.0096085866259545
1620,172.544379,662.1536666666667,9.194853681996987,0.17498775546159268,0.002429929619978065,0.015623895065983072,0.013669325880934575,3.011467519358961
1621,172.650888,662.7776521739131,12.270263043074719,0.17515265649416306,0.0032426699373876034,0.01469626081115735,0.01824131519449568,3.0133264520919676
1622,172.757396,665.9458148148149,6.8919728058586935,0.1759899087776995,0.0018213458789267058,0.009986381885396871,0.010245798954938929,3.0151853673716817
1623,172.863905,665.5009545454545,10.064457918254304,0.17587234528156834,0.0026597404646549454,0.010647723566697586,0.014962103787353727,3.017044300104688
1624,172.970414,666.0056818181819,7.26051603430607,0.1760057298673842,0.0019187410238652445,0.009897381928808034,0.01079368559512801,3.018903232837695
1625,173.076923,665.7787631578948,7.799640672368549,0.17594576193390452,0.00206121582250754,0.01023472553678761,0.011595163315490844,3.020762165570701
1626,173.183432,664.6198636363637,10.847356075913716,0.17563949884681915,0.0028666374407805856,0.01195757788125549,0.016125982019541723,3.0226210983037087
1627,173.289941,665.2082608695653,8.213633456955415,0.17579499494438827,0.002170621949512537,0.011082850146999074,0.012210616533191722,3.024480031036715
1628,173.39645,664.7804482758621,5.797921823415989,0.1756819366479551,0.001532220355025363,0.011718848278295722,0.008619352256972817,3.0263389637697213
1629,173.502959,663.8563636363637,7.956770866587555,0.17543772823371132,0.002102740715271551,0.013092618271351943,0.01182875744377149,3.028197896502728
1630,173.609467,668.555380952381,7.572258100964277,0.1766795404208195,0.0020011252909525007,0.0061069280978847135,0.011257130044308342,3.0300568117824422
1631,173.715976,666.9768048780487,7.863812463492226,0.17626236915381838,0.0020781745410920257,0.008453683308371823,0.011690562889597187,3.0319157445154494
1632,173.822485,667.3081818181819,9.239838091945526,0.17634994234095713,0.00244181767757546,0.00796104910876793,0.013736200959148416,3.0337746772484553
1633,173.928994,662.1488695652174,8.650871859920189,0.17498648772865155,0.0022861712103383106,0.015631026570764116,0.01286062733537408,3.0356336099814625
1634,174.035503,664.88625,11.703213989067832,0.1757098969344609,0.0030928155362230014,0.011561560484925187,0.017398324258721263,3.0374925427144692
1635,174.142012,664.0087,10.30483751197834,0.17547798625792813,0.002723265727267002,0.012866150785290775,0.015319458794337036,3.0393514754474755
1636,174.248521,661.7212727272728,7.933055258322713,0.17487348645012493,0.0020964733769351794,0.01626670395353389,0.011793501159218399,3.0412104081804823
1637,174.35503,665.5522413793103,11.25948611696939,0.17588589888459577,0.002975551299410518,0.010571479129360973,0.01673866603076673,3.043069340913489
1638,174.461538,663.7165652173913,7.396760131215233,0.175400783619818,0.001954746334887746,0.013300446499256631,0.010996229868741776,3.0449282561932027
1639,174.568047,672.8676818181818,6.758642730652836,0.17781915481453006,0.001786110658206342,-0.0003038586171536954,0.010047586747246425,3.04678718892621
1640,174.674556,670.4547727272727,7.921149555413064,0.17718149384970208,0.0020933270495277654,0.0032832393210423905,0.011775801809283955,3.048646121659216
1641,174.781065,665.4769545454545,8.201357648801194,0.17586600278685374,0.002167377814165222,0.01068340263593443,0.01219236697448032,3.050505054392223
1642,174.887574,664.7135454545455,7.173837006971757,0.1756642561983471,0.0018958343041680101,0.011818307878041332,0.010664826136059598,3.0523639871252297
1643,174.994083,665.4372608695652,7.525034371515506,0.17585551291478996,0.001988645447017843,0.010742412361364397,0.011186925931282371,3.054222919858236
1644,175.100592,666.3042272727272,9.027031795730313,0.17608462665769747,0.002385579227201451,0.009453555931180272,0.013419837185119438,3.0560818525912428
1645,175.207101,661.731304347826,7.425153885364516,0.17487613751263903,0.0019622499697052125,0.016251790666688852,0.011038440815416179,3.0579407853242495
1646,175.313609,664.4506206896551,10.370169861585117,0.17559477290952832,0.0027405311473533613,0.012209179165149454,0.015416583687046376,3.059799700603964
1647,175.420118,666.2607741935484,12.51191815752667,0.17607314328582144,0.003306532282644463,0.009518154490370948,0.01860056642616082,3.0616586333369704
1648,175.526627,664.9530869565217,7.13233892475318,0.17572755997793915,0.0018848675805373158,0.011462198801620315,0.010603133929864927,3.0635175660699763
1649,175.633136,667.203304347826,8.819305715999043,0.17632222630756503,0.002330683328752381,0.008116962880693137,0.013111025802576675,3.0653764988029835
1650,175.739645,667.0083448275861,9.491643472308603,0.17627070423562002,0.0025083624398278583,0.008406795139902156,0.01411054185915586,3.06723543153599
1651,175.846154,667.0674375,5.45026359195355,0.176286320692389,0.0014403445010448034,0.008318946325300482,0.008102513835676976,3.069094364268997
1652,175.952663,667.7817407407407,9.840854206171453,0.1764750900477645,0.002600648574569627,0.007257043209363978,0.014629688273811456,3.0709532970020033
1653,176.059172,664.0429545454546,6.39501466156609,0.1754870387276571,0.0016900144454455915,0.012815227022834602,0.009507007120021518,3.07281222973501
1654,176.16568,663.0244090909091,6.181031765152023,0.1752178670959062,0.001633465054215642,0.014329425097567065,0.009188894179327603,3.0746711450147246
1655,176.272189,665.4973793103447,6.830362406269922,0.17587140045199387,0.0018050640608535708,0.010653038610906643,0.010154207216912466,3.076530077747731
1656,176.378698,668.7561363636364,7.528628094182895,0.17673259417643666,0.0019895951623104748,0.005808479505474376,0.01119226845961013,3.0783890104807377
1657,176.485207,661.3532857142857,6.6757092817382135,0.17477623829658714,0.0017641937848145365,0.016813763708309493,0.00992429556950172,3.0802479432137444
1658,176.591716,665.6926666666666,6.907961031244684,0.17592300916138123,0.0018255710970519815,0.010362718981436519,0.010269567496627377,3.0821068759467507
1659,176.698225,665.160888888889,9.843826590748048,0.17578247592201082,0.0026014340884640695,0.011153274654433911,0.014634107103607548,3.0839658086797574
1660,176.804734,667.0861363636363,9.076163754821128,0.1762912622525466,0.002398563360153575,0.008291148073203324,0.01349287812554203,3.0858247414127637
1661,176.911243,666.7169,8.671760328592605,0.17619368393234672,0.0022916914187612525,0.008840065147492256,0.012891680715374668,3.0876836741457714
1662,177.017751,667.2483571428572,7.76058738333586,0.17633413243733012,0.0020508951858709975,0.008049986139308758,0.011537105607019042,3.089542589425485
1663,177.12426,663.3330882352941,8.466346460304953,0.17529944192264643,0.0022374065698480303,0.013870534074047194,0.012586306730839743,3.0914015221584914
1664,177.230769,668.0645862068966,7.331776775093664,0.17654983779252023,0.0019375731435237011,0.006836557252268348,0.010899623799479157,3.093260454891498
1665,177.337278,670.0961428571428,10.979286246336406,0.1770867185140441,0.0029015027078056004,0.003816388486323918,0.016322113089747407,3.095119387624505
1666,177.443787,668.4526896551724,7.908348735461451,0.17665240212874533,0.0020899441689908736,0.006259591843848173,0.011756771753394724,3.096978320357511
1667,177.550296,670.6911739130435,7.249213566450909,0.17724396773600515,0.0019157541137555273,0.002931798726259819,0.010776883031246692,3.098837253090518
1668,177.656805,663.364380952381,8.39543396422238,0.1753077116681768,0.002218666481031288,0.013824013448232636,0.01248088623677786,3.1006961858235242
1669,177.763314,666.9619285714286,9.408097563933241,0.1762584377831471,0.0024862837113988553,0.008475798840617263,0.01398634018209847,3.1025551185565314
1670,177.869822,664.276,8.384775125473654,0.17554862579281183,0.00221584966318014,0.0124687751516657,0.012465040509873676,3.1044140338362456
1671,177.976331,660.5194545454546,5.959473192819218,0.17455588122237173,0.001574913634465962,0.01805336037516572,0.008859519027566204,3.106272966569252
1672,178.08284,656.5536818181819,5.77340788514246,0.17350784403228905,0.0015257420415281289,0.023948988696576936,0.008582909152767442,3.1081318993022586
1673,178.189349,657.1980689655172,7.877771330644913,0.17367813661879422,0.002081863459472758,0.022991024794697758,0.011711314530747564,3.1099908320352654
1674,178.295858,658.1623870967742,7.670010650481182,0.17393297756257248,0.002026958417146194,0.021557442570887764,0.011402451710237066,3.111849764768272
1675,178.402367,656.4666086956522,6.443562056524673,0.17348483316481295,0.0017028440952760783,0.02407843402855201,0.00957917903110467,3.1137086975012784
1676,178.508876,657.0442608695652,7.692872546699498,0.17363748965897602,0.0020330001444766235,0.02321968019905846,0.011436438842656209,3.1155676302342847
1677,178.615385,658.7685,8.069733846735133,0.1740931553911205,0.0021325935112936445,0.020656378227574188,0.011996691360016647,3.117426562967292
1678,178.721893,657.676409090909,10.49991052414979,0.17380454785700558,0.0027748177917943425,0.022279911025839184,0.01560945977381626,3.119285478247006
1679,178.828402,657.7097142857143,7.907197639763788,0.17381334944125643,0.002089639968225105,0.02223039859453084,0.011755060502432399,3.121144410980013
1680,178.934911,656.9134090909091,7.119302585286437,0.1736029093792043,0.0018814224591137455,0.02341420810199317,0.01058375374409704,3.123003343713019
1681,179.04142,659.9208260869565,9.081864454415712,0.17439768131262065,0.002400069887530582,0.01894329813424419,0.01350135294452261,3.124862276446026
1682,179.147929,658.8251739130435,5.389287064101191,0.17410813264086775,0.0014242301966440772,0.020572125208099177,0.008011864429049284,3.1267212091790326
1683,179.254438,663.1156521739131,6.840303765242473,0.17524197996139348,0.0018076912698843802,0.014193780586072091,0.010168986318374564,3.128580141912039
1684,179.360947,664.7965454545455,8.525859027951517,0.17568619065923505,0.002253133992587607,0.011694917763597278,0.01267477977340321,3.1304390746450457
1685,179.467456,661.7842368421052,8.455993938203259,0.17489012601535553,0.0022346707024850057,0.016173099744677816,0.01257091638280467,3.1322980073780524
1686,179.573964,662.8244666666667,8.763171429274374,0.1751650281888654,0.0023158486863832923,0.014626665080813882,0.013027575006634665,3.1341569226577666
1687,179.680473,661.9379285714285,7.9619252135284615,0.1749307422228934,0.0021041028576977918,0.015944617334192262,0.011836420039662128,3.1360158553907733
1688,179.786982,663.9355161290323,5.698033197931651,0.17545864591147786,0.0015058227267261328,0.012974947968593997,0.008470855040946721,3.1378747881237796
1689,179.893491,667.3949130434783,5.68133836595378,0.1763728628550418,0.001501410773243604,0.007832112050753499,0.008446036038195263,3.139733720856787
1690,180.0,667.0245714285714,7.568556121027487,0.17627499244941106,0.002000146966444901,0.008382672222400944,0.011251626577705112,3.141592653589793
1691,180.106509,671.935347826087,10.517560781027557,0.1775727663388179,0.002779482236000939,0.0010821750935045167,0.015635699137865788,3.1434515863227994
1692,180.213018,670.3749130434783,8.188047352491335,0.17716038928210312,0.002163860293998765,0.003401960953847919,0.012172579516830234,3.145310519055806
1693,180.319527,668.7118125,6.213968522805645,0.17672088068181818,0.001642169271354545,0.005874372597121279,0.009237858881692634,3.147169451788813
1694,180.426036,671.3910666666667,7.608556630229027,0.17742892882311487,0.0020107179255362167,0.0018913186423067778,0.011311092450093053,3.14902838452182
1695,180.532544,668.7451724137932,6.723922510967648,0.1767296967266895,0.001776935124462912,0.005824778819039647,0.009995970700493736,3.150887299801534
1696,180.639053,668.4170476190476,7.124012882331109,0.17664298298600625,0.0018826672522016584,0.006312578288624763,0.010590756203029645,3.15274623253454
1697,180.745562,664.4987391304347,7.310778364339191,0.17560748919937494,0.0019320238806393162,0.01213764494931016,0.010868406976513641,3.1546051652675473
1698,180.852071,666.2258695652174,7.475565532297076,0.17606391901829213,0.0019755722865478532,0.009570044684158752,0.011113384175468203,3.1564640980005536
1699,180.95858,664.7700454545455,8.550334977995355,0.1756791874879877,0.0022596022669120904,0.01173431340254627,0.012711166403246993,3.1583230307335604
1700,181.065089,664.4217727272727,6.823809269454096,0.1755871492408226,0.0018033322593694755,0.01225206535044882,0.01014446514098871,3.1601819634665667
1701,181.171598,661.9731034482759,6.405898082151819,0.17494003790916382,0.0016928906136764827,0.015892325381424304,0.009523186716547002,3.1620408961995734
1702,181.278107,661.8972,9.991615359890517,0.17491997885835095,0.002640490317095802,0.016005165564188815,0.014853814008885021,3.1638998289325806
1703,181.384615,661.6075121951219,9.109159226081042,0.174843422884546,0.0024072830935732204,0.016435823532826615,0.0135419301131914,3.1657587442122943
1704,181.491124,663.2188636363636,11.192080321946431,0.1752692557178551,0.0029577379286327772,0.014040343547955083,0.016638458696283935,3.167617676945301
1705,181.597633,660.2025652173913,9.269475079901621,0.1744721366853571,0.002449649862553283,0.018524456886681494,0.013780260131867415,3.169476609678308
1706,181.704142,663.3704782608696,5.989637573415416,0.1753093230076294,0.0015828851938201377,0.01381494901941081,0.00890436223689028,3.171335542411314
1707,181.810651,663.3219130434783,9.676559432289997,0.17529648864785366,0.0025572302939455525,0.013887147425819393,0.014385443081621242,3.173194475144321
1708,181.91716,663.7102608695652,8.151744109070354,0.17539911756595275,0.0021542664136020954,0.013309818718530776,0.012118610102849448,3.175053407877327
1709,182.023669,661.9707586206897,6.316910115233624,0.17493941824013995,0.0016693737090997971,0.015895811267499175,0.009390894723508751,3.176912340610335
1710,182.130178,664.2309,8.442142342704402,0.17553670718816067,0.002231010132850003,0.012535822069273207,0.012550324214686182,3.178771273343341
1711,182.236686,666.4110454545454,10.41125504294574,0.17611285556409764,0.0027513887534211905,0.009294757043478518,0.015477662063312013,3.180630188623055
1712,182.343195,666.6100909090909,6.102627411588843,0.1761654574284067,0.0016127450876291835,0.008998850520395061,0.009072336081025582,3.1824891213560615
1713,182.449704,664.8322272727272,7.492154886990081,0.17569562031520275,0.0019799563654836374,0.011641872177705452,0.011138046372746794,3.1843480540890683
1714,182.556213,663.7847142857142,10.08942398327504,0.17541879341588645,0.0026663382619648668,0.013199134193959934,0.014999219035788998,3.1862069868220755
1715,182.662722,664.7560952380952,9.526244306675995,0.1756755008557334,0.0025175064235401557,0.011755052183321133,0.014161980424366057,3.1880659195550813
1716,182.769231,668.0144545454546,7.744394782386438,0.17653658946761483,0.002046615957290288,0.006911084378082785,0.011513033234919144,3.1899248522880885
1717,182.87574,666.6145454545455,5.755097307747738,0.1761666346338651,0.0015209030940136676,0.008992228268907927,0.008555688137824416,3.1917837850210953
1718,182.982249,668.4448333333333,9.689127269631998,0.17665032593375615,0.00256055160402537,0.006271271270966646,0.01440412677906636,3.1936427177541016
1719,183.088757,671.3852727272728,8.49029537419784,0.17742739765519894,0.0022437355640057724,0.0018999320741730533,0.012621909854045231,3.1955016330338153
1720,183.195266,670.8601363636363,10.037501445391365,0.17728861954641553,0.0026526166610442263,0.0026806144357128456,0.01492202954311799,3.197360565766822
1721,183.301775,675.1478181818183,10.270594324326686,0.1784217278493177,0.0027142162590715396,-0.0036935729166361936,0.015268551916707356,3.199219498499829
1722,183.408284,673.55871875,9.18491079639327,0.1780017755681818,0.0024273020075035083,-0.0013311733894679754,0.013654544509940067,3.201078431232836
1723,183.514793,677.4421176470588,7.464633002668495,0.1790280437756498,0.001972683140240084,-0.007104342477899841,0.011097131572070217,3.202937363965842
1724,183.621302,682.7133636363636,8.703603586175198,0.18042107918508551,0.002300106655965964,-0.014940723753597061,0.012939019790041995,3.204796296698849
1725,183.727811,681.98432,8.51721539354266,0.18022841437632134,0.00225084973402291,-0.0138569071544936,0.01266192990546442,3.2066552294318558
1726,183.83432,682.9099545454545,10.456275329185797,0.1804730323851624,0.0027632862920681346,-0.015232981280963108,0.015544590476221202,3.208514162164862
1727,183.940828,686.0076666666666,8.200012916656474,0.18129166666666668,0.0021670224409768733,-0.019838126499649538,0.012190367858176327,3.2103730774445762
1728,184.047337,686.4634545454545,7.463737540218297,0.18141211800884105,0.001972446495829363,-0.020515713469840244,0.011095800352621917,3.2122320101775825
1729,184.153846,688.0163548387097,8.229219734370853,0.1818225039214349,0.0021747409446011756,-0.022824298348212462,0.01223378752781878,3.2140909429105893
1730,184.260355,686.0994285714286,8.506403744070868,0.18131591664149804,0.0022479925327882904,-0.019974542306037145,0.012645857005878235,3.215949875643596
1731,184.366864,689.748380952381,9.665170554502312,0.18228022752441359,0.0025542205482300155,-0.02539917666611507,0.014368512058324777,3.2178088083766023
1732,184.473373,683.9646363636364,8.20795491926641,0.18075175379588698,0.0021691212788759054,-0.016800900681535096,0.012202174660717968,3.2196677411096095
1733,184.579882,686.5942727272727,8.286725386807719,0.18144668940995579,0.0021899379986278365,-0.020710191426778837,0.012319277034268886,3.2215266738426163
1734,184.686391,683.7136363636364,9.47119197780931,0.1806854218719969,0.002502957710837561,-0.016427757082433322,0.014080138097146006,3.2233856065756226
1735,184.792899,684.9875999999999,10.00733769967289,0.1810220930232558,0.002644645269469579,-0.018321666948558853,0.014877187277620848,3.2252445218553367
1736,184.899408,678.6177727272727,8.221281101257105,0.17933873486450125,0.002172642997160971,-0.00885210410313213,0.012221985734464138,3.2271034545883435
1737,185.005917,680.5112666666666,10.932759455222042,0.17983912966878082,0.002889207044191873,-0.011667024993263036,0.016252945064683427,3.2289623873213507
1738,185.112426,679.5232413793103,8.394206452987058,0.17957802362032516,0.0022183420858845316,-0.010198199050124795,0.012479061384346415,3.2308213200543565
1739,185.218935,679.1616153846154,9.012055512820224,0.1794824564969914,0.002381621435734737,-0.009660595762518246,0.013397573025333679,3.232680252787363
1740,185.325444,678.2162258064517,6.2387384018975895,0.1792326178135443,0.0016487152224887896,-0.008255153253556713,0.009274682474655524,3.2345391855203696
1741,185.431953,678.9091739130434,9.008425609859875,0.17941574363452525,0.00238066215905388,-0.009285309231582441,0.013392176710373438,3.2363981182533768
1742,185.538462,679.3274090909091,10.597779082965513,0.17952627090140305,0.002800681575836561,-0.009907069309430057,0.015754953902403532,3.2382570509863835
1743,185.64497,674.8667142857144,8.172456241197354,0.17834744035034733,0.002159740021458073,-0.0032756760261432294,0.01214940133602453,3.240115966266097
1744,185.751479,673.6669285714286,8.159736828220623,0.17803037224403503,0.002156378654392348,-0.001492041127420227,0.012130492302014195,3.241974898999104
1745,185.857988,673.7607878787878,8.164905130946028,0.17805517650073677,0.0021577444849223107,-0.0016315749909949293,0.012138175644963207,3.243833831732111
1746,185.964497,671.7557407407407,7.821745834002674,0.17752530146425496,0.0020670575671254358,0.0013491839948999807,0.011628025465175601,3.245692764465117
1747,186.071006,668.9045000000001,8.816363124405624,0.1767718023255814,0.002329905688267864,0.005587917986555819,0.013106651263860151,3.247551697198124
1748,186.177515,667.3671212121212,10.331182899835287,0.1763655182907297,0.0027302280390685075,0.00787342816222042,0.015358624582562779,3.249410629931131
1749,186.284024,667.0605454545455,9.290772558615927,0.1762844993273112,0.0024552781603107607,0.008329192232256939,0.013811921557601472,3.2512695626641372
1750,186.390533,669.0549393939393,8.734251763672269,0.17681155903645332,0.0023082060686237505,0.0053642705885429244,0.01298458222532952,3.253128495397144
1751,186.497041,668.8080857142857,7.721645490481437,0.17674632286318334,0.0020406039879707774,0.005731250152198272,0.011479213503212142,3.2549874106768577
1752,186.60355,671.1288095238095,7.561084813828289,0.1773596219671801,0.0019981725195106505,0.0022811974238839358,0.011240519524086353,3.2568463434098645
1753,186.710059,671.9263793103448,11.269428136758194,0.17757039622366408,0.0029781786830756205,0.0010955079390926048,0.016753446114616617,3.2587052761428716
1754,186.816568,666.9827575757575,8.345957157623912,0.17626394227689152,0.0022055912150168912,0.008444833861967758,0.012407332636434351,3.2605642088758775
1755,186.923077,670.2193333333333,8.525913938057705,0.177119274136716,0.0022531485037150436,0.003633250089269026,0.01267486140429824,3.2624231416088847
1756,187.029586,670.2176666666667,11.499456401944832,0.17711883368569417,0.0030389683937486352,0.00363572780241047,0.01709541254795084,3.2642820743418914
1757,187.136095,670.0371818181818,8.833788324147504,0.1770711368441284,0.002334510656487173,0.003904041610964161,0.013132556051695797,3.266141007074898
1758,187.242604,667.0472608695652,11.41271698675487,0.17628098860189353,0.0030160457153157625,0.008348941466727496,0.01696646331461233,3.2679999398079045
1759,187.349112,665.1603636363636,9.77876030875777,0.17578233711320393,0.0025842389822298504,0.01115405550948456,0.014537377754436146,3.269858855087618
1760,187.455621,661.3476060606062,9.124805028531405,0.17477473733102697,0.002411417819379339,0.016822207239846086,0.013565189599395233,3.271717787820625
1761,187.56213,659.2310689655172,9.221716937793548,0.1742153987752424,0.0024370287890574877,0.01996871030476187,0.013709261546080051,3.273576720553632
1762,187.668639,661.07409375,10.09263889325468,0.17470245606501056,0.002667187868196269,0.017228818267647644,0.01500399841061205,3.275435653286639
1763,187.775148,661.3510952380952,9.621193833952008,0.17477565941810128,0.0025425987933276935,0.016817020131295452,0.01430313503926964,3.277294586019645
1764,187.881657,657.2008636363636,6.6809776679441155,0.1736788751681722,0.0017655860644672464,0.0229868701590885,0.009932127699343592,3.279153518752652
1765,187.988166,663.8878260869566,11.218742116663204,0.1754460428348194,0.002964783857469136,0.013045845314974276,0.016678094863770518,3.2810124514856587
1766,188.094675,664.3650344827586,10.712104520063665,0.1755721549901582,0.0028308944291923085,0.012336414006881952,0.015924913285143304,3.282871384218665
1767,188.201183,665.5111333333333,8.427688416794663,0.17587503523608175,0.0022271903849880167,0.010632591496802835,0.012528836605382915,3.2847302994983787
1768,188.307692,668.4916818181817,7.9147371907538,0.17666270661157024,0.0020916324499877935,0.006201625007027072,0.01176626900917357,3.2865892322313863
1769,188.414201,670.4243333333334,9.893029578108665,0.17717344961240308,0.0026144369921006034,0.0033284913728711713,0.014707253636636683,3.2884481649643926
1770,188.52071,664.5622272727273,10.064303098111129,0.17562426724966365,0.0026596995502407837,0.0120432617066197,0.014961873627411746,3.2903070976973994
1771,188.627219,669.3086000000001,8.808115231901843,0.17687859408033826,0.002327726012659048,0.004987171658280816,0.013094389716872672,3.2921660304304057
1772,188.733728,667.9335666666667,9.001977356280578,0.17651521317829458,0.0023789580751270075,0.007031334554236629,0.013382590556793781,3.294024963163413
1773,188.840237,668.5034482758621,10.337764401822394,0.17666581614055551,0.002731967336633825,0.00618413266293351,0.015368408826941168,3.295883895896419
1774,188.946746,665.2334666666667,7.062211662632032,0.17580165609584214,0.0018663350059809833,0.011045378506167753,0.010498880786506229,3.2977428286294255
1775,189.053254,670.1701724137931,11.562920772479604,0.17710628235036815,0.0030557401618603645,0.0037063340831032525,0.01718976045088343,3.29960174390914
1776,189.159763,667.8713170731706,7.347489242724438,0.1764987624400557,0.0019417254869779287,0.007123876535749363,0.010922982391999125,3.301460676642147
1777,189.266272,669.2826111111111,9.599334974816223,0.1768717259807376,0.0025368221392220456,0.005025807465199763,0.01427063904974698,3.303319609375153
1778,189.372781,666.3721428571429,7.610306651415011,0.17610257475083055,0.002011180404707981,0.009352590729570972,0.011313694080387198,3.30517854210816
1779,189.47929,664.737909090909,6.993660550534608,0.17567069479146646,0.0018482189615577677,0.011782088216846353,0.010396970791723466,3.307037474841166
1780,189.585799,665.4898571428572,8.885649969824565,0.17586941256418,0.0023482161653870432,0.010664221274848482,0.01320965502031449,3.3088964075741734
1781,189.692308,661.6818260869566,7.949570066431671,0.17486306186230352,0.0021008377553994933,0.016325346428992298,0.011818052533466399,3.3107553403071797
1782,189.798817,662.4389259259259,9.89965644285748,0.1750631411009318,0.0026161882777107452,0.01519982069675159,0.014717105318561498,3.3126142730401864
1783,189.905325,664.0130344827586,9.005448114822933,0.17547913173434423,0.002379875294614956,0.012859707022355348,0.013387750283224528,3.3144731883199006
1784,190.011834,664.6697727272727,12.400290725976726,0.17565268835287334,0.003277032432869111,0.011883381635001656,0.01843461797370255,3.3163321210529073
1785,190.118343,662.7767307692308,9.106924686446881,0.17515241299398276,0.002406692570414074,0.014697630597051248,0.013538608184261362,3.318191053785914
1786,190.224852,663.1199130434783,9.278760227300403,0.1752431059840059,0.0024521036541491396,0.01418744625856265,0.013794063690905498,3.3200499865189204
1787,190.331361,662.8942682926829,8.716561182669441,0.17518347470736864,0.0023035309679358936,0.014522896037168994,0.01295828291431119,3.3219089192519267
1788,190.43787,665.4776538461539,11.346109923466509,0.1758661875914783,0.002998443425863233,0.010682363036014898,0.01686744339699868,3.323767851984934
1789,190.544379,670.8327045454545,8.769255301254683,0.17728137012300596,0.002317456474961601,0.002721395341554567,0.013036619460368567,3.32562678471794
1790,190.650888,669.4236,8.098540990777925,0.17690898520084566,0.002140206392911717,0.0048162094515210325,0.012039516863634048,3.327485717450947
1791,190.757396,668.7654333333334,7.615406854815296,0.17673505109231855,0.002012528238587553,0.005794658371078069,0.011321276184980583,3.3293446327306606
1792,190.863905,666.8530625,9.718161942690335,0.17622966767970402,0.002568224614875887,0.008637642178118968,0.014447290533662917,3.331203565463668
1793,190.970414,668.2892413793103,8.108978082767173,0.17660920755267187,0.002142964609610777,0.006502578608478256,0.012055032935622144,3.3330624981966746
1794,191.076923,665.7528275862069,9.745398705722478,0.17593890792447328,0.0025754224909414632,0.010273282080868739,0.01448778146508003,3.334921430929681
1795,191.183432,664.8355238095238,10.709451795582487,0.17569649149300312,0.0028301933920672536,0.011636971454180205,0.015920969670958685,3.3367803636626876
1796,191.289941,666.3450689655173,8.158325475641586,0.17609541991689143,0.0021560056753809663,0.009392839531813512,0.012128394145914793,3.3386392963956943
1797,191.39645,663.8330869565217,9.791327498041959,0.17543157689125838,0.002587560121047028,0.013127222032672048,0.01455606048846047,3.3404982291287006
1798,191.502959,664.9562333333332,12.425608705504061,0.17572839147286823,0.0032837232308414576,0.011457521310115884,0.018472256388056423,3.3423571618617074
1799,191.609467,661.5588636363636,7.152668894465394,0.1748305665000961,0.0018902401940976245,0.016508145836835342,0.010633357029737642,3.344216077141421
1800,191.715976,662.7936666666667,6.5157852507072045,0.17515688865398168,0.0017219305630832996,0.014672453219667803,0.009686548045510574,3.3460750098744287
1801,191.822485,665.883409090909,13.555721739261767,0.17597341677878148,0.0035823788951537478,0.010079155974730476,0.02015231393709301,3.347933942607435
1802,191.928994,660.261346153846,7.857134108272848,0.17448767075947308,0.0020764096480636487,0.018437071507449082,0.011680634660503038,3.3497928753404413
1803,192.035503,659.4960333333333,5.435526853145352,0.1742854210711769,0.0014364500140447538,0.019574806887070143,0.008080605788832726,3.351651808073448
1804,192.142012,659.6826818181818,10.742583441108446,0.17433474678070346,0.002838949112343668,0.019297330044826103,0.015970224099069147,3.353510740806455
1805,192.248521,657.5978636363636,10.20648027245182,0.173783790601576,0.0026972727992737424,0.022396678888796054,0.015173238179378313,3.3553696735394616
1806,192.35503,664.1075652173913,11.326836246182156,0.17550411342954317,0.0029933499593504578,0.012719174996273416,0.01683879061090387,3.357228606272468
1807,192.461538,660.5344090909091,7.262897458407496,0.17455983326926774,0.0019193703642725929,0.018031128530887477,0.010797225886602856,3.3590875215521816
1808,192.568047,655.7830476190476,7.036587564126448,0.173304188060002,0.001859563309758578,0.025094634986042474,0.010460787287143225,3.3609464542851892
1809,192.674556,656.3596363636364,8.195854977600122,0.17345656352104555,0.002165923619873186,0.02423746208023606,0.012184186550031563,3.3628053870181955
1810,192.781065,659.8700952380952,7.918121954761496,0.1743842746400886,0.0020925269436473325,0.01901871602878438,0.011771300893731112,3.3646643197512023
1811,192.887574,659.5653125,10.927470815121053,0.17430372951902748,0.0028878094120298806,0.019471814546063105,0.01624508282483626,3.3665232524842086
1812,192.994083,660.2965238095238,7.523430139364949,0.1744969671801067,0.001988221495603835,0.01838477542359441,0.011184541035033507,3.3683821852172153
1813,193.100592,660.2702173913043,8.19455949759861,0.17449001516683518,0.002165581262578915,0.01842388327847044,0.012182260653337022,3.370241117950222
1814,193.207101,655.8073913043478,7.5046701565160605,0.1733106213806416,0.0019832637834344773,0.02505844498465474,0.011156651921410753,3.3721000506832284
1815,193.313609,655.4821304347826,12.705823640807552,0.17322466449122162,0.003357775803596079,0.025541986863206686,0.018888831724634975,3.373958965962943
1816,193.420118,655.6263928571428,7.171524463894931,0.17326278881002719,0.0018952231669912619,0.02532752232338739,0.010661388245036634,3.3758178986959497
1817,193.526627,655.8566451612903,8.381721038658627,0.17332363772761372,0.0022150425577850442,0.024985222827486758,0.012460500219251614,3.377676831428956
1818,193.633136,654.9378181818182,4.926339843238815,0.1730808187584086,0.0013018868507502232,0.026351176636538746,0.007323634181293299,3.3795357641619628
1819,193.739645,660.3723636363636,7.6061687128695725,0.17451700941764367,0.00201008686915158,0.018272029822230793,0.01130754250555971,3.381394696894969
1820,193.846154,660.5365999999999,9.775096163562605,0.17456041226215646,0.002583270656332615,0.01802787146433972,0.014531930534014833,3.3832536296279767
1821,193.952663,661.2324666666666,7.813960736745632,0.17474430937279772,0.002065000194700219,0.016993376673523155,0.011616451922506916,3.3851125623609826
1822,194.059172,662.3313571428571,6.493240851578958,0.17503471383267893,0.0017159727409035333,0.015359735449202902,0.009653032913118963,3.386971495093989
1823,194.16568,665.1750000000001,10.657611364653867,0.17578620507399578,0.0028164934896019755,0.011132296683169684,0.0158439022407767,3.3888304103737035
1824,194.272189,664.4835454545454,7.832389654069936,0.1756034739573323,0.0020698704159804295,0.012160232291560873,0.011643848864889166,3.39068934310671
1825,194.378698,664.3127999999999,8.946167237118015,0.1755583509513742,0.002364209100718289,0.012414067245502572,0.013299621677388827,3.392548275839717
1826,194.485207,662.9361612903226,9.870954185882196,0.17519454579553978,0.0026086031146623097,0.014460616738697203,0.014674435742983372,3.3944072085727233
1827,194.591716,662.1536086956521,10.379245544219197,0.17498774014155713,0.002742929583567426,0.015623981247309768,0.015430075849924375,3.39626614130573
1828,194.698225,659.9098333333333,6.694560067155576,0.17439477625088093,0.0017691754934343418,0.018959640268311918,0.009952319672754803,3.398125074038737
1829,194.804734,660.0775454545454,5.912998954903725,0.17443909763597923,0.001562631859118324,0.018710314752287696,0.008790429129553074,3.399984006771743
1830,194.911243,661.4999411764705,11.753351542487088,0.17481499502549433,0.00310606541820483,0.01659574160875735,0.017472860143713333,3.4018429395047503
1831,195.017751,660.5763181818182,5.7390168594443915,0.17457090861041707,0.0015166535040814992,0.017968825307712537,0.00853178249497553,3.403701854784464
1832,195.12426,663.6580454545455,7.280038981301153,0.17538531856621178,0.0019239003650372943,0.013387443610519105,0.010822708952525644,3.4055607875174707
1833,195.230769,658.70485,7.216185708672638,0.17407633456659619,0.001907025821530822,0.020751002092446007,0.010727782896896085,3.4074197202504775
1834,195.337278,662.1302068965517,5.749787128850382,0.17498155573376103,0.0015194997697807612,0.01565877101440856,0.00854779387780203,3.4092786529834838
1835,195.443787,664.8585,7.660054991024375,0.17570256342494714,0.0020243274289176412,0.011602814408730294,0.01138765134927633,3.4111375857164905
1836,195.550296,668.5249310344828,7.014623551303575,0.17667149340234747,0.0018537588666235616,0.006152195794924092,0.010428134973217098,3.4129965184494973
1837,195.656805,665.9247727272727,6.0514450138302704,0.17598434797232365,0.0015992190839931985,0.010017663639492786,0.008996246901303294,3.4148554511825036
1838,195.763314,666.9473333333333,7.950321864372945,0.17625458069062722,0.002101036433502373,0.008497496528555939,0.01181917017724969,3.4167143839155107
1839,195.869822,665.6439545454546,5.6905406595362695,0.17591013597924274,0.0015038426690106418,0.010435135779161504,0.00845971642443969,3.4185732991952245
1840,195.976331,667.5430454545454,6.275079741305305,0.17641200989813569,0.001658319170535231,0.007611894277808321,0.009328708523192451,3.420432231928231
1841,196.08284,669.4710909090909,8.49033760004692,0.17692153565250818,0.0022437467230568024,0.004745608141788797,0.012621972628169933,3.422291164661238
1842,196.189349,670.2952413793103,8.110019066628883,0.17713933440256616,0.00214323971105414,0.0035204030714337774,0.012056580491258689,3.4241500973942443
1843,196.295858,668.5885588235294,8.062792907307724,0.1766883083571695,0.0021307592249756166,0.006057604949474891,0.011986372765916678,3.426009030127251
1844,196.402367,667.8701428571429,8.879197305705663,0.17649845212926607,0.002346510915884161,0.007125622158039274,0.013200062309903638,3.4278679628602577
1845,196.508876,668.6466129032258,10.03759120399386,0.17670365034440427,0.002652640381605141,0.005971300135767905,0.014922162980759377,3.429726895593264
1846,196.615385,667.8904545454545,8.588147051812193,0.17650381991158948,0.002269594886842539,0.007095426235806346,0.012767378886567732,3.431585828326271
1847,196.721893,669.2454545454545,6.09477901257472,0.17686190659235057,0.001610670986409807,0.005081045451810729,0.009060668432199617,3.4334447436059854
1848,196.828402,674.3441612903226,8.39516274647399,0.17820934494987384,0.0022185948061506358,-0.002498834171872803,0.012480483036910224,3.435303676338992
1849,196.934911,677.3767391304348,8.315846254522365,0.1790107661549775,0.0021976337881930165,-0.007007148952015258,0.012362568928245042,3.4371626090719984
1850,197.04142,677.7543636363636,7.821530008316522,0.17911056121468383,0.0020670005307390367,-0.007568536072538454,0.011627704612692339,3.4390215418050047
1851,197.147929,681.3775,8.349920106546778,0.18006804968287526,0.002206638505958454,-0.012954791621398214,0.012413224066809399,3.4408804745380124
1852,197.254438,680.0985416666666,8.700428754948073,0.17973005857998592,0.002299267641371058,-0.011053456499481038,0.012934299997410035,3.4427394072710182
1853,197.360947,681.5724838709677,7.272209260240739,0.18011957819000204,0.0019218311998522122,-0.013244660081078299,0.010811069070866534,3.4445983400040254
1854,197.467456,680.0808965517242,8.598752693372049,0.17972539549464167,0.0022723976462399754,-0.011027224779575812,0.012783145529047624,3.4464572727370313
1855,197.573964,679.6568260869565,11.107899505438693,0.1796133261329166,0.0029354914126423566,-0.010396789801503452,0.01651331314709257,3.448316188016746
1856,197.680473,676.1547391304348,6.44724161749107,0.17868782746575973,0.0017038164951086244,-0.005190489676707008,0.009584649169041278,3.4501751207497526
1857,197.786982,680.921909090909,6.718239692268389,0.17994765039400346,0.0017754333224810758,-0.01227749747185148,0.009987522463750785,3.452034053482759
1858,197.893491,681.1093333333333,5.729858875516342,0.1799971811134602,0.0015142333180540014,-0.012556127576939548,0.008518167980698911,3.4538929862157657
1859,198.0,685.1222045454546,10.919891126426233,0.1810576650490102,0.0028858063230513264,-0.018521773819261525,0.01623381464826389,3.455751918948773
1860,198.106509,682.2373103448276,8.52835592556406,0.18029527228985928,0.0022537938492505427,-0.014233009655716555,0.01267849173101967,3.4576108516817787
1861,198.213018,678.3383181818182,7.868512586411142,0.1792648832404382,0.0020794166454574893,-0.008436659183306392,0.011697550223390798,3.459469784414786
1862,198.319527,682.97684375,7.2609055736176495,0.18049070923625793,0.0019188439676579429,-0.015332420637636986,0.010794264695130867,3.461328717147792
1863,198.426036,679.4396896551724,8.58648390579823,0.179555943354961,0.0022691553662257504,-0.010073988727192574,0.012764906407326849,3.4631876498807994
1864,198.532544,680.5697241379311,8.409875393575575,0.1798545782605526,0.0022224829264206078,-0.01175392950012349,0.012502355268351624,3.465046565160513
1865,198.639053,679.86,7.62187333025812,0.17966701902748416,0.002014237138017466,-0.010698833806111583,0.011330889427690668,3.4669054978935194
1866,198.745562,678.3421428571429,9.537582031934146,0.1792658939897312,0.0025205026511453776,-0.008442345052294629,0.01417883540288583,3.468764430626526
1867,198.852071,671.6695454545454,6.174265953881805,0.17750252258312513,0.0016316770491230923,0.0014773243109020514,0.009178835935629551,3.4706233633595334
1868,198.95858,672.7955333333334,6.763506770758416,0.17780008809020437,0.001787396081067235,-0.00019660066772699222,0.010054817764900553,3.47248229609254
1869,199.065089,673.6112666666667,7.075806410041259,0.17801566243833686,0.001869927698213869,-0.0014092925876763725,0.010519091117092523,3.4743412288255464
1870,199.171598,672.9880357142857,6.843912382722417,0.17785096081244336,0.0018086449214382697,-0.0004827800751541982,0.010174350989746046,3.4762001615585523
1871,199.278107,670.5343333333333,6.525669342513144,0.17720251937984496,0.001724542638084873,0.0031649623055357108,0.009701242012005916,3.47805909429156
1872,199.384615,673.4477666666667,9.87371451845526,0.17797245419309374,0.0026093325894437796,-0.0011662289285004786,0.014678539330358027,3.4799180095712736
1873,199.491124,673.48525,7.990355028649897,0.17798235993657505,0.0021116160223704824,-0.0012219526970516214,0.011878684595583297,3.481776942304281
1874,199.597633,674.2488235294118,9.540318263767466,0.1781841499813456,0.002521225756809581,-0.0023571023980219364,0.014182903161428699,3.4836358750372867
1875,199.704142,673.9335666666666,8.102682742976754,0.1781008368569415,0.0021413009363046307,-0.0018884327549691733,0.012045674107945032,3.485494807770294
1876,199.810651,674.4216,12.06432448366087,0.17822980972515856,0.0031882464280287696,-0.0026139567170474004,0.017935161189501576,3.4873537405033006
1877,199.91716,672.3978,9.602556298133509,0.17769497885835095,0.0025376734403101176,0.0003946807963477099,0.014275427958816604,3.489212673236307
1878,200.023669,674.5188484848485,9.235598393990267,0.17825550964187326,0.0024406972499974354,-0.0027585290263843053,0.013729898105944709,3.4910716059693137
1879,200.130178,674.1361612903227,7.344895470537232,0.1781543766623474,0.0019410400292117415,-0.0021896155718203417,0.01091912641793865,3.4929305387023204
1880,200.236686,667.4091379310346,6.180824018828234,0.17637662207479768,0.0016334101529672984,0.007810964936253309,0.009188585337849714,3.494789453982034
1881,200.343195,669.8347826086957,7.936011380562086,0.17701764868094494,0.0020972545931718023,0.004204933919661458,0.01179789581297053,3.4966483867150413
1882,200.449704,670.1208666666666,10.504774578596443,0.1770932522903453,0.0027761032184451502,0.0037796333816656536,0.015616690812790166,3.498507319448047
1883,200.556213,668.4592333333334,8.425202916550877,0.17665413143058492,0.002226533540314712,0.006249863829424527,0.012525141591412678,3.500366252181055
1884,200.662722,670.0246206896552,7.31246546469887,0.17706781730699134,0.0019324697316857496,0.003922715334897263,0.010870915066952945,3.502225184914061
1885,200.769231,666.9762272727272,6.0342436929484045,0.17626221650970594,0.001594673280377482,0.008454541992549247,0.008970674938023752,3.5040841176470674
1886,200.87574,670.84940625,10.106032184149106,0.17728578389270613,0.0026707273213924633,0.002696566121852467,0.015023909250325783,3.505943050380074
1887,200.982249,671.0312352941176,8.380061802978942,0.17733383596567592,0.0022146040705546947,0.0024262539945883762,0.012458033553222682,3.507801983113081
1888,201.088757,677.7018666666667,8.063870347479076,0.1790966878083157,0.00213104396075028,-0.0074904926135159,0.01198797451851967,3.5096608983927946
1889,201.195266,671.0562000000001,6.615261167503963,0.17734043340380548,0.0017482191246046357,0.002389140766686121,0.009834431717293403,3.511519831125802
1890,201.301775,674.5597826086956,7.5641286102505365,0.1782663273278794,0.0019989769054573354,-0.002819382836338125,0.01124504451672354,3.5133787638588077
1891,201.408284,669.2354782608695,7.757136326515243,0.17685927015350678,0.0020499831729691403,0.0050958764746621265,0.011531975169717254,3.5152376965918153
1892,201.514793,667.1436666666667,8.345383916432132,0.1763064658210007,0.0022054397242156723,0.008205621920493568,0.01240648044009387,3.5170966293248216
1893,201.621302,666.2795666666666,6.177653475302708,0.17607810958421422,0.001632572271485908,0.009490217075807716,0.009183871919434473,3.518955562057828
1894,201.727811,666.8012666666667,10.737357878095462,0.17621597956307258,0.002837568149602397,0.008714643308272263,0.015962455631379917,3.5208144947908346
1895,201.83432,666.0796774193549,6.764549915488842,0.17602528473027348,0.001787671753564696,0.00978737800474667,0.01005636853294468,3.5226734275238414
1896,201.940828,668.9600882352942,10.584020134339312,0.17678649266260416,0.0027970454900473857,0.0055052789658969845,0.015734499465709324,3.524532342803556
1897,202.047337,668.07746875,7.393242407044062,0.17655324227008456,0.001953816703764286,0.0068174057044627315,0.010991000321897622,3.526391275536562
1898,202.153846,671.1823,8.90931177012239,0.17737375792811838,0.0023544692838589876,0.0022016769904042973,0.01324483131244341,3.528250208269568
1899,202.260355,672.9205588235294,9.469597115333771,0.1778331286531526,0.002502536235553327,-0.0003824670477717162,0.014077767130117342,3.530109141002576
1900,202.366864,678.2930967741935,7.899592045816211,0.17925293255131963,0.0020876300332495286,-0.008369431777738637,0.011743753814388936,3.531968073735582
1901,202.473373,676.0499655172414,10.139839698235436,0.17866013887876359,0.0026796616538677202,-0.005034730301735368,0.015074168443484644,3.533827006468589
1902,202.579882,675.1646,7.844946770711328,0.17842616279069767,0.002073188892894112,-0.003718521235504086,0.011662516624641775,3.535685939201595
1903,202.686391,675.0812647058823,9.661317763525194,0.17840413972142768,0.0025532023687962944,-0.0035946326634751346,0.014362784391823582,3.537544871934602
1904,202.792899,669.2412592592592,6.949979145472791,0.1768607979014956,0.0018366752498606858,0.00508728228125362,0.010332032796908442,3.5394037872143165
1905,202.899408,667.7046451612904,10.984254693418773,0.1764547159517152,0.0029028157223622607,0.007371655647575005,0.016329499321724585,3.5412627199473223
1906,203.005917,668.0659428571429,10.284718706848135,0.1765501963153126,0.0027179489183002366,0.006834540418182175,0.015289549617620237,3.5431216526803295
1907,203.112426,669.1333870967742,10.018414414391852,0.1768322904589784,0.0026475725196595883,0.005247648046004906,0.01489365423059484,3.5449805854133363
1908,203.218935,663.3808333333333,7.299564800836357,0.17531205954897813,0.0019290604653373104,0.013799554879936383,0.010851736580321616,3.5468395181463426
1909,203.325444,662.7349310344828,7.988099679840897,0.17514136655245316,0.002111019999957949,0.014759771248307746,0.011875331731153701,3.5486984508793493
1910,203.431953,664.6636363636363,13.118051018658935,0.1756510666922929,0.0034667153854806903,0.011892504124295144,0.01950166043945468,3.550557383612356
1911,203.538462,658.5080689655173,6.657100451671537,0.17402433112196547,0.0017592760178835982,0.021043542265521166,0.00989663116381986,3.552416316345363
1912,203.64497,657.4637391304349,7.884132466355171,0.1737483454361614,0.0020835445207069685,0.02259607211935398,0.011720771172473858,3.554275231625077
1913,203.751479,664.9551363636364,10.532853411137891,0.17572810157601385,0.002783523628736238,0.011459152095856245,0.015658433588220815,3.556134164358083
1914,203.857988,662.7577931034482,7.295234836028757,0.1751474083254356,0.001927916182882868,0.01472578385907784,0.01084529953389817,3.55799309709109
1915,203.964497,662.0249090909091,10.062038593545987,0.17495372861810493,0.0026591011082309664,0.01581530966849227,0.014958507151779791,3.5598520298240968
1916,204.071006,660.5820454545454,7.682574621008206,0.17457242216029215,0.0020302787053404357,0.01796031098437196,0.011421129659167212,3.5617109625571035
1917,204.177515,661.6053913043479,9.10345723906897,0.17484286239544075,0.0024057762259695964,0.016438976508192166,0.01353345338030006,3.56356989529011
1918,204.284024,661.5162916666667,6.556282857780914,0.17481931597956304,0.0017326328905340638,0.01657143451410061,0.00974675291745679,3.5654288280231166
1919,204.390533,668.35325,7.73332133635378,0.1766261231501057,0.002043689570918006,0.0064074216080890955,0.011496571141265345,3.5672877607561233
1920,204.497041,671.3393666666667,8.108221840369424,0.1774152660324172,0.002142764756968663,0.001968177303954424,0.012053908684585985,3.5691466760358375
1921,204.60355,669.8025652173914,7.856505004980299,0.1770091345711922,0.0020762433945508206,0.00425282919195217,0.011679699418005885,3.571005608768844
1922,204.710059,669.7053913043478,8.57916497705675,0.1769834543616141,0.0022672211884399475,0.004397290640764325,0.012754025883772401,3.5728645415018505
1923,204.816568,666.3523181818182,6.921905190434827,0.17609733567172786,0.0018292561285504262,0.009382062644717075,0.010290297272510391,3.5747234742348573
1924,204.923077,668.6408260869565,7.847082171402537,0.17670212105892083,0.0020737532165439948,0.005979902978198405,0.011665691170854642,3.576582406967864
1925,205.029586,666.1055652173912,7.096226294345004,0.17603212611453256,0.0018753240735583999,0.009748892482307824,0.010549447886504231,3.5784413397008703
1926,205.136095,668.8653181818182,8.017471958680327,0.17676144772246782,0.002118782230095221,0.005646166770044715,0.01191899737991851,3.580300272433877
1927,205.242604,670.3362272727272,11.234802526214269,0.1771501657697482,0.0029690281517479548,0.0034594722993939934,0.016701970716451492,3.582159205166884
1928,205.349112,665.9917826086956,8.760724290089074,0.1760020567147716,0.0023152019794104254,0.009918044881207793,0.013023937021283622,3.584018120446598
1929,205.455621,669.7152,7.209668921567806,0.1769860465116279,0.0019053036262071327,0.004382708760293619,0.010718094859466261,3.5858770531796047
1930,205.56213,664.0156666666667,7.19535844801371,0.17547982734319945,0.001901521788587132,0.012855793944359551,0.0106968205104351,3.5877359859126114
1931,205.668639,663.6173548387096,8.368061952241929,0.17537456523221714,0.0022114328626432218,0.013447935414673,0.01244019424050277,3.589594918645618
1932,205.775148,663.4835625,8.811509957884805,0.17533920784883722,0.0023286231389759013,0.013646834836180483,0.013099436411180424,3.5914538513786245
1933,205.881657,664.3471000000001,9.670224899677601,0.1755674154334038,0.0025555562631283347,0.012363075909051589,0.014376025988802091,3.593312784111631
1934,205.988166,660.2085000000001,6.908850379691656,0.1744737050739958,0.001825806125711329,0.018515634073364772,0.010270889626827958,3.5951717168446375
1935,206.094675,661.2757,6.823417634678481,0.17475573467230446,0.001803228761807218,0.016929104794634015,0.010143882925810616,3.5970306495776443
1936,206.201183,661.5813055555556,8.857117169887205,0.17483649723984027,0.002340675784853916,0.016474783053974675,0.01316723736429426,3.5988895648573584
1937,206.307692,662.486,5.863493733424161,0.17507558139534884,0.0015495490838858838,0.015129839065578738,0.00871683328685504,3.600748497590365
1938,206.414201,661.2164883720931,7.306700288978382,0.17474008677909436,0.0019309461651634222,0.017017130451788955,0.010862344395965687,3.602607430323372
1939,206.52071,660.5748965517241,7.4360362873971875,0.1745705329153605,0.001965125868762473,0.01797093874265233,0.011054618897732278,3.6044663630563787
1940,206.627219,658.7351818181819,7.03106128029565,0.1740843503747838,0.0018581028753424063,0.02070590996573818,0.010452571759500671,3.606325295789385
1941,206.733728,658.8882272727274,6.708534542490785,0.17412479579088988,0.0017728685365990492,0.020478388325358653,0.009973094517464573,3.6081842285223917
1942,206.840237,663.0139523809523,8.054863943457942,0.17521510369475485,0.002128663832837731,0.014344970334172692,0.01197458534715949,3.6100431612553985
1943,206.946746,665.4736206896551,6.780049901911769,0.17586512174673763,0.0017917679444798516,0.010688358838929895,0.010079411244976107,3.611902093988405
1944,207.053254,660.3724666666666,7.841324297606252,0.174517036645525,0.002072231579705663,0.018271876654509335,0.011657131355111566,3.6137610092681194
1945,207.159763,657.5748260869565,10.190311814535928,0.17377770245426968,0.002692999950987294,0.022430927152143686,0.015149201698985216,3.6156199420011257
1946,207.266272,661.1045,8.700022697014717,0.17471049154334037,0.002299160332192054,0.01718361548852339,0.012933696340363437,3.6174788747341324
1947,207.372781,660.6201785714286,9.754209890942517,0.17458249962247055,0.0025777510282617676,0.01790362122947661,0.01450088041872686,3.619337807467139
1948,207.47929,659.1017666666667,6.808228503617619,0.1741812279774489,0.0017992147208291834,0.020160934707810624,0.010121302340028619,3.6211967402001455
1949,207.585799,664.3587878787879,8.256271085353744,0.17557050419629702,0.0021818898217108207,0.012345700382530586,0.012274002820513266,3.6230556729331522
1950,207.692308,663.0577727272728,9.50803221808664,0.17522668412454354,0.002512693503722681,0.0142798257854083,0.014134905825627486,3.624914605666159
1951,207.798817,663.7662903225806,9.45836470077695,0.17541392450385324,0.002499567838471705,0.013226523771304163,0.014061068709422744,3.626773538399166
1952,207.905325,665.2019,5.005031904889865,0.17579331395348835,0.0013226828501294596,0.011092306393066733,0.007440619994461486,3.62863245367888
1953,208.011834,663.4038333333334,7.45768785969508,0.1753181377730796,0.0019708477430483914,0.0137653624385844,0.011086806728861611,3.630491386411886
1954,208.118343,667.0973666666666,8.995936774295746,0.1762942300916138,0.0023773617268223464,0.008274452791562959,0.013373610459174285,3.632350319144893
1955,208.224852,661.8770333333334,8.269482611023692,0.1749146494009866,0.002185381239699701,0.016035145893200316,0.012293643442975831,3.6342092518778997
1956,208.331361,664.4028666666667,9.434081585449624,0.17558215292459478,0.002493150524695988,0.012280171627338798,0.014024968753045687,3.636068184610906
1957,208.43787,666.0962173913043,13.930952851821862,0.17602965575880133,0.0036815414513271245,0.009762789221231622,0.02071014297229471,3.6379271173439127
1958,208.544379,659.3882173913044,7.7762812271239605,0.17425692848607408,0.002055042607590893,0.019735089072923716,0.011560436512815183,3.6397860500769195
1959,208.650888,655.5200909090909,6.0369148531119095,0.17323469632904095,0.0015953791895116083,0.025485553763577164,0.008974645959207774,3.6416449828099267
1960,208.757396,659.5746818181818,11.496970434842979,0.17430620555448778,0.0030383114256984666,0.01945788585639183,0.01709171683993639,3.6435038980896404
1961,208.863905,659.0740952380953,7.570333149239592,0.17417391523205478,0.002000616582780028,0.02020207182513903,0.011254268357397436,3.6453628308226467
1962,208.970414,664.5838275862069,7.687438018653573,0.17562997557775023,0.0020315639584179593,0.012011150078279001,0.011428359721722015,3.647221763555654
1963,209.076923,664.0337931034483,8.136238628942369,0.17548461762776116,0.0021501687708621467,0.012828846677986713,0.012095559223722931,3.64908069628866
1964,209.183432,669.341619047619,7.669197249231436,0.17688732004429678,0.002026743459099217,0.004938084621358565,0.01140124248525762,3.650939629021667
1965,209.289941,666.7017142857143,9.652592923021574,0.17618967079432196,0.002550896649847135,0.008862640653801048,0.014349813800639865,3.652798561754673
1966,209.39645,666.9019545454546,7.443980946453921,0.1762425884105324,0.0019672254086823275,0.008564957899998034,0.011066429649421778,3.65465749448768
1967,209.502959,667.0235862068965,9.337328860612736,0.176274732084275,0.0024675816227834966,0.00838413688041555,0.013881133454366241,3.656516427220687
1968,209.609467,668.4281176470588,7.112701761593572,0.1766459084690959,0.0018796780553894193,0.006296121276297035,0.010573940775532155,3.658375342500401
1969,209.715976,669.698125,8.580437038187757,0.1769815340909091,0.0022675573568149473,0.004408092931427733,0.012755916965321,3.6602342752334076
1970,209.822485,668.07325,8.423258799558992,0.1765521273784355,0.002226019767325311,0.00682367741585205,0.012522251412881082,3.6620932079664144
1971,209.928994,669.7212666666667,10.978207582275896,0.17698764975334744,0.002901217648592999,0.004373689884458779,0.01632050951767668,3.6639521406994207
1972,210.035503,672.2054090909091,9.847637950576145,0.17764413559484912,0.002602441318862616,0.0006806944865972687,0.014639773177407276,3.6658110734324274
1973,210.142012,671.7523043478261,9.254244561451936,0.17752439332659253,0.002445624884104624,0.001354292632430243,0.013757618018439093,3.6676700061654337
1974,210.248521,669.9354347826087,9.082701614638294,0.17704424809265557,0.0024002911243758795,0.004055301591249777,0.013502597490253624,3.6695289388984413
1975,210.35503,669.0556818181818,5.934473478360813,0.17681175523736306,0.0015683069445985294,0.005363166879961733,0.008822353754938653,3.6713878716314476
1976,210.461538,670.1115000000001,8.268020347430017,0.17709077695560255,0.0021849948064032987,0.003793558129520583,0.012291469601142505,3.6732467869111614
1977,210.568047,670.1633636363637,8.95075127224871,0.17710448299058237,0.002365420526492799,0.003716456201491759,0.01330643643183945,3.675105719644168
1978,210.674556,676.0800952380953,8.61644643054641,0.17866810127856642,0.0022770735810112097,-0.005079521984920021,0.0128094495321185,3.676964652377175
1979,210.781065,680.4630476190476,9.743771731091556,0.17982638679150306,0.0025749925293582286,-0.011595341212490808,0.014485362759225712,3.678823585110182
1980,210.887574,681.4006,8.358209792648845,0.18007415433403803,0.0022088292263871176,-0.012989132725538647,0.012425547745325505,3.680682517843188
1981,210.994083,683.6211428571429,9.664425644008675,0.1806609785563274,0.002554023690277118,-0.01629025365651087,0.014367404653613107,3.682541450576194
1982,211.100592,681.3744285714286,7.670269816449924,0.1800672379945636,0.002027026907095649,-0.012950225550037544,0.01140283699359303,3.684400383309202
1983,211.207101,683.4356,9.612917773199037,0.18061194503171246,0.002540411673678389,-0.016014420471244316,0.014290831616577375,3.686259316042208
1984,211.313609,687.2296,11.471849793547452,0.18161458773784353,0.003031672778421626,-0.021654686666432107,0.017054371794100662,3.6881182313219223
1985,211.420118,684.2346451612904,8.28192449272668,0.1808231091863875,0.0021886692634055646,-0.017202303289287034,0.012312139891255725,3.6899771640549286
1986,211.526627,687.2259565217391,9.093445184098528,0.1816136248736097,0.002403130334064111,-0.021649270170051606,0.013518569180196272,3.6918360967879353
1987,211.633136,683.4125833333333,7.667565391715394,0.18060586240310075,0.002026312207112949,-0.015980203252760915,0.011398816520370168,3.6936950295209425
1988,211.739645,684.3622173913044,6.931972203666932,0.18085682277782883,0.0018319165443094498,-0.01739195572376064,0.010305263175098632,3.6955539622539484
1989,211.846154,687.2015652173914,11.708218344495096,0.18160717896865522,0.003094138040299977,-0.0216130093768598,0.01740576387304521,3.6974128949869556
1990,211.952663,687.2405862068965,7.794427888458163,0.18161749106947583,0.002059838236907542,-0.021671019067953434,0.01158741384557187,3.6992718277199623
1991,212.059172,689.3106875,8.949101704559425,0.18216455800739959,0.0023649845942281776,-0.024748489374781597,0.013303984138514547,3.7011307604529686
1992,212.16568,689.4582972972972,8.688866259839742,0.18220356693903206,0.0022962120136997156,-0.024967930215523404,0.012917110869763304,3.702989675732683
1993,212.272189,688.8360333333333,10.012526473281424,0.1820391208597604,0.0026460165098523753,-0.02404285525494629,0.014884901053155554,3.704848608465689
1994,212.378698,684.9866363636364,5.763266902138189,0.1810218383624832,0.0015230620777320761,-0.018320234379869817,0.008567833284653345,3.7067075411986967
1995,212.485207,685.4163055555556,10.463001071310954,0.1811353873032652,0.0027650637080631475,-0.018958992581845427,0.015554589152010821,3.708566473931703
1996,212.591716,686.5021111111112,11.206332836680534,0.18142233380314776,0.002961504449439884,-0.020573181398278503,0.016659646882117136,3.710425406664709
1997,212.698225,682.9384666666666,8.427193576026138,0.18048056730091613,0.0022270596131147304,-0.01527536819541377,0.012528100961297878,3.712284339397716
1998,212.804734,684.2708333333334,10.041432869601444,0.18083267265680056,0.0026536556209306146,-0.01725610163494857,0.014927874107975967,3.714143272130723
1999,212.911243,684.1969285714285,10.103520039070247,0.18081314180006042,0.002670063435272268,-0.01714623275507645,0.015020174625400793,3.7160022048637296
2000,213.017751,685.6301379310345,9.363198849462792,0.18119189691623533,0.002474418300597991,-0.019276881753919905,0.013919592501171956,3.7178611201434433
2001,213.12426,685.3959032258065,7.665046020104691,0.1811299955670736,0.0020256464112327396,-0.018928661909524164,0.011395071152281298,3.7197200528764496
2002,213.230769,686.1640333333332,9.95897797859605,0.18133298978153628,0.002631865216330872,-0.020070585546579974,0.014805294367763587,3.721578985609457
2003,213.337278,685.1391724137931,6.0180077450275595,0.18106214915797914,0.0015903825964660543,-0.01854699872548038,0.008946538125107376,3.723437918342463
2004,213.443787,689.6373103448276,9.654030605708718,0.1822508748268572,0.002551276587132325,-0.02523405600373707,0.014351951099812185,3.7252968510754694
2005,213.550296,686.1580322580645,9.242037572901571,0.1813314038736957,0.0024423989357562252,-0.02006166418074616,0.013739470768869905,3.7271557838084766
2006,213.656805,683.5361724137931,11.887935349002742,0.1806385233651673,0.003141631963267113,-0.016163934226037575,0.017672936183331166,3.7290147165414833
2007,213.763314,681.6183870967741,11.613487600422209,0.18013170906362955,0.003069103488483678,-0.013312901096567523,0.017264934507352232,3.73087364927449
2008,213.869822,677.8823448275862,10.6778191435593,0.1791443828825545,0.0028218338117228627,-0.007758796480148508,0.01587394368838873,3.7327325645542038
2009,213.976331,674.5814545454546,7.540721436543697,0.1782720545838939,0.0019927910773107045,-0.0028516009418429675,0.011210246759585006,3.73459149728721
2010,214.08284,670.8770666666667,7.513371803489521,0.17729309372797744,0.0019855633730152004,0.0026554453751287447,0.011169588032445757,3.7364504300202177
2011,214.189349,670.8895714285715,9.3163504097443,0.1772963983690728,0.002462037634710434,0.0026368554473874912,0.013849946304323908,3.7383093627532236
2012,214.295858,667.5878837209302,7.269007983045944,0.17642385933428387,0.0019209851963652054,0.007545236460691609,0.01080630996292156,3.7401682954862308
2013,214.402367,670.2059,10.729807541899685,0.1771157241014799,0.0028355728176267633,0.00365322045718906,0.01595123109105113,3.7420272282192366
2014,214.508876,674.3560967741936,12.06367344373135,0.17821249914751414,0.0031880743773074374,-0.002516577795014759,0.01793419333538822,3.743886160952244
2015,214.615385,669.8817419354839,8.764814666105746,0.1770300586510264,0.002316282945588206,0.004135122875003475,0.013030017888329668,3.7457450936852505
2016,214.721893,676.2513448275862,12.548790340893603,0.17871335751257564,0.0033162765171494686,-0.005334106399929402,0.018655381642130073,3.7476040089649643
2017,214.828402,677.6410689655172,11.363427038816324,0.1790806207625574,0.0030030198305540006,-0.007400109055651312,0.01689318750356325,3.749462941697971
2018,214.934911,676.4170416666667,8.016773223138586,0.17875714631782946,0.002118597574825207,-0.005580435941340812,0.011917958620178016,3.751321874430978
2019,215.04142,674.67421875,9.517935652211413,0.1782965694371036,0.0025153106903307108,-0.002989506795037832,0.01414962854695332,3.753180807163984
2020,215.147929,671.5566551724138,6.542742873246577,0.17747268899905227,0.0017290546705197036,0.0016451501522495428,0.009726623998887353,3.7550397398969912
2021,215.254438,671.49753125,10.385504612848981,0.17745706428382663,0.002744583671471721,0.001733045423972623,0.015439380755882814,3.756898672629998
2022,215.360947,669.3715,8.494036357229174,0.17689521670190275,0.00224472419588509,0.004893662764322626,0.012627471303736404,3.7587576053630047
2023,215.467456,668.4168275862069,8.230241664864359,0.17664292483779254,0.0021750110107992457,0.00631290539558136,0.012235306758186796,3.760616538096011
2024,215.573964,667.5061000000001,8.348147336695282,0.1764022463002114,0.0022061700149828964,0.007666818420754717,0.012410588617714699,3.7624754533757248
2025,215.680473,664.0309666666667,6.428402324615829,0.17548387068358,0.0016988378236299747,0.012833048537721057,0.00955664215092182,3.7643343861087315
2026,215.786982,665.0922413793103,6.806099578713897,0.17576433440256614,0.0017986521085396141,0.011255327956400095,0.010118137420901955,3.7661933188417387
2027,215.893491,669.1610000000001,8.425738048098387,0.17683958773784356,0.002226674959856863,0.005206597934087258,0.012525937132893235,3.7680522515747454
2028,216.0,670.5591666666667,12.022541386290078,0.1772090821000705,0.0031772043832690457,0.003128044379728162,0.017873045271834018,3.7699111843077517
2029,216.106509,673.8426896551723,8.015555796180006,0.1780768207333965,0.002118275844656448,-0.0017533324555884101,0.011916148759313603,3.7717701170407585
2030,216.213018,678.5048965517242,9.40367141958329,0.17930890500838376,0.002485114011517776,-0.00868429923302438,0.013979760152485343,3.7736290497737652
2031,216.319527,678.4184,7.636708469509341,0.17928604651162788,0.0020181576293629303,-0.008555711047286384,0.01135294375937746,3.7754879825067715
2032,216.426036,679.5166774193548,7.786854428617041,0.1795762889586033,0.0020578367940319864,-0.010188440884219756,0.011576154928987174,3.7773469152397783
2033,216.532544,678.7026666666667,10.503123112981049,0.17936116983791403,0.0027756667846144355,-0.008978309800691428,0.015614235697955387,3.779205830519492
2034,216.639053,675.4693548387097,7.46484368467012,0.17850670053877107,0.001972738817301827,-0.004171578276778227,0.011097444777808647,3.781064763252499
2035,216.745562,672.7357666666667,7.679598843165829,0.17778429351656094,0.0020294922947055563,-0.00010774987447472501,0.01141670578484757,3.782923695985506
2036,216.852071,670.6586451612903,9.401601117357231,0.1772353713428357,0.002484566891479183,0.002980156875675992,0.013976682383465997,3.7847826287185122
2037,216.95858,671.0337419354838,11.23034243457653,0.1773344983973266,0.002967849480596323,0.0024225275516359533,0.016695340219853718,3.786641561451519
2038,217.065089,671.1593124999999,6.9450386349630495,0.17736768300739958,0.0018353696181191942,0.002235850848907704,0.010324688096219115,3.7885004941845257
2039,217.171598,667.6096551724138,12.820246025820317,0.1764296128891157,0.003388014277436661,0.007512870413822118,0.019058935232847993,3.790359426917532
2040,217.278107,668.5781034482759,8.517321478463044,0.17668554530874098,0.002250877769149848,0.006073148201873573,0.012662087614265172,3.7922183596505388
2041,217.384615,666.4438333333333,7.200180218450156,0.17612152043692741,0.0019027960408166393,0.009246013668586784,0.010703988688820358,3.7940772749302534
2042,217.491124,666.6141250000001,11.328249039743593,0.17616652352008458,0.0029937233191711407,0.008992853328359522,0.01684089090920785,3.79593620766326
2043,217.597633,666.0590666666667,7.795095706062041,0.17601983791402398,0.002060014721475171,0.009818018524421006,0.011588406641843813,3.7977951403962664
2044,217.704142,664.875,7.448324720556778,0.17570692389006343,0.0019683733405276888,0.01157828504862993,0.011072887225128643,3.7996540731292727
2045,217.810651,661.8129666666666,9.722153839284433,0.17489771846370683,0.0025692795558362614,0.0161303891863575,0.014453224998453165,3.80151300586228
2046,217.91716,662.9062413793104,8.20152056309059,0.17518663884231245,0.0021674208676243523,0.014505096512720732,0.012192609167405792,3.803371938595286
2047,218.023669,663.5532666666667,7.160745496410824,0.17535762861169837,0.0018923746026455733,0.013543210678322338,0.010645363931404674,3.805230871328293
2048,218.130178,666.0170277777778,6.644374159440043,0.1760087282710829,0.0017559128328329954,0.009880514708892096,0.00987771190291756,3.8070898040612993
2049,218.236686,669.9542,9.011319906492208,0.17704920718816067,0.0023814270365994203,0.004027404695810247,0.013396479452454141,3.808948719341014
2050,218.343195,670.0193999999999,9.313183749011797,0.1770664376321353,0.0024612007793371657,0.003930476557716936,0.013845238658177052,3.8108076520740206
2051,218.449704,674.6345161290322,12.301772259505176,0.17828607720111847,0.0032509968973322458,-0.0029304837716048505,0.018288157674271565,3.812666584807027
2052,218.556213,670.1014516129032,10.323802858245301,0.17708812146218372,0.002728277710952777,0.0038084963419766017,0.015347653206943685,3.8145255175400337
2053,218.662722,669.852392857143,9.19289818621796,0.17702230255209908,0.002429412839909606,0.004178754033260388,0.01366641878638072,3.8163844502730404
2054,218.769231,670.979935483871,7.648932068968759,0.1773202789333697,0.002021387967486463,0.0025025177229894844,0.011371115703187294,3.8182433830060467
2055,218.87574,671.7311714285714,8.730363025555302,0.17751880851706434,0.0023071783894173634,0.001385709419482911,0.012978801118807917,3.8201023157390535
2056,218.982249,673.2062333333334,9.865386710295663,0.17790862403100774,0.0026071317944755972,-0.0008071587400421208,0.014666158978528137,3.8219612484720598
2057,219.088757,673.7857857142857,10.172489947410048,0.17806178269405012,0.0026882901552352143,-0.0016687374703073631,0.015122707214355498,3.8238201637517744
2058,219.195266,675.5098333333333,10.988758478658976,0.17851739781536294,0.0029040059404489785,-0.004231754735623218,0.01633619477445006,3.825679096484781
2059,219.301775,672.0853870967742,8.994438606447932,0.17761241730887267,0.002376965805086668,0.0008591225298756194,0.013371383241075525,3.8275380292177874
2060,219.408284,667.6068,6.939479175235645,0.17642885835095137,0.0018339004162884853,0.0075171149927485475,0.010316423248363602,3.829396961950794
2061,219.514793,667.4947096774193,9.9923557522523,0.17639923617267952,0.002640685981039196,0.007683751591920752,0.014854914696815814,3.831255894683801
2062,219.621302,664.47028125,10.368620122317486,0.1755999686178647,0.0027401215968069523,0.012179951227908733,0.015414279801436887,3.833114827416807
2063,219.727811,664.799,8.836125289590086,0.17568683932346724,0.002335128247777511,0.011691268767879898,0.013136030249688744,3.834973760149814
2064,219.83432,661.995935483871,7.589242618933249,0.17494607174520904,0.002005613799929495,0.015858382640640333,0.011282379702332023,3.8368326928828203
2065,219.940828,663.8200625,8.120116616584735,0.175428134910148,0.00214590819677186,0.013146584552922516,0.012071591790591913,3.838691608162535
2066,220.047337,662.1416129032258,9.311705542586072,0.1749845700061379,0.0024608101328187173,0.015641814526831867,0.013843041115284933,3.8405505408955416
2067,220.153846,658.1884516129032,6.150077169373347,0.17393986564823025,0.001625284664210718,0.021518694334404755,0.009142876214078248,3.842409473628548
2068,220.260355,660.47,5.7171817416159225,0.17454281183932346,0.0015108831241056901,0.018126880881471897,0.008499321799942353,3.8442684063615546
2069,220.366864,657.2046774193549,6.056079432477196,0.17367988303894155,0.0016004438246504215,0.022981200482946943,0.009003136557293968,3.8461273390945614
2070,220.473373,661.3080714285715,7.527384770037361,0.1747642894895802,0.0019892665882762614,0.016880980526246776,0.011190420099265498,3.847986271827568
2071,220.579882,660.189448275862,8.623432443830044,0.17446867026317708,0.002278919779024853,0.018543956897723035,0.012819835134270019,3.8498452045605744
2072,220.686391,668.0484,14.851661652103823,0.1765455602536998,0.00392485773047141,0.006860620118790983,0.02207889434863688,3.851704137293581
2073,220.792899,660.6479999999999,5.075197124954149,0.17458985200845667,0.001341225455854691,0.017862261117965447,0.007544929567156905,3.853563052573296
2074,220.899408,662.2524516129032,10.365737287939579,0.17501386141990044,0.002739359748398405,0.01547703861030266,0.015409994099463191,3.855421985306302
2075,221.005917,660.882,9.834935050536725,0.1746516913319239,0.002599084315680953,0.017514390192906442,0.014620888691989992,3.857280918039309
2076,221.112426,658.433,8.662351445850522,0.17400449260042283,0.002289204927550347,0.021155141882947273,0.01287769320792486,3.859139850772315
2077,221.218935,659.5917931034483,7.83611918061535,0.17431072756433624,0.0020708560202471887,0.01943244774256877,0.011649393283048929,3.860998783505322
2078,221.325444,660.62434375,7.549979122420957,0.17458360035676532,0.001995237611633433,0.017897429158866874,0.011224009493559438,3.8628577162383286
2079,221.431953,661.4710322580645,13.741675119828901,0.17480735524790286,0.0036315209090456955,0.016638718412981184,0.020428757417929475,3.864716648971335
2080,221.538462,664.8204827586208,7.740129606799184,0.17569251658525917,0.002045488796722822,0.011659331899870482,0.011506692505957254,3.8665755817043417
2081,221.64497,663.0349032258064,8.950965345908543,0.17522064038736956,0.002365477099870122,0.014313824224001074,0.013306754679711551,3.8684344969840563
2082,221.751479,665.1835,8.790950777303074,0.17578845137420718,0.002323189951718569,0.011119660346148318,0.013068872560037574,3.8702934297170626
2083,221.857988,665.5511875,9.438451019162468,0.17588562037526428,0.002494305237622224,0.010573045855731012,0.014031464475044313,3.8721523624500693
2084,221.964497,664.5091333333334,7.344508132322206,0.17561023608174772,0.0019409376671041794,0.0121221926374402,0.010918550590147333,3.8740112951830756
2085,222.071006,666.708,8.212706301822804,0.17619133192389008,0.0021703769296571884,0.008853296135667583,0.012209238198517961,3.8758702279160833
2086,222.177515,670.9991562499999,10.678786134078129,0.17732535841701902,0.0028220893589001317,0.0024739435960935566,0.015875381243458404,3.877729160649089
2087,222.284024,665.8756129032258,6.812909362269131,0.1759713564754825,0.0018004517342148823,0.010090746004736114,0.010128261035025106,3.8795880933820954
2088,222.390533,662.503205882353,8.710649402710116,0.1750801284044273,0.0023019686582214905,0.01510426032108911,0.012949494297374468,3.881447026115102
2089,222.497041,657.3243,6.406656356128133,0.1737114957716702,0.001693091003205116,0.02280336621890002,0.009524313987784591,3.8833059413948168
2090,222.60355,658.3717,7.868857578870751,0.1739882928118393,0.0020795078168263097,0.021246272172289676,0.011698063098801306,3.8851648741278235
2091,222.710059,657.8100869565217,9.453793273856911,0.17383987498850997,0.0024983597446767794,0.022081181783229844,0.014054272698689798,3.88702380686083
2092,222.816568,659.0765862068966,7.360229482627968,0.17417457352190713,0.001945092357988357,0.020198368681458665,0.010941922387899618,3.888882739593836
2093,222.923077,657.9384482758621,9.195593865644133,0.17387379711307138,0.0024301252287643057,0.021890356266560093,0.01367042625858435,3.8907416723268438
2094,223.029586,659.1685454545456,7.794736317264465,0.17419887564866424,0.002059919745577289,0.02006165949963236,0.011587872364435831,3.8926006050598496
2095,223.136095,663.5817666666667,10.918078470839223,0.17536516032417196,0.0028853272914479977,0.013500841783603619,0.01623111990392257,3.894459537792857
2096,223.242604,663.021064516129,8.213136217610932,0.1752169832230785,0.0021704905437660966,0.014334397235698114,0.012209877323316704,3.8963184705258627
2097,223.349112,665.4336896551724,8.640295444285005,0.17585456914777284,0.002283376174493917,0.01074772142826356,0.012844904140968866,3.8981773858055773
2098,223.455621,669.4853125,7.951276198794558,0.17692529400105708,0.0021012886360450614,0.004724465928176118,0.011820588917412285,3.900036318538584
2099,223.56213,668.6872666666666,9.977089417098641,0.17671439393939395,0.0026366515372882246,0.005910863117411906,0.01483221933727663,3.9018952512715903
2100,223.668639,665.7795806451613,8.380122890006614,0.17594597797176567,0.0022146202140609444,0.010233510237421604,0.012458124366901406,3.903754184004597
2101,223.775148,672.0459411764706,7.684229181749266,0.17760199291132944,0.002030715957121897,0.0009177639349432455,0.011423589375302091,3.9056131167376043
2102,223.881657,667.5555666666667,5.453656303949605,0.17641531888653983,0.0014412410951241026,0.007593279894716575,0.008107557535935632,3.90747204947061
2103,223.988166,670.8431304347826,8.315747368721292,0.17728412537917088,0.0021976076555817376,0.0027058959237549487,0.012362421921855759,3.9093309822036173
2104,224.094675,669.4091428571428,6.659382607591004,0.176905164602839,0.0017598791246276441,0.004837701843227977,0.009900023880447356,3.911189914936624
2105,224.201183,669.4794375,9.465378720291561,0.17692374141120507,0.002501421437709185,0.0047331998669997355,0.01407149594641818,3.9130488302163378
2106,224.307692,671.8802903225807,8.644356587560651,0.17755821625861012,0.0022844494153172927,0.0011640251134881904,0.012850941549806908,3.9149077629493445
2107,224.414201,667.6278,6.501469703340031,0.17643440803382665,0.0017181473846036082,0.0074858958071663245,0.009665266153607424,3.916766695682351
2108,224.52071,671.6674285714286,10.342754759579615,0.17750196315312594,0.0027332861415379525,0.001480471328372592,0.01537582763193851,3.9186256284153576
2109,224.627219,668.9073548387097,7.771900782298513,0.17677255677555753,0.002053884984751198,0.0055836739037231865,0.011553924421389583,3.9204845611483643
2110,224.733728,674.5384333333333,10.797879640780492,0.17826068534179,0.002853562272933526,-0.0027876444082627727,0.016052428971428778,3.9223434938813715
2111,224.840237,673.2063928571428,7.791423139815402,0.1779086661884627,0.0020590441701414906,-0.0008073958925856608,0.011582946902452514,3.924202426614378
2112,224.946746,675.9371612903226,10.114080363851752,0.1786303280365546,0.0026728542187768986,-0.004867032392466945,0.015035873898694247,3.9260613593473845
2113,225.053254,676.5009677419355,8.811376825762894,0.17877932551319647,0.00232858795606842,-0.0057052027851029665,0.013099238493255606,3.9279202746270987
2114,225.159763,677.99296875,7.9882034012434575,0.17917361753435518,0.0021110474104765946,-0.00792325308794228,0.01187548592628299,3.929779207360105
2115,225.266272,681.2655483870968,9.226767186971871,0.1800384641614949,0.00243836342150419,-0.01278836123190036,0.013716769387334104,3.9316381400931113
2116,225.372781,684.44084375,11.93989343743817,0.1808776014138478,0.00315536295915385,-0.01750884386108321,0.017750178526443675,3.933497072826118
2117,225.47929,680.7366451612903,8.674041516880074,0.17989869058173635,0.0022922942697885997,-0.012002078948020061,0.012895071993493497,3.935356005559125
2118,225.585799,678.3184,9.219709777764526,0.17925961945031713,0.002436498355646022,-0.00840704825879964,0.013706277646011565,3.937214938292132
2119,225.692308,679.3435666666667,8.909178961681276,0.17953054087385484,0.002354434186490826,-0.009931089612103119,0.01324463387571149,3.939073871025138
2120,225.798817,679.1551333333333,6.2765832250478795,0.17948074348132487,0.0016587164971056745,-0.009650959364331196,0.009330943644048637,3.940932803758145
2121,225.905325,683.3332285714285,12.316998581792054,0.1805848912715192,0.00325502076685835,-0.015862232250916264,0.018310793549567078,3.942791719037859
2122,226.011834,684.0369090909091,7.3662035310074945,0.18077085335383433,0.0019466711234163558,-0.01690834333321417,0.010950803574806194,3.9446506517708655
2123,226.118343,683.0049375,8.304949367453599,0.18049813358879493,0.0021947540611663846,-0.01537418558977748,0.012346369312070355,3.9465095845038722
2124,226.224852,683.6437741935483,9.146299341663408,0.18066695935347474,0.002417098134689058,-0.016323898032283173,0.013597143644663294,3.9483685172368794
2125,226.331361,681.7973125,9.380746715024959,0.18017899378964058,0.0024790556857888345,-0.013578896590314228,0.01394567964743658,3.9502274499698853
2126,226.43787,682.5922580645162,8.736644699073524,0.1803890745413626,0.0023088384511293653,-0.014760684833475746,0.01298813962982373,3.9520863827028925
2127,226.544379,683.6762727272727,7.982532122049097,0.1806755477609072,0.002109548658046795,-0.01637221125873509,0.011867054844489777,3.9539453154358983
2128,226.650888,682.2333548387097,7.580091831230835,0.1802942269658324,0.0020031955156529706,-0.014227129290022917,0.011268775886165157,3.9558042481689055
2129,226.757396,687.5788484848484,13.20599757477927,0.18170688384906142,0.0034899570757873297,-0.022173889202755624,0.019632404242161245,3.9576631634486197
2130,226.863905,682.3037037037037,8.283147352466813,0.18031281810351577,0.0021889924292988385,-0.014331711874391827,0.0123139578286447,3.959522096181626
2131,226.970414,683.8055294117647,6.839664019017903,0.18070970650416615,0.0018075222037573742,-0.016564367850206402,0.01016803525379785,3.9613810289146327
2132,227.076923,688.6752758620689,6.472975441328322,0.1819966373842677,0.0017106171885117106,-0.023803868715463916,0.009622905789142065,3.96323996164764
2133,227.183432,689.4532,9.122712234327285,0.1822022198731501,0.002410864755371908,-0.02496035243122378,0.013562078393174096,3.9650988943806467
2134,227.289941,685.2666,6.83973154645606,0.1810958245243129,0.001807540049274856,-0.018736436128436944,0.01016813564197041,3.966957827113653
2135,227.39645,685.0574193548387,9.700185664113844,0.18104054422696583,0.002563474012715073,-0.018425462348365555,0.014420566496664922,3.968816759846659
2136,227.502959,683.1484838709678,6.451663262916333,0.18053606867626,0.001704985006056116,-0.015587585627629689,0.009591222510427553,3.9706756925796665
2137,227.609467,678.9384482758621,9.41725390131706,0.17942347998833566,0.0024887034622931,-0.00932882931566027,0.013999952248576515,3.97253460785938
2138,227.715976,677.4355,9.757157158027724,0.17902629492600422,0.0025785299043413613,-0.007094504499249975,0.014505261908159863,3.9743935405923874
2139,227.822485,673.9839,6.560889507344757,0.17811413847780125,0.0017338502926386675,-0.0019632596918408513,0.009753601291154166,3.976252473325393
2140,227.928994,669.5776666666667,7.827464879306807,0.17694970049330513,0.0020685689427343635,0.00458716964872575,0.011636527557399618,3.9781114060584004
2141,228.035503,672.4250606060607,7.294571949999,0.17770218303542826,0.001927741001585362,0.0003541544192196155,0.01084431406904181,3.979970338791407
2142,228.142012,668.6512413793102,8.055373923462364,0.1767048735146169,0.0021287986055661726,0.005964419314156181,0.011975343497654799,3.9818292715244135
2143,228.248521,669.3502285714286,7.508414346920521,0.17688959528843248,0.001984253262928256,0.004925285463187882,0.011162218139272278,3.98368820425742
2144,228.35503,672.0971904761906,7.5723977947480385,0.17761553659518775,0.002001162207914371,0.0008415752968997186,0.011257337716982601,3.985547136990427
2145,228.461538,671.3467333333333,7.433373587541145,0.17741721282593376,0.001964422195438989,0.00195722581186926,0.011050660453877238,3.9874060522701407
2146,228.568047,674.5478666666667,7.955610931408988,0.17826317829457364,0.002102434178490736,-0.0028016682646433834,0.011827033051790352,3.989264985003148
2147,228.674556,673.507064516129,9.98186719318411,0.17798812487212712,0.0026379141631036247,-0.0012543827650239171,0.014839322112432971,3.9911239177361537
2148,228.781065,675.0897,8.094852805417736,0.17840636892177592,0.0021392317139053256,-0.0036071728069275045,0.012034033904433038,3.992982850469161
2149,228.887574,670.50571875,7.122383332684493,0.17719495738636365,0.001882236610117464,0.0032075015430329157,0.010588333669085253,3.9948417832021677
2150,228.994083,669.7821612903225,7.901991487790793,0.17700374241287595,0.0020882641352512684,0.004283162238893368,0.011747320891736497,3.996700715935174
2151,229.100592,666.2863809523809,6.96135102172121,0.17607991039967782,0.0018396805025690287,0.009480086768649407,0.010348938545242565,3.9985596486681807
2152,229.207101,666.7896774193548,10.321495500126868,0.17621291686558005,0.0027276679440081677,0.00873187220649065,0.015344223024024476,4.0004185814011874
2153,229.313609,662.8501724137931,6.261079049338789,0.17517182146241891,0.0016546191990853072,0.014588450200334375,0.009307894704107601,4.002277496680902
2154,229.420118,665.7305833333334,7.477499900654335,0.17593302942212827,0.0019760834832596077,0.01030635100746864,0.011116259861407728,4.004136429413908
2155,229.526627,668.1066571428571,8.60944318054255,0.17656095590456056,0.0022752228278389588,0.006774013425726844,0.012799038305378143,4.005995362146915
2156,229.633136,666.5711666666667,7.5575765595872655,0.17615517089499647,0.001997245391011438,0.009056716384580298,0.011235304055504452,4.007854294879921
2157,229.739645,669.7880333333334,9.057085424029156,0.1770052942212826,0.002393521517978098,0.004274432696012433,0.013464515746989926,4.009713227612928
2158,229.846154,668.686294117647,5.993774166529662,0.17671413692326823,0.0015839783738186234,0.005912308935903854,0.008910511811562246,4.011572160345935
2159,229.952663,673.481619047619,10.750977762399986,0.1779814003825632,0.002841167484778013,-0.0012165548219934786,0.01598270333117571,4.013431093078941
2160,230.059172,674.5912903225807,9.126170040762089,0.1782746538907454,0.0024117785519984355,-0.0028662230823880068,0.013567218864640511,4.015290025811948
2161,230.16568,681.0961428571428,12.81649261177664,0.17999369525823014,0.003387022360406078,-0.012536518247220116,0.01905335530286718,4.017148941091662
2162,230.272189,679.4749375,12.588971312448246,0.17956525832452433,0.003326895167137489,-0.010126389156194751,0.018715115794884305,4.019007873824669
2163,230.378698,672.9281666666667,7.8157273718173395,0.1778351391825229,0.0020654670644337575,-0.0003937770795232799,0.011619078251466911,4.020866806557676
2164,230.485207,672.1665333333333,8.554088313675562,0.17763386187455954,0.002260594163233505,0.0007384882718547678,0.012716746216730497,4.022725739290682
2165,230.591716,673.01953125,8.538837213973213,0.17785928415697674,0.002256563745764592,-0.0005296022167959155,0.01269407350663807,4.024584672023688
2166,230.698225,669.4257894736842,9.311960318939699,0.17690956381439857,0.002460877462721907,0.004812954518888882,0.013843419872916698,4.026443604756695
2167,230.804734,667.5090333333334,8.158893093802114,0.17640302149400985,0.002156155680180272,0.007662457645625767,0.012129237982900208,4.028302537489702
2168,230.911243,667.2056333333334,13.76159010831218,0.17632284178999297,0.0036367838552622033,0.008113500545894601,0.02045836359513553,4.030161470222709
2169,231.017751,668.7676818181818,11.407712029635139,0.176735645300788,0.003014723052229154,0.005791315710803608,0.016959022805795563,4.032020385502423
2170,231.12426,667.1162068965517,8.590374157739031,0.1762992090107166,0.0022701834454912865,0.008246444380458502,0.01277068976434121,4.033879318235429
2171,231.230769,663.0114137931034,9.68121928388466,0.17521443282058757,0.0025584617557834663,0.014348744269657087,0.014392370546941221,4.035738250968436
2172,231.337278,663.8309090909091,9.86974479290403,0.17543100134537767,0.002608283507638489,0.013130459708421287,0.014672637825658287,4.037597183701442
2173,231.443787,666.5742580645161,14.29991205559843,0.17615598786060152,0.003779046526320942,0.009052120626334077,0.02125864801300754,4.039456116434449
2174,231.550296,665.0429354838709,9.597821318526682,0.17575130430334857,0.0025364221243463748,0.011328627475448659,0.014268388806098847,4.041315049167456
2175,231.656805,665.4384666666666,9.811426483278648,0.17585583157152926,0.0025928716921983677,0.010740619789769878,0.014585940200370831,4.043173981900462
2176,231.763314,662.0453043478261,9.041351102949086,0.17495911848515486,0.00238936339929944,0.015784989510840418,0.013441124666522879,4.045032914633469
2177,231.869822,663.9353793103448,8.397479058000474,0.17545860975431946,0.002219206939217882,0.012975151367069879,0.012483926530215518,4.046891829913183
2178,231.976331,662.7777000000001,7.116342183967186,0.1751526691331924,0.0018806401120420634,0.014696189711562843,0.010579352728945444,4.04875076264619
2179,232.08284,664.9618620689655,7.522222927167873,0.17572987898228476,0.0019879024648963694,0.011449153474768513,0.011182746359718412,4.050609695379197
2180,232.189349,664.5459,9.930955075610452,0.17561995243128964,0.0026244595865778154,0.012067534285539885,0.014763634738770313,4.052468628112203
2181,232.295858,663.49490625,7.979525870624092,0.17534220566860464,0.002108754194139564,0.013629970901111503,0.011862585667292517,4.05432756084521
2182,232.402367,666.32590625,9.114967242378725,0.1760903557743129,0.002408817981601146,0.009421327359051207,0.013550564472175291,4.056186493578216
2183,232.508876,665.8858636363636,8.15677527490375,0.17597406544301364,0.0021555960028815445,0.010075506979013115,0.012126089574270832,4.058045426311224
2184,232.615385,663.8421428571428,7.302253880040832,0.1754339700996678,0.0019297711099473633,0.013113759278286077,0.010855734240451591,4.05990435904423
2185,232.721893,663.4854782608695,6.398672908357036,0.1753397141281368,0.001690981212567932,0.013643986812651035,0.009512445571710684,4.061763274323944
2186,232.828402,665.6032580645161,7.038219405350276,0.1758993810952738,0.0018599945574392892,0.010495636302540566,0.01046321322781024,4.063622207056951
2187,232.934911,663.6735294117648,7.105112300459355,0.17538941052107948,0.001877672383842323,0.013364424727948887,0.010562658070978923,4.065481139789957
2188,233.04142,663.9535714285714,9.002310356633064,0.17546341739655694,0.002379046077334323,0.012948106456829428,0.013383085604403435,4.067340072522963
2189,233.147929,660.836695652174,10.586077947580671,0.17463971872414744,0.0027975893096143373,0.017581740899690456,0.015737558668255748,4.069199005255971
2190,233.254438,659.7721304347826,7.597294245048658,0.17435838542145418,0.0020077416080995407,0.019164353237124534,0.011294349474233805,4.071057937988977
2191,233.360947,660.4925161290323,9.352177514251146,0.17454876219054763,0.00247150568558434,0.018093407776193258,0.013903207876917846,4.072916870721984
2192,233.467456,659.73,10.465806059098709,0.17434725158562367,0.002765804983905562,0.019226985516273967,0.015558759125072765,4.07477580345499
2193,233.573964,662.9827142857143,8.635391248477733,0.17520684838417397,0.002282080139661142,0.014391409757623768,0.012837613426728976,4.076634718734704
2194,233.680473,658.116945945946,7.79903621875428,0.17392096880178273,0.0020610560831803154,0.021624996652829503,0.011594264717892815,4.078493651467711
2195,233.786982,662.2162903225807,11.455710803477135,0.1750043050535361,0.003027407717620812,0.015530796992848981,0.01703037912142856,4.080352584200718
2196,233.893491,658.3666206896552,7.126291378779795,0.17398695049938034,0.0018832693918551238,0.02125382321668418,0.010594143479385837,4.082211516933725
2197,234.0,660.4681212121212,9.97767124557873,0.17454231533089884,0.0026368052974573846,0.018129673939922254,0.014833084299719341,4.084070449666731
2198,234.106509,658.8596785714286,7.850491921617135,0.17411725120809424,0.0020746543133237654,0.020520829620786055,0.011670760200604119,4.085929382399737
2199,234.213018,658.6716086956521,8.879879993758797,0.1740675498667157,0.0023466913302745158,0.02080041954241884,0.013201077213000059,4.0877883151327445
2200,234.319527,657.2337666666666,8.488888862277097,0.1736875704721635,0.00224336386423813,0.02293795559674337,0.012619818894203437,4.089647247865751
2201,234.426036,657.1300476190476,8.22554722481244,0.17366016057585826,0.002173770408248523,0.023092147225125752,0.01222832787270175,4.091506180598758
2202,234.532544,662.154238095238,8.447031886436566,0.1749879064733716,0.002232302295569917,0.015623045564334572,0.012557593146742678,4.093365095878472
2203,234.639053,662.5987727272727,6.413336817629636,0.17510538391312705,0.001694856452861952,0.014962187984562508,0.009534245348136464,4.095224028611478
2204,234.745562,660.6767391304348,6.672362762765845,0.17459744691607684,0.0017633093981939386,0.017819536725274258,0.009919320541080218,4.097082961344485
2205,234.852071,662.5583913043479,13.493390404662888,0.1750947122897325,0.0035659065551434687,0.015022220133913326,0.02005965043697725,4.098941894077492
2206,234.95858,663.7025806451612,10.140051258168265,0.17539708790834072,0.00267971756294087,0.013321236354291712,0.015074482954380106,4.100800826810499
2207,235.065089,664.2571818181818,6.410728207921773,0.17554365270036518,0.001694167073975104,0.01249675078549909,0.009530367316204054,4.102659759543505
2208,235.171598,663.1143043478261,11.356960334505242,0.17524162377056718,0.0030013108706409284,0.014195784301916899,0.01688357392061121,4.104518692276511
2209,235.278107,660.0740434782608,10.186124673380977,0.17443817216655944,0.0026918934126270986,0.01871552088788447,0.015142976978186378,4.106377625009518
2210,235.384615,660.4053870967741,7.7453135020579165,0.1745257365477733,0.002046858747901144,0.018222936225129632,0.011514399029201157,4.108236540289232
2211,235.491124,663.8261379310344,10.760960916081737,0.17542974046803236,0.002843805738922231,0.013137552647734056,0.01599754456581788,4.110095473022239
2212,235.597633,663.50428125,8.41059499730365,0.17534468320560254,0.0022226730965390156,0.013616033764690866,0.012503425051319851,4.111954405755246
2213,235.704142,670.827275862069,9.969481949918642,0.1772799354815193,0.002634641107272371,0.0027294657736536836,0.014820909864433652,4.113813338488252
2214,235.810651,669.9082666666667,8.69838514911239,0.1770370683579986,0.002298727576403904,0.004095690469988515,0.012931261915989003,4.115672271221259
2215,235.91716,668.7359565217391,8.870154638798924,0.17672726123724608,0.0023441212047565795,0.005838479421150988,0.01318661922912645,4.1175312039542655
2216,236.023669,668.7990909090909,9.61217197549963,0.1767439458004997,0.00254021458126311,0.0057446220804198145,0.014289722892920943,4.119390136687272
2217,236.130178,671.4929310344827,8.74732962897426,0.1774558485820515,0.00231166216410525,0.0017398842326369673,0.013004024144562034,4.121249069420279
2218,236.236686,667.713,7.3986652481745505,0.17645692389006343,0.0019552498013146306,0.007359235111375608,0.010999062068737414,4.123107984699993
2219,236.343195,666.8439523809524,9.974194766878135,0.1762272601429578,0.0026358865662997164,0.008651185535129636,0.014827916069541907,4.1249669174329995
2220,236.449704,664.1003043478261,7.751437071658934,0.17550219459509148,0.0020484770273940254,0.01272996920743742,0.011523502498524997,4.126825850166006
2221,236.556213,663.4925238095238,7.350479138253841,0.17534157605959932,0.001942515628502602,0.01363351270355742,0.010927427254066004,4.128684782899013
2222,236.662722,656.4887727272727,7.855528044036826,0.17349069046703824,0.0020759852124833077,0.0240454843611038,0.0116782470406249,4.13054371563202
2223,236.769231,664.1984545454545,8.789410396430645,0.17552813280799537,0.002322782874320988,0.012584056386737697,0.013066582586879278,4.1324026483650265
2224,236.87574,663.6803636363637,8.647933028822282,0.17539121660580434,0.0022853945636422514,0.013354264779088632,0.012856258387115045,4.134261581098033
2225,236.982249,667.8704545454545,9.188904301370258,0.17649853449932731,0.0024283573735122154,0.007125158793503713,0.013660481365797143,4.136120513831039
2226,237.088757,669.4632285714285,12.569219787395971,0.17691945786771368,0.003321675419502098,0.00475729651219784,0.018685752626972887,4.137979429110753
2227,237.195266,666.3810476190476,7.326416739963606,0.1761049280177187,0.0019361566437535976,0.009339352662215255,0.010891655421790962,4.1398383618437595
2228,237.301775,667.6263636363636,9.691636401928552,0.17643402844512782,0.0025612146939557427,0.0074880311454009205,0.014407856925105203,4.141697294576767
2229,237.408284,665.9929545454545,7.011154483272476,0.17600236642321737,0.00185284209388808,0.009916302647342714,0.010422977759947633,4.143556227309774
2230,237.514793,666.4456666666666,6.119676388113811,0.17612200493305147,0.0016172506311083086,0.009243288184131197,0.009097681564936108,4.14541516004278
2231,237.621302,667.3434545454546,6.55920348479739,0.1763592638862195,0.0017334047264263742,0.007908611688828966,0.00975109480302078,4.1472740927757865
2232,237.727811,669.2215909090909,7.302140081993528,0.17685560013453777,0.0019297410364676334,0.005116521799063239,0.010855565065101228,4.149133025508793
2233,237.83432,667.3202272727273,8.375421410474235,0.17635312560061503,0.0022133777511824074,0.007943142000154736,0.012451135016328439,4.1509919582418
2234,237.940828,665.8876818181818,6.516329081888298,0.17597454593503747,0.0017220742816829544,0.010072804019222422,0.009687356520109073,4.152850873521515
2235,238.047337,671.7735454545455,7.841414066874802,0.17753000672688835,0.0020722553030853115,0.0013227150108758023,0.011657264808609413,4.154709806254521
2236,238.153846,671.177619047619,8.008550608419654,0.17737252088996275,0.0021164245793920847,0.002208635824741567,0.01190573465185035,4.156568738987527
2237,238.260355,670.9815806451613,8.080829081945303,0.17732071370115257,0.002135525655905207,0.0025000719803401593,0.012013185846069236,4.158427671720534
2238,238.366864,677.3378333333334,11.276216182082424,0.17900048449612402,0.0029799725639752753,-0.006949310509161273,0.016763537412079414,4.160286604453541
2239,238.473373,673.9120434782609,7.590974619891824,0.17809514891074546,0.002006071516884729,-0.0018564357829138893,0.0112849545432537,4.1621455371865475
2240,238.579882,675.1865652173913,9.639430758495347,0.1784319675521647,0.0025474182765579676,-0.003751175340175163,0.01433024655982997,4.164004469919554
2241,238.686391,676.9100689655172,7.228366664602144,0.1788874389443756,0.0019102448902225417,-0.006313384071813078,0.010745891445645151,4.16586340265256
2242,238.792899,675.2233333333334,5.589512231716257,0.17844168428470752,0.0014771438244493298,-0.003805835846608633,0.008309524746478125,4.167722317932275
2243,238.899408,677.5480434782609,9.371036250442895,0.1790560368600055,0.0024764894953601753,-0.0072618147722925755,0.013931243800013848,4.169581250665281
2244,239.005917,675.97271875,8.322074412744094,0.1786397248282241,0.002199279707384805,-0.004919893103538461,0.012371827881928865,4.171440183398288
2245,239.112426,681.0300588235294,9.841453424753183,0.17997623119015047,0.0026008069304316035,-0.012438275880105818,0.014630579088864237,4.173299116131295
2246,239.218935,680.2785333333334,6.014059170456106,0.1797776250880902,0.0015893391042431627,-0.011321037130191499,0.008940668064043984,4.175158048864301
2247,239.325444,678.041,6.2519850607627045,0.17918631078224104,0.0016522159251487105,-0.007994657683537361,0.00929437532710574,4.177016981597308
2248,239.431953,680.3053870967742,9.406535670044944,0.17978472174861895,0.0024858709487433793,-0.011360958683736322,0.013984018227090896,4.178875914330314
2249,239.538462,678.91534375,10.235022371374702,0.1794173741411205,0.0027048156372554712,-0.009294481483247071,0.015215669659529727,4.180734847063321
2250,239.64497,682.7263870967741,9.626414443870631,0.18042452090295302,0.0025439784471116963,-0.014960084793000879,0.014310896143550701,4.182593762343036
2251,239.751479,682.2363611111111,9.189323025439519,0.1802950214352831,0.0024284680299787313,-0.014231598498404413,0.013661103852674624,4.184452695076042
2252,239.857988,684.3089705882353,8.725831166402617,0.18084275121253574,0.0023059807522205706,-0.017312797541538135,0.012972063930621235,4.186311627809049
2253,239.964497,684.281129032258,7.071108855721448,0.18083539350746777,0.0018686862726536582,-0.01727140750806429,0.010512107601849972,4.188170560542055
2254,240.071006,688.6334857142857,7.711549361267172,0.18198559347629115,0.0020379358777133194,-0.02374174231645658,0.011464204315993022,4.190029493275062
2255,240.177515,685.6546333333333,7.604921979165585,0.18119837033121916,0.002009757394071236,-0.019313297302028406,0.011305689076470303,4.191888426008068
2256,240.284024,683.9953214285714,9.156811057606726,0.18075986295681062,0.0024198760723062184,-0.016846517954716544,0.013612770654702485,4.193747358741075
2257,240.390533,687.0092903225807,7.489717227388258,0.18155636636431835,0.0019793121636861224,-0.0213271681566743,0.011134422480008925,4.195606291474082
2258,240.497041,684.2612857142857,7.703461298324924,0.18083014950166112,0.0020357984403607072,-0.017241907878238292,0.011452180376088474,4.197465206753796
2259,240.60355,686.1821714285715,6.882907240940771,0.18133778314708549,0.0018189501165276848,-0.020097550144739334,0.010232321833339929,4.199324139486802
2260,240.710059,684.9955294117647,7.480090763649989,0.18102418853376445,0.00197676817221194,-0.01833345503319887,0.011120111510582927,4.201183072219809
2261,240.816568,682.98425,10.964932831531616,0.18049266649048626,0.0028977095220749515,-0.0153434309754093,0.01630077490305555,4.203042004952816
2262,240.923077,682.0735151515152,7.395267815980421,0.1802519860336985,0.0019543519598256907,-0.01398950715393098,0.010994011351300683,4.204900937685823
2263,241.029586,682.0160294117646,8.742398760638757,0.1802367942420097,0.002310359080507068,-0.013904047250235755,0.012996693778197824,4.206759870418829
2264,241.136095,680.4433333333334,9.425192185264299,0.17982117688513038,0.0024908013174588513,-0.011566033405617696,0.014011753522850423,4.208618803151836
2265,241.242604,679.1810937500001,7.508192155408663,0.17948760405655392,0.0019841945442411898,-0.009689552843650657,0.011161887823174961,4.210477735884842
2266,241.349112,679.4561379310345,7.658706948509802,0.17956029015090763,0.0020239711808958307,-0.010098441192747103,0.011385647311684238,4.212336651164557
2267,241.455621,680.8241034482759,7.423059175611508,0.17992180323685938,0.0019616963994745023,-0.01213209687621553,0.01103532676148667,4.214195583897563
2268,241.56213,681.4746,9.444514385208697,0.18009371035940802,0.002495907607084748,-0.013099143189018834,0.014040478444084764,4.21605451663057
2269,241.668639,677.9429705882353,9.062338849510711,0.17916040448949136,0.0023949098439510355,-0.00784892442647075,0.01347232563580192,4.217913449363577
2270,241.775148,673.3221,11.373928397723969,0.1779392441860465,0.003005795031110994,-0.0009794093576354435,0.016908799116544353,4.219772382096583
2271,241.881657,672.0188095238095,10.478858595376884,0.17759482281284608,0.0027692543856704358,0.0009580986063517233,0.015578163389472266,4.221631314829589
2272,241.988166,675.35246875,8.95135866416243,0.178475810980444,0.0023655810423262266,-0.0039978121579493115,0.013307339397595375,4.223490247562596
2273,242.094675,670.9509696969698,7.951847361953241,0.17731262412710616,0.0021014395776832065,0.0025455790695040202,0.011821438024490857,4.225349180295603
2274,242.201183,673.7029677419355,10.69974767142936,0.1780398963377208,0.0028276288772276256,-0.0015456179632433332,0.01590654324939445,4.227208095575317
2275,242.307692,672.1109,4.453486811786787,0.17761915961945032,0.001176925690218493,0.0008211943365162203,0.006620677679292484,4.229067028308324
2276,242.414201,671.28665625,7.467416730031859,0.17740133621828752,0.0019734187975771287,0.002046538079194105,0.011101269938792459,4.23092596104133
2277,242.52071,673.2960689655172,8.051779789635848,0.17793236494860393,0.0021278487816162347,-0.0009407108959014302,0.011970000358086324,4.232784893774337
2278,242.627219,674.80625,7.643839260813998,0.17833146141649048,0.002020042087952957,-0.003185788132961743,0.011363544592572114,4.234643826507344
2279,242.733728,674.148,8.374933620206017,0.17815750528541227,0.0022132488425491616,-0.002207215327747637,0.012450409853713748,4.236502759240351
2280,242.840237,676.201,10.943385175382167,0.17870005285412263,0.0028920151097733115,-0.005259262375380908,0.016268741556570265,4.238361691973357
2281,242.946746,669.3035806451613,8.927540668344564,0.1768772676123576,0.002359286645968439,0.00499463357114808,0.0132719309008509,4.240220624706363
2282,243.053254,668.3462647058824,10.827147575644153,0.1766242771421465,0.00286129692802435,0.006417806141108386,0.01609593949952962,4.242079539986078
2283,243.159763,664.8630588235294,8.275973178849792,0.17570376818803632,0.0021870965060385317,0.011596037134549268,0.012303292502094755,4.243938472719084
2284,243.266272,665.8756571428572,9.609445224676108,0.17597136816671702,0.002539493981151188,0.010090680236866576,0.014285669229111642,4.245797405452091
2285,243.372781,661.96146875,7.566186575106004,0.17493696320031712,0.001999520765091446,0.015909621848313227,0.011248103944663777,4.247656338185098
2286,243.47929,663.3272571428572,7.085365233405846,0.17529790093627304,0.0018724538143250146,0.013879202738663228,0.010533301530452822,4.249515270918104
2287,243.585799,663.0389117647059,6.485866327814814,0.1752216997264022,0.0017140238709869914,0.014307865018295606,0.009642069740453538,4.251374203651111
2288,243.692308,669.1732727272728,11.188129153461958,0.17684283105900442,0.002956693750914899,0.0051883529555002885,0.016632584779037115,4.253233136384117
2289,243.798817,673.6383870967742,10.571760968660538,0.17802282957102913,0.002793805752817267,-0.0014496105753238077,0.015716274648166068,4.255092069117125
2290,243.905325,671.77709375,11.444798963437847,0.1775309444371036,0.0030245240389634837,0.0013174400159093151,0.017014157275750914,4.2569509843968385
2291,244.011834,673.8444375,6.5874486075610434,0.17807728263742073,0.001740869082336431,-0.001755930850447497,0.009793084790132753,4.258809917129845
2292,244.118343,675.92325,8.132382639353448,0.1786266516913319,0.0021491497461293466,-0.004846351480358909,0.012089826802076308,4.260668849862852
2293,244.224852,673.056,8.876070504451832,0.17786892177589853,0.002345684594199741,-0.0005838176774721656,0.013195413919969246,4.262527782595858
2294,244.331361,668.8555,6.325536290471258,0.1767588530655391,0.0016716533537186231,0.005660762752914332,0.009403718636156777,4.264386715328865
2295,244.43787,672.0909285714285,9.984374655128262,0.1776138817577771,0.002638576811608943,0.0008508844191311415,0.014843049775279397,4.266245648061872
2296,244.544379,671.8793636363637,12.278777666715701,0.17755797136267537,0.003244920102197597,0.00116540275105891,0.018253973271429552,4.268104580794878
2297,244.650888,670.950125,8.052872922532146,0.17731240089852007,0.002128137664516955,0.0025468348195734763,0.011971625439931839,4.269963513527885
2298,244.757396,672.102303030303,11.117086372125696,0.17761688769299763,0.00293791923153428,0.0008339748313931023,0.01652697059928406,4.2718224288075985
2299,244.863905,667.264794117647,7.681182898089592,0.1763384762467355,0.002029910913871458,0.008025550474243194,0.011419060685068374,4.273681361540605
2300,244.970414,666.0089999999999,12.134930970824113,0.1760066067653277,0.0032069056476807956,0.00989244902719006,0.01804012676217105,4.275540294273612
2301,245.076923,662.5232666666667,8.174018936949523,0.17508542988019732,0.002160152996022596,0.015074437399736011,0.012151724483105242,4.277399227006619
2302,245.183432,660.4476206896552,10.306808770398177,0.1745368976452577,0.002723786672938207,0.01816015058827464,0.015322389322072258,4.2792581597396255
2303,245.289941,660.052,7.5681583341939005,0.1744323467230444,0.0020000418430744992,0.01874829133734659,0.011251035216706055,4.281117092472632
2304,245.39645,662.2821666666666,7.48748412275485,0.17502171423537702,0.001978722019755503,0.015432863382777611,0.011131102684391051,4.282976025205638
2305,245.502959,660.428,7.410381910840785,0.17453171247357294,0.0019583461709410076,0.01818931925263634,0.011016480386174622,4.284834957938646
2306,245.609467,660.765294117647,7.410052609020353,0.1746208493968412,0.001958259146147029,0.01768788841194039,0.011015990836905838,4.2866938732183595
2307,245.715976,660.7582972972973,9.523933296539692,0.17461900034283753,0.0025168956914745472,0.017698290080177752,0.01415854481225525,4.288552805951367
2308,245.822485,662.9848999999999,12.52708823902328,0.1752074260042283,0.0033105412893824743,0.014388160413818274,0.01862311869232944,4.290411738684373
2309,245.928994,664.0343333333334,9.09771655989384,0.1754847603946441,0.0024042591331643413,0.012828043557175357,0.01352491912656026,4.292270671417379
2310,246.035503,662.8179444444445,7.638181477455192,0.17516330455719992,0.0020185469020758936,0.01463636119824076,0.011355133574064374,4.294129604150386
2311,246.142012,668.2051739130435,10.06732324111562,0.1765869909918191,0.0026604976852842546,0.006627555648040748,0.01496636345621851,4.295988536883393
2312,246.248521,670.694,8.02065253649046,0.17724471458773783,0.002119622763343148,0.0029275973865851668,0.011923725715581085,4.2978474696164
2313,246.35503,670.8966428571429,8.145526130447253,0.1772982671398369,0.0021526231845790836,0.0026263428644873613,0.012109366282440876,4.299706402349406
2314,246.461538,669.5150571428572,7.582376156133991,0.17693315463606163,0.0020037991955956626,0.004680246712679273,0.011272171827264274,4.30156531762912
2315,246.568047,669.395,9.103950680885756,0.1769014270613108,0.0024059066281410524,0.004858727009028224,0.013534186944664454,4.303424250362127
2316,246.674556,671.4206774193549,10.230816873176513,0.17743675407488235,0.0027037042476682166,0.0018472984716686363,0.015209417648638516,4.305283183095133
2317,246.781065,671.7430277777778,8.283408589243333,0.1775219418017383,0.0021890614665019173,0.0013680834401400075,0.012314346190521143,4.307142115828141
2318,246.887574,669.7765454545455,6.963278201980862,0.177002258312512,0.001840189799677822,0.004291510896956479,0.010351803545155734,4.3090010485611465
2319,246.994083,671.0312121212121,8.857924738467162,0.17733382984175797,0.002340889201497659,0.002426288444075899,0.01316843791826415,4.310859981294153
2320,247.100592,666.8577647058823,8.95779231479947,0.1762309103345355,0.002367281267124592,0.008630651747733878,0.013316903842033895,4.31271891402716
2321,247.207101,664.2443548387097,9.55759021423424,0.17554026290663574,0.002525790225749008,0.012515819730860998,0.014208580124618673,4.314577846760167
2322,247.313609,664.0062666666666,10.573795263351016,0.17547734319943623,0.0027943433571223615,0.012869768246477302,0.01571929888737897,4.3164367620398805
2323,247.420118,662.0419032258064,11.09548690040186,0.17495821966855352,0.0029322111258990075,0.015790045713674632,0.016494860222320978,4.318295694772887
2324,247.526627,663.1899130434783,7.1329577118729315,0.17526160492692344,0.001885031107788828,0.014083382306621933,0.010604053836051949,4.320154627505894
2325,247.633136,659.7726086956521,9.304654664780962,0.1743585118117474,0.002458946793018224,0.019163642241179578,0.013832559083727101,4.322013560238901
2326,247.739645,661.2958620689656,8.516973560082983,0.17476106291463148,0.0022507858245462407,0.016899131300693288,0.01266157038909974,4.3238724929719075
2327,247.846154,664.2802272727272,8.890426648564539,0.17554974293676726,0.002349478501206272,0.012462490770152402,0.013216756164126368,4.325731425704914
2328,247.952663,660.8542500000001,8.413122112267578,0.17464435782241014,0.002223340938759934,0.01755564411671152,0.012507181930893499,4.327590358437921
2329,248.059172,663.1304516129031,9.530990045945595,0.1752458910182091,0.0025187605829665883,0.0141717793273889,0.014169035572698562,4.329449291170927
2330,248.16568,667.5579333333334,9.215018622310199,0.17641594432699084,0.00243525862111792,0.007589761542055738,0.013699303643500927,4.331308206450641
2331,248.272189,668.0049722222222,9.793792125586831,0.17653408356824055,0.0025882114496793896,0.006925181064213283,0.014559724472494448,4.333167139183648
2332,248.378698,667.8229142857143,7.672527777234695,0.17648597100573846,0.0020276236197765856,0.00719583346928744,0.011406193741058506,4.335026071916655
2333,248.485207,668.5017096774194,9.609177311971253,0.1766653566800791,0.002539423179696426,0.0061867173118590425,0.014285270942613938,4.336885004649661
2334,248.591716,662.3832647058823,9.169987912846278,0.17504843147618457,0.00242335832791921,0.015282568218574136,0.013632359735136457,4.338743937382668
2335,248.698225,665.5423499999999,6.420301241292911,0.17588328488372093,0.0016966969453733926,0.010586183929663541,0.009544598854556344,4.340602870115675
2336,248.804734,668.0676896551724,8.866522120165786,0.17655065794269884,0.0023431612368302835,0.006831943579522204,0.01318121902563416,4.342461802848681
2337,248.911243,666.6164857142858,8.575272204122143,0.17616714738749623,0.002266192442949821,0.008989343824674187,0.012748238778978342,4.344320735581688
2338,249.017751,666.404875,9.02290689069017,0.17611122489429176,0.002384489136017496,0.009303930213268086,0.013413704986264373,4.3461796508614015
2339,249.12426,662.1220434782609,4.303165510076819,0.17497939838220428,0.0011372001876524293,0.015670906979675568,0.006397205840480839,4.348038583594408
2340,249.230769,668.8165652173913,10.259148940540367,0.1767485637466679,0.002711191580481062,0.00571864428643169,0.015251536890017549,4.349897516327416
2341,249.337278,665.7827,9.9721304096415,0.17594680232558138,0.0026353410173471144,0.010228872917535612,0.014824847138509574,4.351756449060422
2342,249.443787,665.0211,6.743059483391181,0.1757455338266385,0.0017819924638983057,0.011361088714650787,0.010024420257330502,4.353615381793428
2343,249.550296,667.4691212121212,7.115243323130186,0.1763924738932667,0.0018803497154149503,0.00772179211796394,0.010577719131783568,4.355474314526435
2344,249.656805,670.2143793103448,8.342922143152215,0.1771179649340235,0.0022047891498816682,0.003640614877985996,0.012402820699289753,4.357333247259442
2345,249.763314,672.7470689655173,6.215546039287493,0.17778728038200772,0.0016425861626024058,-0.00012455218710909126,0.009240204061683388,4.359192179992449
2346,249.869822,670.5988181818183,8.010980777219924,0.17721956083029022,0.0021170668015908904,0.003069097331626681,0.011909347408553749,4.361051095272163
2347,249.976331,668.6381818181818,8.910942803845684,0.17670142225639054,0.0023549003181410366,0.005983834021893973,0.013247256052657592,4.362910028005169
2348,250.08284,666.689,10.976384219465574,0.17618631078224103,0.002900735787385203,0.008881542065480056,0.016317798855678644,4.364768960738176
2349,250.189349,662.2877714285714,8.523445720260028,0.1750231954092419,0.002252496226284355,0.01542453118744193,0.012671192082894241,4.366627893471182
2350,250.295858,662.49996875,7.665484314326506,0.17507927292547568,0.002025762239515461,0.015109072732312002,0.01139572273269326,4.368486826204189
2351,250.402367,663.5903666666667,10.221989220280962,0.17536743305144467,0.0027013713584251977,0.01348805678379376,0.01519629421368605,4.370345758937196
2352,250.508876,660.6646000000001,8.116336699564007,0.17459423890063425,0.0021449092757833037,0.01783758309507666,0.01206597246054643,4.372204691670202
2353,250.615385,661.451125,6.667806186348709,0.1748020943446089,0.0017621052289505024,0.016668313097931136,0.009912546607518918,4.374063624403209
2354,250.721893,658.9671212121212,9.149064234108769,0.174145645140624,0.002417828814510779,0.020361102395108594,0.013601254010871287,4.375922539682923
2355,250.828402,665.885,8.400441723079615,0.17597383720930232,0.0022199898845347847,0.010076790884913662,0.012488330910735718,4.37778147241593
2356,250.934911,667.3190666666667,7.114393664222124,0.17635281888653984,0.0018801251755343926,0.007944867389487763,0.010576456005158254,4.379640405148937
2357,251.04142,669.5331034482758,5.906232835771423,0.17693792374425893,0.0015608437726668664,0.004653418571824968,0.008780370428178695,4.381499337881943
2358,251.147929,670.0105483870968,7.34188754040224,0.17706409841096638,0.001940245121670786,0.003943635612284876,0.010914654745124278,4.38335827061495
2359,251.254438,672.1926666666667,9.144743896541517,0.17764076814658208,0.0024166870762530428,0.0006996377297968912,0.01359483127657175,4.385217203347956
2360,251.360947,674.7683181818182,10.591616102174594,0.17832143715164328,0.0027990528811243655,-0.003129397634328911,0.01574579184330581,4.387076136080963
2361,251.467456,676.0022666666666,8.816791843363177,0.17864753347427767,0.0023300189860896306,-0.004963819860394867,0.013107288609417223,4.38893506881397
2362,251.573964,673.7584137931034,9.435863862024517,0.17805454909965737,0.002493621528019166,-0.0016280456090154208,0.014027618335100495,4.390793984093684
2363,251.680473,673.6726896551725,12.15077379400599,0.1780318947291682,0.0032110924402764425,-0.0015006057151608883,0.01806367914488828,4.392652916826691
2364,251.786982,676.05125,11.520609252482583,0.17866047832980972,0.0030445584705292225,-0.0050366398496219725,0.01712685896540471,4.394511849559697
2365,251.893491,676.1181379310344,8.37347857704883,0.1786781548443537,0.002212864317401909,-0.0051360773130589375,0.012448246745982553,4.396370782292704
2366,252.0,675.2078235294117,7.775664186657758,0.17843758549931601,0.002054879541928593,-0.0037827785396099935,0.011559519203252076,4.39822971502571
2367,252.106509,674.9758260869565,10.974724178154176,0.17837627539295892,0.0029002970872500423,-0.0034378846724380536,0.016315330991975026,4.400088647758717
2368,252.213018,676.7041739130435,9.398767359471709,0.17883302693262249,0.002483818012545373,-0.006007294745449307,0.013972469639974372,4.401947580491724
2369,252.319527,677.9673913043479,8.314456805846351,0.17916685816711092,0.0021972665977395243,-0.007885228944012092,0.012360503335098702,4.40380651322473
2370,252.426036,678.4248333333334,6.2239332500798294,0.17928774665257222,0.0016448026559407586,-0.008565275020012392,0.009252672723123525,4.405665445957737
2371,252.532544,679.6865333333334,7.555042831679087,0.17962117688513038,0.0019965758011836945,-0.010440953422349882,0.011231537344943482,4.407524361237451
2372,252.639053,679.9380322580645,6.464076198415709,0.17968764066016504,0.0017082653801310057,-0.010814838736869451,0.009609675926474001,4.409383293970458
2373,252.745562,681.9281034482759,9.13653945252183,0.18021355799373043,0.002414518882801751,-0.013773334061109409,0.01358263432131224,4.4112422267034646
2374,252.852071,679.0326666666666,6.5612701952223,0.1794483791402396,0.0017339508972574926,-0.009468897002697723,0.009754167232368414,4.413101159436471
2375,252.95858,679.8971935483871,8.317473347996003,0.17967684818932006,0.002198063781182871,-0.010754126772281008,0.012364987810774237,4.414960092169478
2376,253.065089,682.5422758620689,8.81293304466529,0.1803758657140774,0.0023289992189918884,-0.014686379897570673,0.013101552011670896,4.416819024902484
2377,253.171598,683.4692,7.073757368915457,0.1806208245243129,0.0018693861968592659,-0.016064371168175846,0.010516044955417659,4.418677957635491
2378,253.278107,684.0307333333333,6.952189043404844,0.18076922128259337,0.0018372592609420836,-0.016899162279791834,0.010335318092796896,4.420536890368497
2379,253.384615,687.8305217391305,7.869222820985813,0.18177339369427337,0.002079604339583995,-0.022548033680446576,0.011698606077914295,4.422395805648212
2380,253.491124,684.8709677419355,9.75728805042287,0.18099127054490896,0.002578564495354877,-0.018148278181445102,0.014505456496444398,4.424254738381219
2381,253.597633,682.8215666666667,10.779895801695028,0.18044967406624385,0.002848809672752385,-0.015101581395672728,0.016025693694767393,4.426113671114225
2382,253.704142,680.8096,10.472270885039928,0.17991797040169136,0.002767513447420703,-0.012110535645581887,0.01556836991558786,4.427972603847231
2383,253.810651,682.3365510204083,7.4287566003706935,0.1803214986840402,0.0019632020614087473,-0.01438054361134776,0.011043796712005581,4.429831536580238
2384,253.91716,683.4053043478261,8.938766461750035,0.18060393878113798,0.0023622532932743236,-0.0159693821099323,0.013288619478357227,4.431690469313245
2385,254.023669,683.3397857142857,7.813811643290689,0.18058662413168228,0.002064960793681476,-0.015871980282332755,0.01161623027601939,4.433549402046252
2386,254.130178,680.313090909091,9.818367291818747,0.17978675763982319,0.002594705943926729,-0.011372411385946161,0.014596258599890095,4.435408334779258
2387,254.236686,683.1907941176471,9.73362807496681,0.18054725003109065,0.0025723118591349904,-0.01565048522015879,0.014470282917176175,4.437267250058972
2388,254.343195,679.2743793103448,8.385828885744393,0.17951225668878035,0.002216128141052965,-0.009828233758914768,0.01246660705927615,4.439126182791979
2389,254.449704,683.828,10.061293436683362,0.18071564482029598,0.0026589041851700257,-0.01659777325326635,0.014957399380809238,4.4409851155249855
2390,254.556213,681.5548275862069,7.1368701576940055,0.1801149121528031,0.0018860650522447159,-0.013218411755809666,0.010609870187107599,4.442844048257992
2391,254.662722,688.307,9.312041462025174,0.1818993128964059,0.0024608989064548578,-0.0232563795495885,0.013843540502490223,4.444702980990999
2392,254.769231,682.8253636363637,6.972418876447126,0.1804506774937536,0.0018426054113232415,-0.015107226076702217,0.010365392326703783,4.446561913724005
2393,254.87574,681.8992272727272,8.1257361743081,0.18020592686911396,0.0021473932807367976,-0.013730405933330542,0.012079945981804056,4.448420846457012
2394,254.982249,678.690625,6.537161151398589,0.17935798757928118,0.0017275795854647413,-0.008960408323244478,0.009718326055542563,4.450279779190018
2395,255.088757,682.8773030303031,9.134489522836118,0.1804644035492344,0.0024139771466268837,-0.015184440628055663,0.013579586838679466,4.452138694469733
2396,255.195266,678.7312413793103,4.75933147807826,0.17936872129474377,0.0012577514476951055,-0.00902078976530962,0.007075354888639463,4.45399762720274
2397,255.301775,678.0191818181819,8.881287324301395,0.17918054487795504,0.002347063246379862,-0.007962222166049334,0.013203169389827935,4.455856559935746
2398,255.408284,672.4315625,9.25601368226571,0.177703901294926,0.0024460924107467547,0.0003444885223848661,0.013760248042772615,4.457715492668753
2399,255.514793,670.6868333333333,7.84831313732124,0.17724282064834393,0.0020740785246620565,0.0029382515530934077,0.011667521159114775,4.459574425401759
2400,255.621302,672.1830666666666,10.657700078390276,0.17763823114869626,0.0028165169340354803,0.0007139093574915994,0.01584403412509095,4.461433358134766
2401,255.727811,671.9508333333334,9.001819858471263,0.1775768587033122,0.0023789164530843717,0.0010591539066207097,0.013382356416158639,4.463292290867773
2402,255.83432,674.1222580645161,6.645542029399572,0.17815070244833936,0.0017562214665432225,-0.002168946648646841,0.009879448090965255,4.465151223600779
2403,255.940828,673.9937916666667,9.258284121140047,0.17811675255461593,0.0024466924210200915,-0.001977964919335353,0.013763623340514024,4.467010138880494
2404,256.047337,678.4896363636364,6.896991397534327,0.17930487218912167,0.0018226721452257696,-0.008661613011884796,0.01025325973326675,4.468869071613501
2405,256.153846,683.4095833333334,7.892400058816443,0.18060506959126146,0.002085729402435632,-0.01597574336910634,0.011733062005967495,4.4707280043465065
2406,256.260355,680.4673333333334,7.466707464995283,0.17982751937984495,0.001973231359671054,-0.011601712474854538,0.011100215525611313,4.472586937079513
2407,256.366864,680.32403125,10.295976400091915,0.17978964885042284,0.0027209239957959614,-0.011388675601811575,0.015306285618315759,4.474445869812521
2408,256.473373,676.8196363636363,6.538361863760062,0.1788635402652316,0.0017278968984566713,-0.00617894444415584,0.009720111068020818,4.476304802545526
2409,256.579882,675.98815625,8.191112895002076,0.17864380450581396,0.002164670426797585,-0.004942842921511114,0.01217713683780897,4.4781637352785335
2410,256.686391,673.8144137931034,9.906516291661044,0.1780693482539914,0.002618001134159898,-0.0017112967705679764,0.01472730336107885,4.48002266801154
2411,256.792899,671.2944137931034,7.533841761001048,0.1774033863089597,0.001990972981237056,0.0020350054992984566,0.011200019242084419,4.481881583291254
2412,256.899408,671.2241935483871,8.628074437244024,0.17738482916183593,0.0022801465214704057,0.002139396873176003,0.012826736051120603,4.483740516024261
2413,257.005917,671.5061034482759,7.506898514722612,0.17745932966392067,0.001983852673023946,0.0017203017549811532,0.011159964660858111,4.4855994487572675
2414,257.112426,666.7826551724138,6.883262854177825,0.17621106109207552,0.0018190440946558694,0.008742311674607615,0.010232850497894361,4.487458381490275
2415,257.218935,669.5681428571429,9.404098233687813,0.17694718363032316,0.0024852268059428646,0.004601328009534028,0.013980394666234774,4.48931731422328
2416,257.325444,672.8298214285714,7.878736733924221,0.17780914942615525,0.002082118587189273,-0.00024757430622694953,0.011712749726182711,4.491176246956287
2417,257.431953,678.9971875,11.317701970770974,0.17943900303911206,0.002990936038787259,-0.00941615268419923,0.01682521134236956,4.4930351796892944
2418,257.538462,685.9929032258065,10.251854386255646,0.18128776512309897,0.002709263844147897,-0.019816178756790134,0.015240692602210242,4.4948941124223
2419,257.64497,684.925,8.388225350652768,0.18100554968287524,0.0022167614563035854,-0.01822860404296615,0.012470169710833983,4.496753027702015
2420,257.751479,684.9558666666667,11.125850894180616,0.18101370683579984,0.0029402354371513375,-0.01827449129034573,0.016540000182168505,4.498611960435022
2421,257.857988,680.3899666666667,8.3321802730317,0.17980707364341084,0.0022019503892789943,-0.01148669703082859,0.012386851535632987,4.5004708931680275
2422,257.964497,678.3841666666667,6.7648538332367245,0.17927699964763918,0.0017877520700942703,-0.008504818819361128,0.010056820345543435,4.502329825901034
2423,258.071006,680.0037666666667,12.482220952586756,0.1797050123326286,0.0032986841840874077,-0.010912561341692705,0.01855641773319453,4.504188758634042
2424,258.177515,676.8869310344828,9.06667917601522,0.17888132426915507,0.0023960568646974735,-0.006278986578339077,0.013478778086212954,4.506047691367049
2425,258.284024,674.2189032258065,7.716962750352149,0.17817624292436746,0.0020393664773657896,-0.002312622040358587,0.011472252011158353,4.5079066241000545
2426,258.390533,671.4613333333333,6.868598312727944,0.17744749823819592,0.0018151686872959704,0.001786858256263399,0.01021104978165618,4.509765556833061
2427,258.497041,671.4439,10.312195021530053,0.1774428911205074,0.002725210100827191,0.0018127751357229433,0.015330396673199796,4.511624472112776
2428,258.60355,667.628,9.737040816730008,0.17643446088794928,0.002573213746493139,0.007485598481589343,0.014475356394245204,4.513483404845782
2429,258.710059,663.962,8.168657915063728,0.17546564482029597,0.0021587362354819574,0.01293557630751413,0.012143754638478495,4.5153423375787884
2430,258.816568,664.3638,10.502175493513352,0.1755718287526427,0.00277541635663671,0.012338249223374289,0.01561282694043044,4.517201270311796
2431,258.923077,665.4046071428572,8.178827183600749,0.17584688349441255,0.0021614236743130863,0.01079095630203345,0.012158872556654304,4.519060203044801
2432,259.029586,660.0727586206897,6.498077515999706,0.1744378326164613,0.0017172509291754,0.01871743099297795,0.009660223233316586,4.520919135777808
2433,259.136095,665.763,11.696217187620961,0.17594159619450317,0.0030909664872148476,0.010258159486867495,0.017387922618585468,4.522778068510815
2434,259.242604,666.8983225806451,8.076788827197355,0.17624162858896544,0.002134457935305851,0.008570357280160515,0.012007179490698955,4.524637001243821
2435,259.349112,666.5258275862069,9.090887407842443,0.17614318910840562,0.00240245438896471,0.009124118725866055,0.013514766718690702,4.526495916523536
2436,259.455621,667.7215652173912,10.377470198052226,0.17645918742531483,0.002742460411747417,0.007346501820361751,0.01542743657080733,4.528354849256543
2437,259.56213,669.8780666666667,11.430583488691804,0.17702908738548276,0.00302076730673674,0.004140586632111511,0.016993024154596848,4.530213781989549
2438,259.668639,670.4624838709677,7.194130259551729,0.17718353167837414,0.0019011972144692716,0.003271775719801156,0.010694994651219637,4.532072714722555
2439,259.775148,670.5760909090909,6.982526571712816,0.1772135546799923,0.001845276578148209,0.00310288432901004,0.01038041870833748,4.533931647455562
2440,259.881657,672.0955172413793,8.84149729005495,0.17761509440839834,0.002336547909633979,0.0008440627744279407,0.013144016415377349,4.53579058018857
2441,259.988166,669.2901999999999,7.6027726040547465,0.1768737315010571,0.0020091893773929045,0.0050145256113623745,0.011302493755495528,4.5376495129215755
2442,260.094675,669.3602083333334,8.344180846445525,0.17689223264622975,0.002205121788172703,0.004910449270855932,0.012404691922704358,4.539508445654582
2443,260.201183,670.0227096774194,9.897979201815417,0.1770673122826161,0.002615745032192223,0.003925556298975349,0.014714611885258652,4.541367360934297
2444,260.307692,672.8604399999999,8.199161614051377,0.17781724101479918,0.002166797466715474,-0.00029309272830743027,0.01218910228798509,4.543226293667303
2445,260.414201,667.1631,7.8610147557204755,0.17631160147991543,0.0020774351891438944,0.00817673178526432,0.011686403739210038,4.545085226400309
2446,260.52071,670.938,11.510161711317922,0.17730919661733616,0.003041797492420173,0.00256486018267747,0.01711132735938105,4.546944159133317
2447,260.627219,671.1666818181818,11.31160782806069,0.17736963050163368,0.002989325535956843,0.002224895415006142,0.01681615161988206,4.548803091866324
2448,260.733728,667.2277727272727,6.0199680107663,0.17632869258120315,0.0015909006370946844,0.008080587505510241,0.008949452310816335,4.550662024599329
2449,260.840237,663.7668260869566,7.664641992778942,0.17541406609063334,0.0020255396386836522,0.013225727289043284,0.011394470513992616,4.552520957332336
2450,260.946746,659.674125,7.136474110008822,0.1743324854651163,0.0018859603884801332,0.019310050849340926,0.010609281411575059,4.554379890065343
2451,261.053254,664.9886666666666,7.205001157401773,0.17573696264975336,0.0019040700733091369,0.011409305012383344,0.010711155631097063,4.556238805345057
2452,261.159763,665.8263125,10.215766629806968,0.17595832782769555,0.002699726910625521,0.010164037358906804,0.015187043537171329,4.558097738078064
2453,261.266272,661.8581666666666,7.4364349731034,0.1749096634954193,0.001965231229678483,0.01606319360596146,0.011055211595020428,4.55995667081107
2454,261.372781,664.20916,10.411225510956923,0.17553096194503173,0.002751380948984379,0.012568141359490234,0.015477618160233853,4.561815603544076
2455,261.47929,664.1512903225806,7.494939493611902,0.17551566868989973,0.00198069225518284,0.012654172035630141,0.011142186046599157,4.563674536277083
2456,261.585799,661.0349677419355,6.142040477907835,0.17469211621087088,0.001623160802829768,0.017286984082259895,0.009130928644443535,4.565533469010091
2457,261.692308,664.415,7.745193468025375,0.17558535940803383,0.002046827026433768,0.01226213387566905,0.011514220583261198,4.567392401743097
2458,261.798817,664.8934545454545,8.472402699225025,0.17571180088410532,0.0022390070558205724,0.011550850006754694,0.012595310104495775,4.569251334476103
2459,261.905325,662.6613571428571,8.55042864082256,0.17512192313500452,0.0022596270192448667,0.014869148247196595,0.01271130564501771,4.571110249755818
2460,262.011834,665.0935483870968,9.004583543354302,0.17576467980631522,0.0023796468137828545,0.01125338492217905,0.013386464987170747,4.572969182488825
2461,262.118343,669.3147333333333,13.057459712108352,0.17688021494009867,0.003450702883749572,0.004978053673920278,0.019411583713556033,4.57482811522183
2462,262.224852,667.7991666666666,7.8461891434448905,0.1764796952078929,0.002073517215498118,0.007231137341962838,0.011664363570590893,4.576687047954838
2463,262.331361,667.0853999999999,9.365796133473824,0.17629106765327693,0.002475104686435998,0.00829224277191854,0.013923453696007688,4.578545980687845
2464,262.43787,667.4245862068966,7.943770135490919,0.17638070460013122,0.002099305004093803,0.00778799909858362,0.011809430194399544,4.580404913420851
2465,262.544379,666.00656,8.420528764473975,0.1760059619450317,0.002225298299279591,0.009896076399229138,0.012518192866597033,4.582263846153857
2466,262.650888,667.7362580645162,8.178946439763262,0.1764630703130328,0.0021614551902122796,0.00732465902411788,0.012159049846190963,4.584122778886864
2467,262.757396,667.4815757575758,7.658961658697192,0.17639576526362996,0.002024038493313217,0.007703276843397836,0.011386025970951359,4.585981694166579
2468,262.863905,670.7727878787879,8.46118956529449,0.17726553590877056,0.002236043754041882,0.0028104691289895516,0.012578640346917889,4.587840626899585
2469,262.970414,668.2311290322581,7.771756724370328,0.17659385016708723,0.00205384691447419,0.006588970044061283,0.011553710260856507,4.589699559632592
2470,263.076923,666.0102413793103,8.537021898996208,0.17600693482539914,0.0022560840113626307,0.009890603558091614,0.01269137480877343,4.591558492365599
2471,263.183432,668.4516451612903,11.093405505219094,0.17665212609970674,0.0029316610743179462,0.006261144617578853,0.016491765962202875,4.593417425098604
2472,263.289941,670.1878064516129,12.707863679416144,0.17711094250835438,0.0033583149258499313,0.0036801188307575223,0.018891864502916682,4.595276357831612
2473,263.39645,666.0386,6.389713158528786,0.17601442917547566,0.0016886134139875216,0.009848444841798006,0.009499125757774562,4.597135290564618
2474,263.502959,669.7151666666666,10.158112959713467,0.17698603770260748,0.0026844907398819984,0.004382758314556469,0.015101333983545366,4.598994223297624
2475,263.609467,668.7314,7.949018050829544,0.17672605708245243,0.002100691873897865,0.005845253273426406,0.01181723189167938,4.600853138577339
2476,263.715976,667.066064516129,8.761441642924142,0.17628595785309964,0.0023153915546839736,0.00832098744140852,0.013025003458011558,4.6027120713103455
2477,263.822485,665.1961379310344,7.229405091727503,0.17579179120799007,0.0019105193159956362,0.011100872445465423,0.010747435200366171,4.604571004043351
2478,263.928994,667.2327857142857,10.544887844642297,0.1763300173663546,0.002786703975856839,0.008073135059230272,0.015676324312647007,4.606429936776359
2479,264.035503,661.1246799999999,5.538932340863785,0.1747158245243129,0.001463777045682819,0.01715361533780676,0.008234331270323284,4.608288869509366
2480,264.142012,662.577625,7.417991314713263,0.17509979519027485,0.0019603571127677763,0.014993626785627741,0.011027792738158682,4.6101478022423725
2481,264.248521,663.7586451612904,9.733814204611269,0.17541190411239174,0.002572361047730248,0.013237889281262682,0.014470559622695821,4.612006734975378
2482,264.35503,660.8541612903225,11.002822641173397,0.17464433437904933,0.0029077226852995347,0.017555775994991606,0.016357102950621382,4.613865667708385
2483,264.461538,662.3325,8.202592261380053,0.1750350158562368,0.0021677040859883773,0.015358036445905922,0.012194202383967054,4.6157245829881
2484,264.568047,660.2516400000001,8.153470344378924,0.17448510570824524,0.002154722606865466,0.018451500946411604,0.012121176372395058,4.6175835157211065
2485,264.674556,666.7876666666667,8.405136776393649,0.17621238548273432,0.0022212306491526538,0.008734861447506476,0.012495310707913284,4.619442448454113
2486,264.781065,665.8224137931034,8.05053936754392,0.1759572975140337,0.002127520974509494,0.010169833285294149,0.011968156312015452,4.62130138118712
2487,264.887574,666.1473103448276,7.032076192620325,0.17604315812495444,0.0018583710868447026,0.009686833011803713,0.010454080556463246,4.623160313920125
2488,264.994083,665.9606785714286,8.657089550504235,0.1759938368317729,0.00228781436324108,0.00996428501034097,0.01286987072757584,4.625019246653133
2489,265.100592,671.7272800000001,6.451696040060577,0.1775177801268499,0.001704993668092117,0.001391494525709162,0.009591271237844184,4.626878179386139
2490,265.207101,671.0997647058823,8.847216234187693,0.1773519462753389,0.002338059258506259,0.0023243762601253496,0.01315251835719706,4.628737112119146
2491,265.313609,671.22140625,8.279881196979133,0.17738409256078225,0.0021881292803856115,0.002143540548681715,0.012309102270820422,4.63059602739886
2492,265.420118,671.605,6.975707423947504,0.17748546511627908,0.001843474477787389,0.0015732793834707594,0.010370281173118527,4.6324549601318665
2493,265.526627,672.9084242424242,8.350439498277558,0.17782992183996413,0.00220677576592959,-0.00036442744112959104,0.012413996209039534,4.634313892864874
2494,265.633136,675.8947333333333,10.588439476482197,0.17861911557434815,0.0027982133923050235,-0.004803957808508755,0.015741069382971738,4.63617282559788
2495,265.739645,674.92228,10.08797838403051,0.17836212473572938,0.002665956232566203,-0.00335828156644295,0.014997069967641696,4.638031758330887
2496,265.846154,676.235212121212,9.428372118099091,0.17870909411237107,0.0024916416802587475,-0.005310123068775324,0.01401648089967468,4.6398906910638935
2497,265.952663,675.5753666666666,8.515444234806049,0.17853471634954193,0.0022503816688176723,-0.004329178416344878,0.012659296851498053,4.641749623796899
2498,266.059172,675.9964642857142,9.809665080861718,0.1786460000755059,0.002592406205301718,-0.0049551938790724365,0.014583321650421336,4.643608556529906
2499,266.16568,675.9319333333333,10.490694796139435,0.17862894644115576,0.002772382345702814,-0.0048592603658258226,0.015595759415576713,4.645467471809621
2500,266.272189,677.906909090909,12.163785254008197,0.1791508744954834,0.0032145309867886436,-0.007795314398975545,0.018083022344150382,4.6473264045426275
2501,266.378698,678.0948620689655,8.265763631320878,0.17920054494422977,0.002184398422653507,-0.008074730537198144,0.01228811470404638,4.649185337275634
2502,266.485207,680.97778125,8.799893810702311,0.17996241576374208,0.002325553332638031,-0.012360558581543776,0.013082167522864209,4.651044270008641
2503,266.591716,677.7177666666666,9.831741357261796,0.1791008897110641,0.0025982403164011105,-0.007514129996885293,0.014616140858511777,4.652903202741648
2504,266.698225,685.7796363636363,9.05772269048146,0.18123140495867768,0.002393689928774162,-0.019499130292569857,0.013465463125068012,4.654762135474654
2505,266.804734,683.3885454545455,9.70803928482379,0.18059950989813567,0.0025655494938752062,-0.0159444678718618,0.014432241908209497,4.65662106820766
2506,266.911243,687.9502727272728,7.997193752940973,0.18180504036133002,0.002113423296231764,-0.022726058838659354,0.011888851233811311,4.658480000940667
2507,267.017751,690.6402,9.594223674517208,0.1825159090909091,0.002535471372758253,-0.02672497973056165,0.014263040448194554,4.660338916220381
2508,267.12426,696.3044137931035,10.349256148277517,0.1840127943427863,0.0027350042675151997,-0.03514555790124113,0.015385492777667183,4.662197848953388
2509,267.230769,696.702375,6.920899488202856,0.184117963794926,0.0018289903510049805,-0.03573717812850915,0.010288802167528508,4.664056781686395
2510,267.337278,693.3649512195121,7.554733724464461,0.18323598076625586,0.0019964941132305752,-0.030775670872815613,0.01123107781753884,4.665915714419402
2511,267.443787,691.2962,5.699393926641188,0.18268927061310783,0.00150618232733647,-0.02770020762303484,0.00847287793819005,4.667774647152408
2512,267.550296,695.0333478260869,8.988976206284795,0.1836768889603824,0.002375522253246507,-0.0332559557911682,0.013363262684674663,4.6696335798854145
2513,267.656805,692.2131304347826,8.545165615206312,0.18293158838128507,0.002258236156238458,-0.029063341975866477,0.012703481484377829,4.671492512618422
2514,267.763314,691.7379130434782,8.146377638463528,0.18280600238992553,0.002152848213124606,-0.028356870550579383,0.012110632158002028,4.673351445351427
2515,267.869822,690.32525,8.881544398539386,0.18243267706131078,0.002347131183546345,-0.02625676627822262,0.01320355156355859,4.675210360631142
2516,267.976331,694.7968333333333,11.809201085662375,0.18361438513037348,0.0031208248112215547,-0.032904346751065336,0.017555887631954845,4.6770692933641485
2517,268.08284,694.74209375,8.266035853591676,0.18359991906712475,0.00218447036299991,-0.03282296936007596,0.012288519397265019,4.678928226097155
2518,268.189349,698.9855714285715,11.545597295966735,0.18472134551495015,0.0030511620761011536,-0.03913144160585363,0.01716400688763657,4.680787158830162
2519,268.295858,691.418,8.545441558431682,0.18272145877378437,0.0022583090799238093,-0.02788127889941173,0.012703891709271295,4.682646091563169
2520,268.402367,693.5446086956522,8.130043261313585,0.1832834589576248,0.002148531517260464,-0.03104275468657024,0.012086349017448976,4.684505024296175
2521,268.508876,697.9621379310346,7.92807259825194,0.184450882117081,0.0020951566063033516,-0.037609976830107604,0.011786093797816317,4.686363957029181
2522,268.615385,704.1295714285715,8.785722645412628,0.1860807535487768,0.0023218083100984737,-0.04677865544561275,0.013061100273383478,4.688222889762188
2523,268.721893,700.4646896551724,9.145455714270055,0.185112232995553,0.0024168751887605868,-0.04133034000653464,0.013595889484655949,4.690081805041903
2524,268.828402,699.3087272727272,11.29411534587315,0.1848067461080146,0.0029847027869643605,-0.03961185409493366,0.016790146808086496,4.691940737774909
2525,268.934911,696.9094347826086,7.135896591599984,0.184172683610626,0.0018858077673361475,-0.03604499897516987,0.010608422856604448,4.693799670507916
2526,269.04142,696.6729032258065,8.966278813252977,0.1841101752710905,0.002369523999274048,-0.03569336456717649,0.013329520107279792,4.695658603240923
2527,269.147929,693.6987096774194,9.967097759440136,0.1833241833185569,0.0026340110357928478,-0.031271845503150826,0.014817365460385453,4.697517535973929
2528,269.254438,686.4126333333334,6.464769289337997,0.18139868745595492,0.0017084485436939785,-0.020440161238758085,0.009610706294765832,4.6993764687069355
2529,269.360947,684.8265142857143,6.1786263244464585,0.18097952280277863,0.001632829366925599,-0.018082192433847906,0.009185318184099336,4.701235401439943
2530,269.467456,681.3029666666666,5.56145834560368,0.18004835271317832,0.0014697300067663113,-0.012843988289712763,0.008267819057104291,4.70309433417295
2531,269.573964,681.2358214285714,9.381257497062471,0.1800306081999396,0.0024791906704710507,-0.012744168306424306,0.013946438990256604,4.704953249452663
2532,269.680473,677.999,7.599007092095317,0.17917521141649048,0.0020081942632387104,-0.00793221931237287,0.011296895840415775,4.706812182185669
2533,269.786982,677.5766896551723,9.922717877618902,0.17906360720274112,0.0026222827372143005,-0.00730440097768413,0.014751389090542875,4.708671114918677
2534,269.893491,679.42,6.009568513973195,0.1795507399577167,0.0015881523557011606,-0.010044717536769833,0.008933992128895103,4.710530047651683
2535,270.0,679.2467857142857,7.115402668687572,0.17950496451223197,0.0018803918257630984,-0.009787212349569531,0.010577956019332537,4.71238898038469
2536,270.106509,679.8372413793103,9.159768808121008,0.179661004592841,0.002420657718848049,-0.010665000205973203,0.013617167729093483,4.714247913117696
2537,270.213018,676.3719714285714,13.126577360646683,0.17874523557837513,0.0034689686471053595,-0.005513433268610832,0.019514335937209602,4.716106845850702
2538,270.319527,671.3647826086956,8.164985881836717,0.17742198271899992,0.002157765825009708,0.0019303932558139844,0.012138295691489052,4.717965778583709
2539,270.426036,677.928043478261,14.184694605224257,0.1791564596929865,0.0037485979400698395,-0.007826733368542319,0.021087362538457936,4.719824711316717
2540,270.532544,673.6368928571428,10.952341472435744,0.1780224346874056,0.002894381995886821,-0.001447389197021175,0.016282056237515236,4.72168362659643
2541,270.639053,668.6671428571428,6.127178227256914,0.176709075807913,0.0016192331467380866,0.005940779733799783,0.009108834008193992,4.723542559329437
2542,270.745562,674.3573043478261,10.697949214833748,0.1782128182737384,0.0028271535980004653,-0.0025183730076499397,0.015903869613669706,4.725401492062444
2543,270.852071,673.1116530612244,8.324009026482337,0.17788362924450962,0.002199790968943531,-0.0006665530701667454,0.012374703932658524,4.727260424795451
2544,270.95858,671.5981739130435,12.996041042816135,0.17748366118209394,0.003434471734359445,0.001583427234684852,0.019320277007134744,4.7291193575284565
2545,271.065089,672.7418285714285,8.824297280756115,0.177785895499849,0.00233200245263111,-0.00011676167112917311,0.013118446401933706,4.730978290261463
2546,271.171598,670.9605151515152,6.922899505992825,0.17731514671023127,0.0018295188969325656,0.0025313885306030145,0.010291775449745334,4.732837222994471
2547,271.278107,675.3967037037037,6.877763913314625,0.17848750097878005,0.0018175908861825132,-0.0040635730736110435,0.010224675619069932,4.734696155727477
2548,271.384615,683.5196,11.877925108545295,0.18063414376321354,0.0031389865508840644,-0.016139297213573177,0.017658054680732886,4.736555071007191
2549,271.491124,683.7210454545454,9.148291130964473,0.18068737987699404,0.0024176245060688367,-0.01643877164358026,0.013600104694179082,4.738414003740198
2550,271.597633,685.4443103448275,7.683172759364852,0.18114278814609608,0.002030436775730668,-0.019000625282487072,0.011422018868327216,4.740272936473204
2551,271.704142,682.2977666666667,8.34380286110939,0.18031124911909796,0.0022050218977561825,-0.014322885709579066,0.012404129999163608,4.742131869206211
2552,271.810651,682.7683478260869,8.321110467898643,0.18043560989061497,0.002199024965089495,-0.015022464783266621,0.012370394854642112,4.743990801939218
2553,271.91716,683.6374090909092,12.097201646737094,0.18066527724389775,0.003196934896072164,-0.016314435493209545,0.01798403729690605,4.745849734672225
2554,272.023669,677.4060833333333,9.100371076603645,0.17901852096546864,0.0024049606439227374,-0.007050772862303479,0.013528865405121875,4.74770866740523
2555,272.130178,677.1722608695652,6.944670580690528,0.17895672855961028,0.0018352723521909394,-0.00670316586755733,0.010324140936474435,4.749567600138237
2556,272.236686,673.7496111111111,7.7668114740230365,0.17805222280949023,0.002052540030132938,-0.0016149592965039679,0.011546358513792564,4.751426515417951
2557,272.343195,673.7093548387097,11.074656155831311,0.1780415842597013,0.0029267061722598616,-0.0015551131994111758,0.01646389265657986,4.753285448150958
2558,272.449704,671.14025,9.021800262265984,0.17736264534883722,0.0023841966866453355,0.0022641896929629876,0.013412059841590739,4.755144380883965
2559,272.556213,669.1134999999999,7.960252686525314,0.17682703488372092,0.002103660857961234,0.005277212758618497,0.011833933614381034,4.757003313616972
2560,272.662722,667.8222666666667,6.73164960112907,0.1764857998590557,0.0017789771673174092,0.007196796237822402,0.010007458008196557,4.7588622463499775
2561,272.769231,667.7231666666667,7.585532176834854,0.17645961064129667,0.002004633239121272,0.007344121061212781,0.011276863655643418,4.760721179082984
2562,272.87574,661.9120833333333,9.178186023850573,0.17492391208597602,0.0024255248477406404,0.015983039585835707,0.01364454727555869,4.762580111815992
2563,272.982249,665.8326956521739,8.633109912818107,0.17596001470723413,0.002281477249687656,0.010154547986891731,0.012834221929522598,4.764439044548999
2564,273.088757,666.6596818181819,9.922812760725451,0.17617856284835673,0.002622307812031041,0.00892512729210458,0.014751530146414858,4.766297959828712
2565,273.195266,665.35796875,7.32192481957498,0.17583455833773784,0.0019349695611984626,0.010860290237360298,0.010884977607684582,4.768156892561719
2566,273.301775,664.5896086956521,9.31799937920314,0.1756315033550878,0.0024624734088803234,0.012002555719772188,0.013852397708302737,4.770015825294726
2567,273.408284,668.7989130434783,10.515358762362093,0.17674389879584518,0.002778900307178147,0.005744886500399353,0.01563242555551478,4.771874758027732
2568,273.514793,666.7972916666666,9.982353741256627,0.17621492908738548,0.0026380427434610477,0.008720552654114592,0.014840045428364855,4.773733690760739
2569,273.621302,667.6302083333334,8.18515336224104,0.17643504448555322,0.002163095497420985,0.007482315511676932,0.012168277230225594,4.775592623493746
2570,273.727811,673.5536521739131,12.31894346712593,0.17800043662101295,0.0032555347428979754,-0.001323641276176291,0.018313684870337427,4.777451556226751
2571,273.83432,670.8757837837837,7.169654493981064,0.17729275469973144,0.0018947289888956223,0.0026573525445954733,0.01065860829561883,4.779310488959759
2572,273.940828,671.7951304347827,7.701260282366717,0.17753571100284954,0.0020352167765239734,0.001290626177360944,0.01144890828438995,4.781169404239473
2573,274.047337,669.1623913043478,7.904085150553072,0.17683995541869657,0.0020888174287931015,0.005204529582247458,0.011750433389180436,4.78302833697248
2574,274.153846,670.2431304347826,6.400317132088401,0.1771255630113062,0.0016914157325815017,0.003597872654675493,0.009514889920558675,4.784887269705486
2575,274.260355,672.9462916666666,10.549368917779184,0.17783992908738547,0.002787888191802108,-0.00042072220993648215,0.015682986000926467,4.786746202438493
2576,274.366864,669.5026842105262,8.011061407239056,0.1769298848336486,0.002117088109735473,0.004698640658899866,0.011909467275388533,4.7886051351715
2577,274.473373,671.7252000000001,14.430150225719819,0.17751723044397463,0.003813464647388958,0.0013945867117096827,0.021452263708384114,4.790464067904505
2578,274.579882,671.1731714285714,12.216290393149103,0.17737134551495015,0.003228406552100719,0.0022152477792390457,0.01816107794809612,4.792323000637513
2579,274.686391,666.1360999999999,7.467821379898481,0.17604019556025371,0.001973525734645476,0.00970349862302337,0.01110187150256779,4.79418193337052
2580,274.792899,669.7173448275862,9.865012436730492,0.17698661332652912,0.002607032884971057,0.004379520199795739,0.014665602573009579,4.796040848650233
2581,274.899408,669.7638,8.828877478866852,0.17699889006342495,0.002333212864393988,0.004310458645089087,0.013125255452163299,4.79789978138324
2582,275.005917,664.24595,10.735926182559592,0.17554068446088794,0.0028371897945453474,0.01251344831960596,0.015960327232873644,4.799758714116247
2583,275.112426,665.05259375,8.707567831450666,0.17575385669926005,0.0023011542894954143,0.01131426922770176,0.012944913147610988,4.8016176468492535
2584,275.218935,667.2531304347826,8.138418236445212,0.1763353938781138,0.002150744777073267,0.008042890030429708,0.012098799489014789,4.80347657958226
2585,275.325444,664.4015333333333,8.886282282776945,0.1755818005637773,0.002348383267118639,0.012282153797851978,0.013210595034381437,4.805335512315267
2586,275.431953,666.0831714285714,11.149860121743835,0.17602620809423136,0.0029465803704397096,0.009782183713215296,0.016575692969358072,4.807194445048274
2587,275.538462,666.8164318181817,6.941210793104675,0.17621998726696136,0.0018343580320044047,0.008692098371151617,0.0103189975197736,4.80905337778128
2588,275.64497,664.8466818181819,7.590929508215821,0.17569944022679224,0.0020060595951944538,0.011620383647369602,0.011284887478978212,4.810912293060994
2589,275.751479,661.6660344827586,7.040694149436636,0.17485888860538018,0.0018606485595762813,0.01634882266813972,0.010466892251376939,4.812771225794001
2590,275.857988,669.03225,8.024005430253458,0.17680556289640592,0.002120508834633577,0.0053980012742639695,0.011928710220944145,4.814630158527007
2591,275.964497,669.2316363636363,11.594451577598733,0.17685825485296944,0.0030640728270609693,0.005101587946219804,0.017236635025005824,4.816489091260014
2592,276.071006,667.5703191489362,6.314071569695275,0.17641921753407405,0.0016686235649300428,0.007571348443203749,0.009386674862558965,4.818348023993021
2593,276.177515,669.5699130434783,7.364102864035434,0.17694765143855132,0.001946115978867715,0.004598696401166397,0.010947680664708704,4.820206956726028
2594,276.284024,665.8898260869565,9.034633039044667,0.17597511260226126,0.002387588012432526,0.010069616289469273,0.013431137405390254,4.822065889459034
2595,276.390533,667.8192608695653,11.227577947412234,0.17648500551521282,0.0029671189078784997,0.007201264739609645,0.016691230456147975,4.8239248221920406
2596,276.497041,668.5861666666666,7.530060578696587,0.17668767618040873,0.001989973725871185,0.006061161196572024,0.011194398031032882,4.825783737471754
2597,276.60355,668.03825,6.959882140743706,0.17654287790697676,0.0018392923204925238,0.006875709391822388,0.010346754865821857,4.827642670204761
2598,276.710059,664.406875,6.524582813999606,0.17558321220930231,0.0017242555005284402,0.012274212727233622,0.009699626748419983,4.829501602937768
2599,276.816568,665.2292916666667,10.26036615788349,0.17580055276603243,0.002711513255254618,0.011051585177587059,0.01525334643926179,4.8313605356707745
2600,276.923077,665.9214347826088,6.412819992555303,0.17598346585164076,0.0016947198711826951,0.010022625921108457,0.00953347702156941,4.833219468403781
2601,277.029586,670.0218965517241,6.86801133280135,0.1770670973973901,0.0018150135657508909,0.003926765114307768,0.010210177160929427,4.835078401136788
2602,277.136095,671.5366666666666,8.332950184755045,0.17746740662438337,0.002202153854322157,0.0016748656222700573,0.012387996107869781,4.836937333869795
2603,277.242604,673.2517083333333,11.33118468221818,0.17792064173713884,0.0029944991232077603,-0.000874763143106492,0.016845255117170593,4.838796266602801
2604,277.349112,672.5308965517241,9.447252258668454,0.1777301523656776,0.002496631146582571,0.00019681575117486464,0.014044548643115266,4.840655181882515
2605,277.455621,672.7309545454546,10.4919551561106,0.1777830218143379,0.0027727154218051284,-0.00010059604089541958,0.015597633101854795,4.842514114615522
2606,277.56213,668.9257391304347,8.783815671280667,0.17677741520360327,0.002321304352875436,0.005556343303001149,0.013058265312463159,4.844373047348529
2607,277.668639,668.6702173913044,8.926989556479933,0.1767098883169409,0.0023591410032980827,0.005936209045582304,0.013271111602585267,4.846231980081535
2608,277.775148,665.7504666666666,13.022858742921846,0.17593828400281888,0.003441558864408518,0.010276791889691165,0.01936014494791991,4.848090912814542
2609,277.881657,663.9046,9.474386371385025,0.1754504756871036,0.0025038018951863182,0.013020908748105523,0.014084886971710873,4.849949845547549
2610,277.988166,662.2829285714286,8.940084878172042,0.1750219155844156,0.0023626017119904954,0.015431730713912926,0.013290579472974028,4.851808778280555
2611,278.094675,663.1969666666666,7.3582066897108644,0.17526346899224804,0.0019445577932639775,0.014072896193700684,0.010938915247543781,4.8536677110135615
2612,278.201183,665.4684761904762,9.610063853164814,0.17586376220678546,0.002539657466481188,0.010696006794863065,0.014286588899473342,4.855526626293276
2613,278.307692,669.7032666666668,8.935662161880582,0.17698289288231148,0.0023614329180445515,0.00440044918638637,0.013284004539608306,4.857385559026282
2614,278.414201,664.77095,8.906402998168765,0.17567942653276955,0.002353700580911408,0.01173296868005044,0.013240507050946404,4.859244491759289
2615,278.52071,664.8912666666668,7.1072730501595,0.17571122269203665,0.0018782434064903602,0.01155410256836942,0.010565870301735409,4.8611034244922955
2616,278.627219,668.5347333333334,9.335452582698355,0.17667408386187455,0.0024670857776687084,0.006137623424117066,0.013878344127298993,4.862962357225303
2617,278.733728,670.1243714285714,7.04158958527085,0.17709417849592268,0.0018608851969531854,0.003774423104888213,0.010468223431257188,4.864821289958309
2618,278.840237,671.7864285714286,10.214285725640213,0.17753341135608577,0.0026993355511734218,0.0013035626100733545,0.015184841983742208,4.866680222691316
2619,278.946746,671.4117142857142,7.335917655022419,0.17743438538205977,0.0019386674564012747,0.0018606233160744733,0.010905779747049149,4.8685391554243225
2620,279.053254,672.993875,9.417695512070056,0.1778525039640592,0.0024888201670375393,-0.0004914609201247636,0.014000608759436131,4.870398070704036
2621,279.159763,673.8480689655173,12.95492863169137,0.17807824232703945,0.003423606932265162,-0.0017613294883483592,0.019259158150342532,4.872257003437043
2622,279.266272,672.6355142857143,10.221920011804595,0.17775779975838116,0.0027013530686587207,4.128811057345386e-05,0.015196191326435226,4.87411593617005
2623,279.372781,674.1181428571429,8.512055620750845,0.17814961491996376,0.0022494861577037175,-0.0021628288666137177,0.01265425924335253,4.875974868903056
2624,279.47929,673.5418,7.27388233905064,0.1779973044397463,0.001922273345415075,-0.0013060215039408657,0.010813556316478928,4.877833801636063
2625,279.585799,673.2429032258065,7.973197912819523,0.17791831480597423,0.002107081900850822,-0.0008616732247277625,0.011853178348765928,4.87969273436907
2626,279.692308,672.7353103448276,11.116740012584167,0.17778417292410878,0.0029378276988858763,-0.0001070714937042791,0.01652645569153138,4.881551667102077
2627,279.798817,674.2526206896553,7.709144854437474,0.1781851534592112,0.002037300437219202,-0.0023627473623231,0.011460629709090581,4.8834105998350825
2628,279.905325,675.475605263158,8.132199242249762,0.17850835234227216,0.002149101279664309,-0.004180870332055194,0.012089554158827943,4.885269515114797
2629,280.011834,675.8793448275862,8.92128507429549,0.17861504884449952,0.0023576334762937376,-0.004781080826758637,0.013262631160301129,4.887128447847804
2630,280.118343,676.0019666666667,8.459375176581373,0.17864745419309372,0.0022355642644242505,-0.004963373872029431,0.012575943026062948,4.88898738058081
2631,280.224852,679.2705588235294,9.947713713853979,0.17951124704638727,0.0026288884021812876,-0.009822554116681207,0.014788548597695524,4.890846313313817
2632,280.331361,678.4098181818182,6.633534356631157,0.1792837785892754,0.0017530481914987282,-0.008542953077074405,0.009861597149795382,4.892705246046824
2633,280.43787,682.8584285714285,8.463376406215026,0.18045941558441558,0.002236621671832716,-0.015156381331181112,0.012581891365610103,4.89456417877983
2634,280.544379,687.6119,10.226392272971443,0.18171561839323466,0.0027025349558592597,-0.022223024506817003,0.015202839914594275,4.896423111512837
2635,280.650888,688.311909090909,8.581783247415853,0.18190061022487028,0.002267913120353026,-0.023263677541023296,0.012757918277498361,4.898282044245844
2636,280.757396,689.1165,10.282933431113818,0.18211323995771672,0.0027174771223873687,-0.02445980482238886,0.015286895576931438,4.900140959525558
2637,280.863905,695.7974285714286,7.854275427268571,0.18387881304741768,0.0020756541826819816,-0.03439185953348346,0.011676384865608134,4.901999892258564
2638,280.970414,700.0075333333333,8.831498684600009,0.18499142001409444,0.0023339055720401737,-0.04065071867074512,0.013129152209698259,4.903858824991571
2639,281.076923,699.7733666666667,7.818637245592158,0.184929536645525,0.0020662360585602946,-0.04030259997437195,0.011623404150961998,4.905717757724577
2640,281.183432,700.9165428571429,7.4737238507077945,0.18523164451827243,0.0019750855842251063,-0.04200207757645059,0.01111064628026255,4.907576690457584
2641,281.289941,702.1225217391304,6.821984980857968,0.18555034929681036,0.0018028501535036917,-0.043794919410974825,0.010141753102691638,4.909435623190591
2642,281.39645,699.6813103448275,7.640760013167394,0.18490520886491216,0.0020192283332894786,-0.040165746479347585,0.011358966897156248,4.911294555923598
2643,281.502959,698.731,10.459383311512344,0.18465406976744186,0.002764107640463088,-0.038752988621448756,0.015549210889413434,4.9131534886566035
2644,281.609467,694.3836206896551,10.15379193564718,0.18350518517168476,0.0026833488202027403,-0.032290053312593506,0.015094910228677235,4.915012403936318
2645,281.715976,697.223,7.125975268256959,0.18425554968287525,0.0018831858531334381,-0.03651115377106833,0.010593673540667899,4.916871336669325
2646,281.822485,694.2348235294118,6.548616238151471,0.18346586245491855,0.0017306068282641363,-0.03206884730498654,0.009735355506932981,4.918730269402332
2647,281.928994,698.4970454545454,8.589474314405756,0.18459224245627526,0.002269945643341876,-0.0384051852703845,0.012769352032149841,4.920589202135338
2648,282.035503,696.2298260869566,8.298238666631566,0.1839930830039526,0.002192980620145764,-0.03503467373741481,0.012336392997101323,4.922448134868345
2649,282.142012,697.791695652174,10.708690270628482,0.18440583923154702,0.002829992143400763,-0.037356592585593075,0.015919837566727053,4.924307067601352
2650,282.248521,700.8684782608696,8.876617552309016,0.1852189424579465,0.002345829162872362,-0.041930623407355816,0.013196227176568083,4.926166000334358
2651,282.35503,698.7530666666667,8.049111006527502,0.1846599013389711,0.002127143500667944,-0.038785793543441485,0.011966032870698806,4.928024933067364
2652,282.461538,708.5318260869565,11.8621763626785,0.18724414008640503,0.0031348246201581675,-0.053323169977056495,0.017634642155975606,4.929883848347079
2653,282.568047,703.8948666666668,10.773266055326507,0.1860187279774489,0.002847057625614827,-0.04642973680185392,0.016015837728946353,4.931742781080085
2654,282.674556,701.3459310344828,10.988577221470361,0.1853451191951593,0.002903958039500614,-0.042640418014316596,0.016335925312459147,4.933601713813092
2655,282.781065,701.0697333333334,11.111441577330853,0.18527212825933756,0.0029364274781529718,-0.04222981481005152,0.016518578889937685,4.935460646546099
2656,282.887574,693.2733103448276,6.902430861160667,0.18321176277611723,0.0018241096356132911,-0.030639434993115805,0.01026134619157241,4.937319579279105
2657,282.994083,693.064909090909,10.330439625131397,0.18315668844897176,0.00273003161340682,-0.030329619877799176,0.01535751960966192,4.939178512012112
2658,283.100592,691.2023666666666,10.958002585052737,0.18266447322057786,0.0028958780615889945,-0.027560712373171432,0.016290472205391072,4.941037444745119
2659,283.207101,684.0951379310344,9.46453595090692,0.18078624152511483,0.002501198718527199,-0.01699490795064807,0.01407024306195047,4.942896377478126
2660,283.313609,685.6211000000001,9.777030345097884,0.18118950845665963,0.002583781803672809,-0.019263445713622502,0.014534805942219635,4.944755292757839
2661,283.420118,680.2348620689655,7.701079366482791,0.17976608405628053,0.0020351689657724017,-0.011256114210814884,0.011448639329792103,4.946614225490846
2662,283.526627,678.5176206896551,7.18739252050716,0.17931226762411606,0.0018994166280410156,-0.008703215291283555,0.010684978140475063,4.948473158223853
2663,283.633136,675.1296896551723,5.724314962779705,0.17841693701246628,0.0015127682248360734,-0.0036666225434130385,0.008509926245433347,4.950332090956859
2664,283.739645,673.9927837837838,7.181397570324527,0.17811648620078852,0.0018978323388806843,-0.001976466572536965,0.010676065880365121,4.952191023689866
2665,283.846154,676.0623636363636,6.731895767417726,0.1786634153373054,0.0017790422218334338,-0.005053161691342425,0.0100078239658656,4.954049956422873
2666,283.952663,675.5921666666667,8.324676511101949,0.17853915609584214,0.0021999673655131993,-0.004354153764810651,0.01237569623390681,4.955908889155879
2667,284.059172,669.4781818181818,7.026021163783906,0.17692340957140112,0.0018567709206617079,0.004735066598605156,0.010445078981751304,4.957767821888885
2668,284.16568,671.044125,10.537350790371745,0.17733724233615222,0.0027847121539037417,0.002407091798395901,0.015665119517598664,4.9596267371686
2669,284.272189,667.3030869565217,7.81460953432178,0.17634859591874252,0.0020651716528334446,0.007968623272181369,0.011617416443075271,4.961485669901607
2670,284.378698,668.745,6.689123023101134,0.17672965116279069,0.001767738642468584,0.0058250351341922095,0.009944236811452244,4.963344602634613
2671,284.485207,672.8726818181818,7.220599938049968,0.17782047616759564,0.0019081923726347865,-0.0003112917565780459,0.010734345213378686,4.96520353536762
2672,284.591716,675.5885217391304,10.556407846635427,0.17853819284860742,0.002789748373846569,-0.004348735113896945,0.015693450268843737,4.967062468100627
2673,284.698225,672.9573666666668,8.466314866141234,0.17784285588442564,0.002237398220439019,-0.0004371866137614031,0.01258625976207497,4.968921400833633
2674,284.804734,673.0805333333334,9.96676171853342,0.1778754052149401,0.0026339222300563953,-0.000620289614914261,0.014816865892603061,4.97078033356664
2675,284.911243,670.5881515151515,6.8960422486434725,0.1772167419437504,0.0018224213130664565,0.0030849546957319495,0.010251848702058712,4.972639266299647
2676,285.017751,670.3567,7.908358276597886,0.17715557610993657,0.0020899466904328494,0.0034290369721510445,0.0117567859375142,4.97449818157936
2677,285.12426,675.425,5.9705640812469145,0.17849497885835094,0.0015778446303506618,-0.0041056391367236,0.008876007051570786,4.976357114312367
2678,285.230769,679.6295,10.149988938143935,0.17960610465116278,0.0026823437997209117,-0.010356166078649571,0.01508925658654284,4.978216047045374
2679,285.337278,684.091,12.81633748663905,0.18078514799154335,0.0033869813653908502,-0.016988756386986558,0.019053124689511973,4.98007497977838
2680,285.443787,682.6153333333334,11.436442369763542,0.18039517265680055,0.00302231563682969,-0.01479498917155022,0.017001734130572224,4.981933912511387
2681,285.550296,681.8570344827586,7.875279575457982,0.18019477655464022,0.00208120496180179,-0.013667680955222755,0.011707610218004382,4.983792845244394
2682,285.656805,679.2965263157895,8.992731944387813,0.1795181094914877,0.002376514784457679,-0.00986115811477512,0.013368846069666911,4.985651777977401
2683,285.763314,680.6780588235295,9.287713127996035,0.17988320793433651,0.0024544696427050913,-0.01191498286463242,0.013807373322730155,4.987510710710406
2684,285.869822,678.6275714285714,7.14890690651258,0.1793413243733011,0.0018892460112348252,-0.008866671125718284,0.010627764353544426,4.989369625990121
2685,285.976331,675.8144864864864,6.837960825915632,0.17859790869093195,0.001807072099871996,-0.004684660608313547,0.010165503239438722,4.991228558723128
2686,286.08284,673.8767647058824,12.589655883950629,0.17808582576793933,0.0033270760792681315,-0.00180398937615207,0.018716133497968888,4.9930874914561345
2687,286.189349,671.8549393939394,5.047041317317707,0.17755151675315523,0.0013337847033080578,0.0012017125109135443,0.007503072358403593,4.994946424189141
2688,286.295858,668.9280666666667,12.866567982103671,0.1767780303030303,0.0034002558092240142,0.005552883122735788,0.01912779874474047,4.996805356922148
2689,286.402367,672.7740666666667,7.4868601321311825,0.177794415081043,0.0019785571173708215,-0.00016468772246516593,0.011130175042530027,4.998664289655155
2690,286.508876,669.8983333333333,9.390344045436608,0.1770344432699084,0.00248159197818092,0.004110457640311542,0.013959947306446818,5.0005232223881615
2691,286.615385,667.8075714285715,6.447467484057771,0.1764819163394745,0.0017038761850047192,0.0072186425885495745,0.009584984948577773,5.002382155121168
2692,286.721893,667.6779799999999,8.027090589131465,0.17644766913319238,0.002121324151461794,0.007411296819903672,0.011933296704161378,5.004241070400882
2693,286.828402,668.5197199999999,8.791536737681328,0.17667011627906976,0.002323344803826987,0.006159942664095193,0.013069743665075286,5.006100003133888
2694,286.934911,671.0371363636364,6.278005971685554,0.1773353954449356,0.0016590924872319109,0.00241748130009129,0.00933305873887328,5.007958935866895
2695,287.04142,667.2736122448979,8.975425722995746,0.17634080661863055,0.0023719412587198054,0.008012441200379682,0.013343118158363733,5.009817868599902
2696,287.147929,665.1445333333334,7.5658659359599785,0.17577815362931642,0.0019994360295877284,0.011177589279395293,0.011247627273568265,5.011676801332908
2697,287.254438,667.075724137931,6.3299329148812005,0.17628851060727566,0.001672815252347046,0.00830662717828039,0.009410254780603885,5.013535734065915
2698,287.360947,666.5333666666667,8.844351587247722,0.176145181465821,0.002337302216503091,0.00911291091862831,0.013148259693175757,5.0153946667989215
2699,287.467456,669.0306896551724,8.440853964513696,0.17680515054312165,0.0022306696523556385,0.0054003209263946755,0.012548408875741594,5.017253599531929
2700,287.573964,666.8740357142858,6.604640397209747,0.17623521028390216,0.0017454123671273092,0.008606462812926525,0.009818642584015274,5.019112514811642
2701,287.680473,672.7554827586207,10.235909104089968,0.17778950390026974,0.0027050499746537958,-0.0001370603665541889,0.015216987901110653,5.020971447544649
2702,287.786982,670.4730344827586,7.12107562342115,0.1771863198950208,0.0018818910209886762,0.003256090886110429,0.010586389592029061,5.0228303802776555
2703,287.893491,671.2476315789473,8.352946802957035,0.17739102314454214,0.00220743837287448,0.0021045532433787042,0.012417723638091899,5.024689313010662
2704,288.0,669.5277727272728,10.39176671163314,0.17693651499135113,0.0027462385601567463,0.004661343370314676,0.015448690166553076,5.026548245743669
2705,288.106509,667.5343928571428,8.102443528729042,0.17640972327091514,0.0021412377190087365,0.007624757470383575,0.01204531848537395,5.028407178476676
2706,288.213018,666.0085555555555,12.018311686541992,0.1760064893117219,0.003176086597923362,0.009893109750694446,0.017866757282243937,5.0302661112096825
2707,288.319527,666.7997586206897,9.666169375918283,0.17621558103083765,0.0025544845073779956,0.008716885211473336,0.014369996934093762,5.032125043942689
2708,288.426036,667.8954137931034,8.62694817549404,0.17650513049500619,0.0022798488835872174,0.007088053679963542,0.01282506171899742,5.033983976675696
2709,288.532544,665.142275862069,9.202248661125314,0.17577755704600131,0.002431883895646227,0.011180945299126202,0.013680319463114746,5.035842891955409
2710,288.639053,666.9658333333333,9.80641900292455,0.1762594696969697,0.002591548362295065,0.008469993912685879,0.0145784959404435,5.037701824688416
2711,288.745562,666.1612368421053,9.801631969560708,0.17604683848892846,0.002590283290053037,0.009666129492612195,0.01457137940315902,5.039560757421423
2712,288.852071,666.2702068965517,7.496844090202737,0.1760756360720274,0.001981195584091638,0.00950413157105653,0.011145017473000562,5.04141969015443
2713,288.95858,665.4465714285715,8.524566735720109,0.1758579734219269,0.0022527924777273,0.010728571024722041,0.012672858615736608,5.043278622887436
2714,289.065089,667.7210689655172,10.868015244386454,0.17645905628052783,0.0028720970518991635,0.007347239562235654,0.016156694515471488,5.045137555620443
2715,289.171598,663.7140357142856,10.178598180722274,0.17540011514648143,0.0026899043817976403,0.013304206929108251,0.015131787884324744,5.04699648835345
2716,289.278107,664.2725909090909,8.362545896573257,0.17554772487026715,0.002209975131229719,0.012473843201273165,0.012431993918331233,5.048855421086456
2717,289.384615,662.6664827586208,6.640757119166746,0.17512327768462493,0.0017549569553823314,0.014861528363875368,0.00987233470998654,5.05071433636617
2718,289.491124,662.2384666666666,8.50754841190766,0.1750101656095842,0.0022482950348593203,0.015497829021346329,0.012647558701003316,5.0525732690991765
2719,289.597633,661.9645333333334,7.098766430732545,0.17493777307963354,0.001875995356958925,0.015905065953274403,0.010553224124089326,5.054432201832183
2720,289.704142,667.3557666666667,9.98409687067329,0.1763625176180409,0.00263850340134072,0.007890308146113165,0.014842636813162622,5.05629113456519
2721,289.810651,664.8078333333334,8.67929695263125,0.175689173713883,0.002293683127016707,0.011678136888230212,0.012902884870828291,5.058150067298197
2722,289.91716,665.774,8.520056050487467,0.17594450317124735,0.0022516004361753357,0.010241806580133982,0.012666152905289897,5.0600090000312035
2723,290.023669,667.3504516129033,9.80602489914136,0.1763611130055241,0.002591444212246662,0.007898209653247452,0.01457791005476991,5.06186793276421
2724,290.130178,668.956,10.191837236554127,0.17678541226215644,0.0026934030751992796,0.005511356650485148,0.015151469433893627,5.063726865497217
2725,290.236686,668.8348666666666,6.663556126984418,0.17675340028188866,0.0017609820631565528,0.005691436841605428,0.009906228350755594,5.065585780776932
2726,290.343195,665.74971875,8.061977205793514,0.17593808635042282,0.00213054365903633,0.010277903763463414,0.01198516012129988,5.067444713509937
2727,290.449704,668.1307096774193,10.288829558291352,0.1765673122826161,0.0027190352955315444,0.006738256257144925,0.01529566092400629,5.069303646242944
2728,290.556213,669.0480434782609,10.86890333799829,0.176809736648589,0.002872331748942471,0.005374522249082328,0.016158014780199223,5.071162578975951
2729,290.662722,666.3767714285714,7.38306415778591,0.17610379794623982,0.0019511268915924835,0.009345709766218185,0.010975869052731358,5.073021511708958
2730,290.769231,667.2548181818182,7.0869429209898085,0.17633583990005766,0.0018728707507901282,0.008040380978624044,0.01053564696480881,5.074880444441964
2731,290.87574,669.4230434782609,9.0993083227556,0.17690883812850444,0.002404679789311737,0.0048170367922569365,0.013527285485616648,5.076739377174971
2732,290.982249,672.9429565217391,12.221731890657518,0.17783904770659067,0.003229844579983482,-0.00041576409048714165,0.01816916743002751,5.078598309907978
2733,291.088757,669.5945833333334,7.276589196909457,0.17695417107117686,0.0019229886884010194,0.004562020860340082,0.010817580406852226,5.080457225187691
2734,291.195266,670.5559565217392,7.613914430341933,0.1772082337531023,0.002012133834656955,0.003132816670691895,0.011319057505142397,5.082316157920698
2735,291.301775,670.2787391304348,6.675699460917185,0.17713497334313813,0.0017641911894601446,0.00354493577477522,0.009924280969595353,5.084175090653705
2736,291.408284,669.1347391304348,5.6706868368462064,0.17683264776174282,0.0014985958871158065,0.005245638075063812,0.008430201178007447,5.086034023386711
2737,291.514793,669.8968620689654,7.636850672533884,0.17703405445797188,0.00201819520944342,0.004112644862946761,0.011353155162359064,5.087892956119718
2738,291.621302,666.698064516129,7.551154013065306,0.17618870626747596,0.001995548100704359,0.008868066503039838,0.011225756118753032,5.089751888852725
2739,291.727811,669.4951538461538,8.124751839618503,0.17692789477963894,0.0021471331500048877,0.004709835508559185,0.012078482642406508,5.091610821585731
2740,291.83432,667.9207826086956,8.124074335838463,0.17651183472745657,0.0021469541056655574,0.007050339691298106,0.012077475446394979,5.093469754318738
2741,291.940828,667.4660909090909,6.654984318317813,0.17639167307322698,0.0017587167860247926,0.007726297050948404,0.009893485260968119,5.0953286695984525
2742,292.047337,669.1222666666667,8.51541695552466,0.17682935165609584,0.0022503744597052434,0.005264179987494467,0.012659256297357625,5.097187602331459
2743,292.153846,672.7394285714287,13.166669213582212,0.17778526125037755,0.0034795637456612625,-0.00011319376420549417,0.01957393760373956,5.099046535064465
2744,292.260355,676.8251363636364,6.7543491759046,0.1788649937536037,0.0017849759978606295,-0.006187120897522616,0.01004120382903256,5.100905467797472
2745,292.366864,675.6978636363636,8.05830921232685,0.1785670886988276,0.0021295743161540296,-0.004511285827308186,0.011979707179930858,5.102764400530479
2746,292.473373,675.2836086956521,8.509391884794812,0.17845761329166285,0.002248782210569457,-0.0038954428810023304,0.012650299259202358,5.104623333263485
2747,292.579882,673.1049545454546,7.387380471854075,0.1778818590236402,0.001952267566557625,-0.0006565948698359325,0.0109822858055849,5.106482265996492
2748,292.686391,671.838525,7.874183379677842,0.17754717891120508,0.0020809152694708944,0.0012261146066570431,0.01170598058279038,5.108341198729499
2749,292.792899,672.2869210526316,9.381045620800741,0.17766567681094916,0.0024791346778014712,0.0005595165313503755,0.013946124009097819,5.110200114009212
2750,292.899408,673.9939130434783,7.131702582088479,0.17811678463094033,0.00188469941387116,-0.0019781453614880233,0.01060218792511528,5.112059046742219
2751,293.005917,672.4072,6.915564745041242,0.17769746300211417,0.0018275805351588854,0.0003807064942299397,0.010280871389585848,5.113917979475226
2752,293.112426,677.2798666666666,12.277289747838527,0.17898516560958422,0.0032445268889636707,-0.006863135646101748,0.01825176128973631,5.115776912208233
2753,293.218935,670.5156666666667,5.7931073042103565,0.17719758632840027,0.0015309480190830785,0.003192712692719929,0.008612194858469506,5.117635844941239
2754,293.325444,678.0241333333335,8.321623389585422,0.1791818534178999,0.002199160515218136,-0.007969583226545902,0.012371157378324428,5.119494777674246
2755,293.431953,670.067,7.081667624777777,0.17707901691331926,0.0018714766450258463,0.00385971307039718,0.010527804562359045,5.121353710407253
2756,293.538462,671.2580434782609,6.4001959734076594,0.1773937747035573,0.0016913837139026558,0.002089074623524836,0.009514709802685413,5.123212643140259
2757,293.64497,673.7109545454546,8.510933503034412,0.17804200701518355,0.0022491896149668135,-0.0015574913680657214,0.012652591071865178,5.1250715584199735
2758,293.751479,675.207,6.251741640971313,0.17843736786469347,0.001652151596451183,-0.0037815542578224564,0.009294013452456121,5.12693049115298
2759,293.857988,676.3336756756757,8.096388121509118,0.17873511513627793,0.0021396374528301065,-0.005456501734484018,0.012036316348146585,5.128789423885986
2760,293.964497,677.9460571428572,9.502674496418019,0.17916122017517366,0.002511277615332461,-0.007853512984639776,0.01412694088719559,5.130648356618993
2761,294.071006,679.718111111111,10.008495279447864,0.1796295219638243,0.0026449511837864344,-0.010487897827336464,0.014878908167993291,5.132507289352
2762,294.177515,676.8531818181818,8.699776300552427,0.1788724053430713,0.0022990952168478935,-0.006228814052293642,0.012933330040511845,5.134366222085006
2763,294.284024,684.7203181818181,6.397917223495574,0.18095145829329232,0.0016907815072662738,-0.01792431834453164,0.009511322149523462,5.136225154818013
2764,294.390533,687.8657391304348,7.960318787685652,0.1817827006158654,0.002103678326555402,-0.022600388836391892,0.011834031882209222,5.13808408755102
2765,294.497041,690.0665454545455,8.73191526869908,0.18236430905246975,0.0023075886016646627,-0.02587216888700788,0.01298110872674954,5.1399430028307345
2766,294.60355,688.2627307692308,10.103602508245041,0.18188761383964872,0.0026700852294516486,-0.023190567676685335,0.015020297226375663,5.14180193556374
2767,294.710059,690.1473214285714,10.820746068799934,0.18238565576864993,0.0028596051978858257,-0.025992252702422215,0.016086422840949865,5.143660868296747
2768,294.816568,694.2270000000001,8.089538676587171,0.18346379492600423,0.0021378273458211336,-0.03205721662800488,0.012026133772329747,5.145519801029754
2769,294.923077,695.776090909091,11.277905221352855,0.18387317413030943,0.0029804189274188343,-0.03436013836965442,0.01676604838495748,5.147378733762761
2770,295.029586,701.2121818181818,9.46808092204118,0.18530977320776476,0.002502135550222305,-0.04244158269978445,0.01407551311488972,5.149237666495767
2771,295.136095,695.1076818181818,7.818220899718582,0.18369653325004806,0.002066126030581016,-0.03336646277660993,0.011622785199576555,5.151096599228774
2772,295.242604,692.3479090909091,9.808697544279353,0.18296720641937345,0.0025921505138158988,-0.02926370768434908,0.0145818832835584,5.15295553196178
2773,295.349112,688.9049375,7.314982569765143,0.18205733020613107,0.0019331349285848579,-0.024145290110496542,0.010874657065533568,5.154814447241494
2774,295.455621,689.5084375,7.84042586457541,0.18221681752114166,0.002071994150257775,-0.02504247003901416,0.011655795719515253,5.156673379974501
2775,295.56213,690.3001818181818,9.564950544448662,0.18242605227753217,0.0025277353447274516,-0.026219499220108758,0.014219522196757286,5.158532312707508
2776,295.668639,690.0067272727273,7.589659332224384,0.18234850086488563,0.0020057239250064456,-0.02578324150989487,0.01128299919993066,5.160391245440514
2777,295.775148,692.1395641025641,9.661387929590944,0.18291214696156557,0.002553220911625518,-0.028953976215003008,0.01436288870265354,5.162250178173521
2778,295.881657,694.9384444444445,11.631845787552235,0.18365180878552972,0.003073955017852078,-0.033114869777650185,0.01729222630025534,5.164109110906528
2779,295.988166,692.8396578947368,8.101582322179064,0.18309716117725602,0.0021410101274257467,-0.029994755168469733,0.012044038191702074,5.165968043639534
2780,296.094675,694.6101219512195,9.99435956976512,0.18356504279894809,0.0026412155311218814,-0.03262677640399273,0.01485789362780659,5.167826976372541
2781,296.201183,694.3842272727272,8.280129242905618,0.18350534547376512,0.002188194831634659,-0.03229095507590297,0.012309471022811436,5.1696858916522554
2782,296.307692,695.687923076923,7.393663605672511,0.18384987396324604,0.001953928014184059,-0.034229065611805394,0.01099162648752372,5.171544824385261
2783,296.414201,695.9834814814815,9.620068120542324,0.18392798136402785,0.0025423013003547366,-0.034668450977628905,0.014301461522324418,5.173403757118268
2784,296.52071,695.6011153846155,9.17782494200851,0.18382693324117744,0.0024254294244208563,-0.034100014875799764,0.013644010481223559,5.175262689851275
2785,296.627219,692.924,10.31296622029128,0.18311945031712473,0.002725413905996635,-0.030120140494022393,0.015331543158783038,5.1771216225842815
2786,296.733728,686.7740909090909,11.481236045574494,0.1814942100711128,0.0030341532889996033,-0.02097751415007595,0.017068325658098488,5.178980555317288
2787,296.840237,687.0188064516128,10.127649715570277,0.1815588811975721,0.0026764401996750187,-0.02134131509944965,0.015056046475338538,5.180839488050295
2788,296.946746,686.016909090909,7.711999239954353,0.18129410916778782,0.0020380547674297765,-0.019851866545252103,0.01146487311819414,5.182698420783302
2789,297.053254,682.9327727272728,8.673822241619922,0.18047906256006152,0.0022922363217811725,-0.015266903426335977,0.01289474601277733,5.1845573360630155
2790,297.159763,675.651717948718,7.390194103813361,0.1785548937496612,0.0019530111268005776,-0.004442684361287685,0.010986468629313333,5.186416268796022
2791,297.266272,670.9224,7.885417870981875,0.17730507399577167,0.002083884215375753,0.0025880515776814128,0.011722682090835204,5.188275201529029
2792,297.372781,667.9676071428572,7.876416257548178,0.1765242090758079,0.002081505353474673,0.006980729033117713,0.011709300041295948,5.190134134262035
2793,297.47929,668.1789210526316,7.325964972437631,0.1765800531323022,0.0019360372548725242,0.006666583882386619,0.010890983811589308,5.1919930669950425
2794,297.585799,669.1300555555556,6.763507116216479,0.17683141003053793,0.0017873961723616396,0.005252600808080103,0.010054818278468115,5.193851999728049
2795,297.692308,674.8936,10.535315816420741,0.17835454545454546,0.002784174370090038,-0.003315645078704966,0.01566209426857808,5.195710932461056
2796,297.798817,669.1406333333333,8.792824305916309,0.1768342054263566,0.0023236850702738725,0.005236875588675726,0.013071657799917124,5.197569865194062
2797,297.905325,674.2998275862069,10.856737878482178,0.17819762885470583,0.0028691167754973912,-0.002432926451094946,0.016139929268850252,5.199428780473776
2798,298.011834,669.2874166666667,8.444134001555868,0.17687299594785058,0.0022315364697557813,0.005018663392308591,0.012553285070271912,5.201287713206783
2799,298.118343,675.9131666666667,13.053175155056012,0.17862398696264975,0.003449570601230448,-0.004831361315853167,0.0194052141715677,5.203146645939789
2800,298.224852,673.05,9.704742433074014,0.1778673361522199,0.0025646782328419765,-0.0005748979101629614,0.014427340716466048,5.205005578672796
2801,298.331361,673.8959285714285,6.896272750302215,0.17809089021443672,0.0018224822278811307,-0.001832478913054951,0.010252191372252098,5.2068645114058025
2802,298.43787,671.6468684210525,7.419453728602103,0.17749652970958052,0.0019607435857827986,0.0015110366212385416,0.011029966803425047,5.208723444138809
2803,298.544379,669.3130434782609,7.819279079058735,0.17687976836106262,0.002066405676284019,0.004980565859592401,0.011624358318490848,5.210582376871816
2804,298.650888,669.8688,6.660586773364441,0.17702663847780128,0.0017601973502548753,0.004154362717177953,0.009901814026864136,5.212441309604823
2805,298.757396,670.7728275862069,14.906574228145487,0.17726554640227454,0.003939369510609279,0.0028104100988331866,0.022160528915410385,5.214300224884537
2806,298.863905,670.4429655172414,8.162976100675346,0.177178373551068,0.0021572346989099716,0.0033007922487174766,0.012135307894772062,5.216159157617543
2807,298.970414,671.5742068965517,7.353606153151338,0.1774773274039513,0.0019433420066467628,0.0016190572697185796,0.010932075961608992,5.21801809035055
2808,299.076923,675.7512580645162,7.644547180693547,0.178581199277092,0.002020229170373557,-0.0045906634730962246,0.011364597006005296,5.219877023083557
2809,299.183432,674.7128947368421,9.08954377230344,0.1783067903638589,0.002402099305577022,-0.0030470035955520703,0.013512769232631288,5.2217359558165635
2810,299.289941,678.1845128205129,7.394270338265813,0.17922423700330678,0.001954088355778492,-0.008208007844347704,0.010992528473115618,5.22359488854957
2811,299.39645,677.8308666666667,8.501564812825134,0.17913077871740662,0.002246713745461188,-0.007682267610663838,0.012638663315755359,5.225453821282577
2812,299.502959,682.6860454545455,9.572646767780178,0.18041385979242744,0.002529769230385889,-0.014900111782742283,0.014230963616970103,5.227312754015584
2813,299.609467,681.5880344827586,7.960640491473196,0.1801236877597142,0.002103763343412585,-0.013267778054193366,0.011834510136030497,5.229171669295297
2814,299.715976,681.8541363636364,4.862900949760963,0.18019401066692292,0.0012851218154759454,-0.013663372530521923,0.007229324153263975,5.231030602028304
2815,299.822485,678.553448275862,9.146822030418969,0.17932173580228913,0.002417236265966953,-0.00875647757998624,0.013597920688342422,5.23288953476131
2816,299.928994,678.1473157894737,9.059065828294079,0.17921440692110827,0.0023940448806273927,-0.008152709700770639,0.013467459871193518,5.234748467494317
2817,300.035503,674.7932500000001,9.610087139117342,0.1783280258985201,0.002539663620274139,-0.0031664619704584764,0.014286623517019707,5.236607400227324
2818,300.142012,675.6108181818182,11.629082536126164,0.17854408514318662,0.00307322477170353,-0.004381881627329934,0.017288118373632404,5.238466332960331
2819,300.248521,672.8459655172413,8.185197263888542,0.17781341583436613,0.002163107099336294,-0.0002715745586194537,0.012168342495638999,5.240325265693337
2820,300.35503,669.0530344827587,8.502829510071336,0.1768110556244077,0.0022470479677778325,0.005367102482622471,0.012640543449947467,5.242184198426344
2821,300.461538,669.0865151515152,6.725834028771135,0.1768199035812672,0.001777440282444802,0.005317329186844982,0.009998812416162815,5.244043113706058
2822,300.568047,669.6717931034483,8.1426495616744,0.1769745753444631,0.0021518629919858347,0.004447238663102974,0.012105089895090411,5.245902046439064
2823,300.674556,668.4661315789474,11.311774695687797,0.17665595443418272,0.002989369634166967,0.0062396087051380285,0.016816399689949607,5.247760979172071
2824,300.781065,670.6485454545455,8.422546723370496,0.17723270228714202,0.0022258315865143975,0.0029951713813518802,0.012521192820563125,5.249619911905078
2825,300.887574,664.3677777777779,8.350665930159353,0.17557287996241486,0.00220683560522181,0.012332335748010062,0.01241433282898903,5.2514788446380845
2826,300.994083,667.2185,9.330409693960025,0.1763262420718816,0.002465753090369988,0.00809437260044266,0.013870847228280272,5.253337777371091
2827,301.100592,667.4688157894736,7.925530374801796,0.1763923931790364,0.0020944847713535416,0.007722246167788412,0.011782314457545818,5.255196710104098
2828,301.207101,667.7734,7.957799038752935,0.17647288583509513,0.0021030124309600606,0.007269442787129597,0.011830285953182921,5.257055642837105
2829,301.313609,672.7958666666667,7.251435413239297,0.17780017618040875,0.0019163412825685224,-0.00019709621035523238,0.010780186090638195,5.258914558116818
2830,301.420118,672.306,7.782493651046005,0.17767071881606764,0.0020566843686696664,0.0005311532361785484,0.011569672075450343,5.260773490849825
2831,301.526627,676.3903181818182,10.025488898594617,0.17875008408610416,0.0026494420979372717,-0.005540708063584213,0.014904171356081717,5.262632423582833
2832,301.633136,675.3292333333334,9.792189356418408,0.17846967054263566,0.0025877878848885884,-0.003963269739616104,0.014557341751155703,5.264491356315838
2833,301.739645,672.8669000000001,9.279096070534383,0.17781894820295985,0.002452192407646505,-0.0003026963444436971,0.013794562964822133,5.266350289048845
2834,301.846154,673.7006857142858,9.320025643020234,0.17803929326487467,0.0024630088908615903,-0.0015422254373051386,0.013855410008595298,5.268209221781852
2835,301.952663,670.8599333333333,7.078771366866428,0.17728856589147285,0.0018707112491718788,0.0026809162662228417,0.0105234989045862,5.270068154514858
2836,302.059172,671.3698181818182,8.456469677318623,0.17742331347299636,0.0022347964263527004,0.0019229072323937218,0.01257162362983947,5.271927087247865
2837,302.16568,668.9325483870967,8.922427774392293,0.17677921469003616,0.0023579354583489146,0.005546220472172186,0.013264329930129078,5.273786002527579
2838,302.272189,664.8795405405406,9.675401477729736,0.17570812382149592,0.002556924280583975,0.011571534954450017,0.01438372163408261,5.275644935260587
2839,302.378698,668.4509523809523,8.3333319572589,0.1766519430182221,0.0022022547455758145,0.006262174524147316,0.012388563661519665,5.277503867993592
2840,302.485207,670.5215263157894,9.836643559991204,0.17719913486146655,0.0025995358245219807,0.003184001574938407,0.01462342860978655,5.279362800726599
2841,302.591716,668.9042432432432,9.289189162693404,0.17677173447231587,0.0024548597152995186,0.0055882996883100415,0.013809567637070223,5.281221733459606
2842,302.698225,667.6189166666667,8.03816991742701,0.1764320604298802,0.002124252092343288,0.007499102018210256,0.011949767542551188,5.283080666192612
2843,302.804734,672.4602666666667,11.830210863153162,0.17771148696264974,0.0031263770780003025,0.0003018161078062987,0.017587121353027507,5.284939598925619
2844,302.911243,663.9854666666666,7.62587488064409,0.17547184637068358,0.0020152946301913574,0.012900690106482555,0.011336838244077163,5.286798531658626
2845,303.017751,665.765972972973,9.978450025726225,0.1759423818638935,0.002637011106164435,0.010253739782344925,0.01483424205600279,5.288657446938339
2846,303.12426,665.7919714285714,6.600356507687407,0.17594925249169435,0.0017442802610167576,0.010215089753288775,0.009812274034395675,5.290516379671346
2847,303.230769,664.0444324324325,7.649590956894908,0.17548742928975486,0.0020215620922026663,0.012813029954842582,0.011372095224351238,5.292375312404354
2848,303.337278,665.0788958333334,8.838438870624701,0.17576080756694856,0.002335739659255998,0.0112751678171883,0.013139469683768692,5.2942342451373605
2849,303.443787,664.7107105263158,7.919266792801077,0.17566350701012573,0.0020928294906979567,0.011822522361399143,0.011773002841884383,5.296093177870366
2850,303.550296,667.1440769230769,13.83651614651874,0.1763065742397138,0.0036565846053167937,0.008205012021874142,0.020569750732836095,5.297952110603373
2851,303.656805,668.1353999999999,8.390048567882594,0.17656855179704017,0.0022172432790387338,0.00673128349280751,0.012472880156408015,5.29981104333638
2852,303.763314,668.6107878787878,10.18112171115486,0.17669418284323146,0.002690571276732262,0.006024558616073383,0.015135539435034116,5.301669976069387
2853,303.869822,670.5976764705882,8.3042043302669,0.1772192591095635,0.0021945571697322697,0.0030707946313775604,0.012345261719013364,5.303528891349101
2854,303.976331,671.7581764705882,12.809073515736847,0.17752594515607512,0.0033850617113469496,0.0013455629709886979,0.019042325867813938,5.305387824082108
2855,304.08284,671.8543142857143,8.78227090346505,0.17755135155542132,0.002320896116137701,0.0012026418142320576,0.013055968817552837,5.307246756815113
2856,304.189349,670.1807105263157,7.282647134958462,0.17710906726382553,0.0019245896234033968,0.00369066783117317,0.010826586306480658,5.30910568954812
2857,304.295858,670.4860869565217,9.423277643025765,0.17718976928026473,0.0024902953602076706,0.0032366867146476305,0.014008907310971916,5.310964622281127
2858,304.402367,668.7013913043478,7.152502758025168,0.17671812666605388,0.0018901962891186978,0.005889865037171442,0.010633110046672872,5.312823555014134
2859,304.508876,670.1498260869565,6.148306482661953,0.17710090541410056,0.0016248167237478746,0.0037365814999331653,0.009140243861837725,5.31468248774714
2860,304.615385,673.3673333333334,9.421756559509845,0.17795119802677942,0.002489893382534306,-0.0010466544922943229,0.014006646025801877,5.316541420480147
2861,304.721893,670.6205,5.778783895381775,0.17722529069767443,0.0015271627630501527,0.003036864536122942,0.00859090127949857,5.318400335759861
2862,304.828402,672.4923181818182,9.621577884587206,0.17771995723620987,0.0025427002866245194,0.0002541674316297821,0.014303705979653096,5.320259268492867
2863,304.934911,673.2843181818181,7.380788868577053,0.1779292595617913,0.0019505255995182441,-0.0009232418531853688,0.010972486544347291,5.322118201225875
2864,305.04142,676.7269333333334,9.986541189211092,0.17883904157857647,0.002639149362899334,-0.006041129534295617,0.014846270605260425,5.3239771339588815
2865,305.147929,671.6238,11.189390237439858,0.1774904334038055,0.0029570270183509116,0.0015453307792352602,0.0166344595416438,5.325836066691887
2866,305.254438,671.3251363636364,8.958748442008293,0.17741150538151065,0.0023675339434482924,0.0019893324692494075,0.013318325247404074,5.327694999424894
2867,305.360947,671.1318260869565,7.043494965712393,0.17736041915617246,0.0018613887330106694,0.002276712916993143,0.010471056022952866,5.329553932157901
2868,305.467456,672.1281250000001,8.773001783200725,0.1776237116807611,0.002318446560042477,0.0007955871711993445,0.01304218908489973,5.331412864890908
2869,305.573964,668.5859130434783,7.161353096581199,0.17668760915525322,0.001892535173515114,0.006061538239876127,0.010646267206760807,5.333271780170621
2870,305.680473,672.2120416666667,8.297437930806113,0.17764588838971107,0.002192769009198233,0.0006708343145275815,0.012335202600894792,5.335130712903629
2871,305.786982,669.3693181818181,6.121783512190686,0.17689464011147416,0.0016178074820799911,0.0048969063160714315,0.00910081407434563,5.336989645636636
2872,305.893491,672.1029545454545,8.051835806508887,0.17761705986930618,0.002127863585229618,0.0008330062708014385,0.011970083634331776,5.3388485783696416
2873,306.0,671.0184210526317,7.982782393178619,0.17733044953822186,0.002109614797351624,0.002445304003304978,0.011867426904529712,5.340707511102648
2874,306.106509,679.8161621621622,8.717884591502168,0.17965543397520142,0.002303880705999514,-0.010633663253969545,0.012960250330785024,5.342566443835655
2875,306.213018,680.2854615384616,9.325756641649575,0.17977945600910716,0.00246452342538308,-0.011331336793127186,0.013863929870965842,5.344425376568661
2876,306.319527,678.6167777777778,7.648241280978501,0.1793384719285882,0.0020212054125207423,-0.008850624983468905,0.011370088758498402,5.3462843093016685
2877,306.426036,679.9686923076923,7.453037646892174,0.17969574321027812,0.0019696188284598795,-0.010860418821597589,0.011079893592838176,5.348143242034675
2878,306.532544,678.4606216216216,6.419376719274562,0.17929720444546027,0.00169645262137276,-0.00861847888733345,0.009543224434343654,5.350002157314388
2879,306.639053,679.7938666666666,6.571752124125815,0.1796495419309373,0.001736720963035376,-0.01060051814865897,0.009769749960163599,5.351861090047395
2880,306.745562,680.1822,9.30171958910213,0.1797521670190275,0.0024581711387690495,-0.011177825310615922,0.013828195718378759,5.3537200227804025
2881,306.852071,678.0407826086956,8.174295248780163,0.17918625333210772,0.002160226017119485,-0.007994334503562376,0.012152135255977548,5.355578955513409
2882,306.95858,677.2747567567568,8.884208272751922,0.1789838152105594,0.002347835167217741,-0.006855539111540504,0.01320751175324475,5.357437888246415
2883,307.065089,675.3950416666667,6.453991804734476,0.17848706175123327,0.0017056003712300296,-0.004061102243006123,0.00959468418562546,5.359296820979422
2884,307.171598,672.1110454545454,7.962307923838772,0.17761919805881224,0.00210420399678615,0.0008209780997329674,0.011836988987481275,5.361155753712429
2885,307.278107,671.5693181818182,7.803742474494212,0.17747603546031135,0.002062299808270143,0.0016263249693626467,0.011601261168909085,5.363014686445435
2886,307.384615,673.5502272727273,8.525410097282125,0.17799953152027675,0.002253015353404368,-0.0013185497225706158,0.012674112380551703,5.36487360172515
2887,307.491124,674.8633636363637,10.639767284178356,0.17834655487218912,0.0028117778235143627,-0.0032706948573861315,0.01581737473316194,5.366732534458157
2888,307.597633,678.5537708333334,10.822440715082335,0.1793218210447498,0.002860053043097866,-0.008756957102917502,0.016088942149368242,5.3685914671911625
2889,307.704142,675.6621891891892,6.461115559156081,0.1785576609908005,0.001707482970178669,-0.004458251199361399,0.009605274557593566,5.370450399924169
2890,307.810651,677.686347826087,7.275459639392338,0.179092586634801,0.0019226901795434362,-0.007467421872369301,0.01081590117514971,5.372309332657176
2891,307.91716,683.3121315789474,9.823786340474827,0.18057931595638144,0.002596138039237544,-0.01583086887360688,0.014604314708731705,5.374168265390183
2892,308.023669,683.6614074074074,8.322445693511836,0.18067161929371234,0.0021993778259809258,-0.01635011205970583,0.012372379838271257,5.3760271981231895
2893,308.130178,685.079625,9.818436127189273,0.18104641252642706,0.002594724135092306,-0.01845847387966382,0.014596360932471393,5.377886130856196
2894,308.236686,689.799652173913,8.91456148724553,0.18229377700156266,0.0023558566298217606,-0.025475397893735947,0.013252635688306324,5.379745046135911
2895,308.343195,689.8503611111112,10.333548526599529,0.18230717788348602,0.0027308532047038855,-0.02555078321378658,0.015362141389275734,5.381603978868916
2896,308.449704,694.9601363636364,9.411564868088279,0.18365754132231407,0.002487200017993731,-0.0331471175895972,0.013991494773140638,5.3834629116019235
2897,308.556213,695.0054166666666,9.289234464460145,0.1836695075757576,0.0024548716872252003,-0.03321443255071732,0.013809634983939964,5.38532184433493
2898,308.662722,695.2008181818181,9.61084712898902,0.18372114645396886,0.0025398644632634864,-0.03350492189188692,0.01428775333915516,5.387180777067936
2899,308.769231,691.3320789473684,10.517048708365833,0.18269875236452654,0.002779346910244662,-0.027753546266672452,0.015634937876367792,5.389039709800943
2900,308.87574,690.9437297297297,9.209792884776547,0.18259612307868123,0.0024338776122559574,-0.027176215490664242,0.013691534916364352,5.39089864253395
2901,308.982249,689.3126111111111,8.635205869918419,0.1821650663612873,0.0022820311495556026,-0.024751349068699007,0.012837337837793387,5.392757575266957
2902,309.088757,688.9134571428572,9.167742561133945,0.1820595816973724,0.0024227649474455465,-0.02415795564913711,0.013629021732669597,5.394616490546671
2903,309.195266,686.3116216216216,9.498560359781283,0.18137199302896975,0.0025101903699210637,-0.020289994411429226,0.014120824696949258,5.396475423279678
2904,309.301775,686.0961666666667,6.38059005556248,0.1813150546159267,0.0016862024459731706,-0.01996969306746031,0.009485563098508329,5.398334356012684
2905,309.408284,685.9703333333333,10.019045148024897,0.1812818005637773,0.00264773920402349,-0.019782625725281142,0.014894591896801581,5.40019328874569
2906,309.514793,686.7007727272727,10.74186173475258,0.1814748342302518,0.002838758386562518,-0.02086851729651724,0.015969151190275817,5.402052221478697
2907,309.621302,687.9938666666666,7.398620750929996,0.18181656095842144,0.0019552380420005283,-0.022790866804573633,0.010998995917892862,5.403911154211704
2908,309.727811,688.0626944444444,11.083410292142426,0.18183475011745362,0.002929019633230029,-0.022893188098271535,0.01647690679972788,5.4057700869447105
2909,309.83432,686.1958888888889,10.05917065816852,0.18134140826873385,0.0026583431971904134,-0.02011794290375684,0.014954243599075672,5.407629019677717
2910,309.940828,688.8900857142858,9.888686564100691,0.18205340531561462,0.0026132892611259776,-0.024123211031713623,0.014700797190908015,5.409487934957432
2911,310.047337,689.5172571428571,9.434378327793144,0.1822191482935669,0.002493228944977042,-0.025055581566020158,0.014025409898488177,5.411346867690439
2912,310.153846,692.0419189189189,9.457423722423865,0.18288634220901664,0.002499319165545408,-0.02880881416217306,0.014059669824763985,5.4132058004234445
2913,310.260355,688.6357894736842,8.768916011032097,0.18198620229219986,0.002317366810526452,-0.0237451671494184,0.013036115062062597,5.415064733156451
2914,310.366864,688.5060540540541,11.497548008998264,0.1819519170333124,0.003038464061574591,-0.023552298856941215,0.017092575477781157,5.416923665889458
2915,310.473373,689.2111142857143,6.851020704423321,0.18213824373301118,0.0018105234419723338,-0.024600461057838554,0.010184918419001208,5.418782598622464
2916,310.579882,689.2380270270271,11.594195574813606,0.1821453559796583,0.0030640051730479925,-0.024640470289532316,0.017236254444126856,5.420641531355471
2917,310.686391,685.9286486486486,10.335808935218601,0.18127078452659848,0.002731450564275531,-0.019720656110656994,0.015365501775760088,5.422500464088478
2918,310.792899,680.8302894736842,8.577897889998328,0.17992343802158672,0.0022668863345661505,-0.01214129319408406,0.012752142196818757,5.424359379368192
2919,310.899408,675.7067027027027,8.049912197122492,0.1785694246043083,0.0021273552317976987,-0.004524426229804016,0.011967223942978394,5.426218312101199
2920,311.005917,676.6092777777778,10.681133737606494,0.17880794867277425,0.0028227097615239087,-0.00586621950459714,0.015878871256326248,5.428077244834205
2921,311.112426,674.86315625,7.596771636516337,0.17834650006606764,0.0020076034980222894,-0.003270386551035009,0.011293572549816746,5.429936177567213
2922,311.218935,673.1355869565217,8.284270489108563,0.1778899542696939,0.0021892892413077564,-0.0007021338663091365,0.012315627514894843,5.431795110300218
2923,311.325444,672.1635142857143,7.51671353550141,0.17763306402899426,0.00198644649458282,0.0007429764722309672,0.011174555944438372,5.433654043033225
2924,311.431953,671.5295555555555,7.457421873330313,0.17746552736669016,0.0019707774506686777,0.0016854371983402395,0.011086411306114695,5.4355129757662315
2925,311.538462,668.0517837837838,9.067992002199386,0.17654645448831494,0.0023964038060780572,0.006855589691461665,0.013480729770226317,5.437371908499238
2926,311.64497,673.5239142857142,9.966254764044963,0.17799257777106614,0.0026337882568829136,-0.0012794321023429586,0.01481611223992416,5.439230823778953
2927,311.751479,668.0172592592593,7.042705662285191,0.17653733067105162,0.001861180143310043,0.006906914812331643,0.010469882622468375,5.44108975651196
2928,311.857988,671.23165625,8.528287812161134,0.1773868013345666,0.0022537758488797937,0.0021283026128618276,0.012678390471735567,5.442948689244965
2929,311.964497,669.3764736842105,8.113106778996384,0.17689653110047848,0.0021440557026945993,0.0048862687466847314,0.012061170770564672,5.444807621977972
2930,312.071006,673.2420789473684,9.542998538284882,0.17791809697340602,0.002521934074599593,-0.0008604478294168894,0.01418688773226536,5.446666554710979
2931,312.177515,667.8053333333334,7.746110698433177,0.17648132487667373,0.002047069423476001,0.007221969803339486,0.011515584163562284,5.448525487443987
2932,312.284024,669.0341351351351,7.961259598700301,0.17680606108222385,0.002103926955259065,0.00539519877980534,0.011835430518098015,5.450384420176992
2933,312.390533,669.4361891891891,11.349372008661566,0.1769123121535912,0.0029993054991177557,0.0047974940118245095,0.016872292903812532,5.452243352909999
2934,312.497041,661.833552631579,7.445010481169414,0.17490315872927562,0.0019674974844528016,0.016099785516881994,0.011067960184438293,5.454102268189714
2935,312.60355,670.1625428571429,9.58243486294171,0.17710426608275445,0.0025323559362953807,0.0037176763947686813,0.014245514872176953,5.45596120092272
2936,312.710059,670.0936315789473,7.435141920240046,0.17708605485701567,0.0019648895138055155,0.003820121822515978,0.011053289306577181,5.457820133655726
2937,312.816568,675.1753611111111,6.834664306325444,0.17842900663612873,0.001806200926618765,-0.003734519003354018,0.010160602541492899,5.459679066388734
2938,312.923077,675.6716,7.214014188899755,0.17856014799154335,0.0019064519526690706,-0.004472241573131958,0.010724554655049184,5.461537999121739
2939,313.029586,673.6326578947369,7.998784047038162,0.1780213155112941,0.002113843564227845,-0.0014410933838170307,0.011891215409361347,5.463396931854746
2940,313.136095,673.8617567567568,7.3338515211063315,0.17808185960802242,0.0019381214379245052,-0.0017816781404872938,0.010902708174755596,5.465255864587753
2941,313.242604,677.2594,8.70982767420147,0.17897975687103596,0.002301751499524698,-0.006832709328724821,0.012948272692859723,5.467114797320759
2942,313.349112,675.9984000000001,8.926151944867236,0.17864651162790696,0.002358919647163652,-0.004958071565906711,0.013269866385805166,5.468973712600474
2943,313.455621,675.6243157894736,9.197314191111136,0.1785476521642372,0.0024305798602302173,-0.00440194754724959,0.013672983742394652,5.470832645333481
2944,313.56213,671.8615135135135,7.522510594585146,0.17755325409976572,0.0019879784869410986,0.0011919392414362006,0.01118317401412249,5.472691578066487
2945,313.668639,671.2157428571428,9.722487954231065,0.17738259589247962,0.002569367852598059,0.0021519599064260776,0.01445372170304959,5.474550510799493
2946,313.775148,671.5461388888889,6.852313741265127,0.17746990985435754,0.0018108651536112778,0.0016607839525828302,0.010186840683626349,5.4764094435325
2947,313.881657,671.6780789473684,10.441363008730486,0.1775047777345054,0.0027593454039985406,0.0014646381825161076,0.015522421404804197,5.4782683762655076
2948,313.988166,667.9546,7.696442418034294,0.17652077167019029,0.002033943556562974,0.007000065814391596,0.01144174591292788,5.480127308998513
2949,314.094675,671.1651351351352,10.469795554520333,0.17736922175875663,0.002766859290306633,0.0022271947571524155,0.01556469002021311,5.48198624173152
2950,314.201183,666.9549999999999,8.168383499811988,0.1762566067653277,0.0021586637155951195,0.008486099048105246,0.012143346685113127,5.483845157011235
2951,314.307692,667.3693513513514,10.123213683894518,0.17636610765099137,0.002675267886864308,0.007870112775053765,0.015049451746951253,5.485704089744241
2952,314.414201,671.147891891892,11.322712100964207,0.1773646648762928,0.002992260068965176,0.002252829043383362,0.01683265954162161,5.487563022477247
2953,314.52071,667.8508108108108,9.963922787954768,0.1764933432375293,0.0026331719841318096,0.007154361717188044,0.014812645459241625,5.489421955210255
2954,314.627219,669.2164324324325,8.256468866358139,0.17685423690074853,0.002181942089418101,0.005124190534307175,0.012274296847269483,5.491280887943262
2955,314.733728,670.3188157894737,8.041270999628944,0.17714556442639368,0.002125071617238098,0.0034853566959156556,0.01195437769782586,5.493139820676268
2956,314.840237,670.2809189189189,8.394264994554243,0.1771355493971773,0.0022183575567003774,0.003541695240431575,0.012479148413872597,5.494998753409274
2957,314.946746,671.762,9.885832654497397,0.17752695560253698,0.002612535056685351,0.0013398788055465378,0.014696554489310891,5.496857686142281
2958,315.053254,669.164,6.6917665828986905,0.17684038054968287,0.001768437257637086,0.005202138050432667,0.009948166801162672,5.498716601421995
2959,315.159763,670.2560000000001,9.5928478870111,0.17712896405919662,0.0025351077925505052,0.0035787404001572124,0.014260995164124305,5.5005755341550016
2960,315.266272,671.8261086956521,10.158095817246812,0.17754389764684256,0.0026844862096318204,0.0012445730309275274,0.015101308499076406,5.502434466888009
2961,315.372781,672.5234166666667,8.739822721894585,0.17772817565186752,0.0023096783091687586,0.00020793555687690645,0.012992864167168277,5.504293399621014
2962,315.47929,673.1010434782609,9.843861642845164,0.17788082544351505,0.002601443351703264,-0.0006507805682862258,0.014634159213032552,5.506152332354021
2963,315.585799,672.9490810810811,8.310332963574048,0.177840666247643,0.0021961767874138587,-0.00042486903118741303,0.012354372716183887,5.5080112650870285
2964,315.692308,671.3847096774193,9.191469857766869,0.17742724885766897,0.0024290353746741107,0.0019007691197856353,0.013664295393476574,5.509870197820035
2965,315.798817,671.9126052631578,7.934458112730467,0.177566756147769,0.002096844110129616,0.0011159848217281905,0.011795586681699352,5.511729130553041
2966,315.905325,671.3492162162162,8.321181216680767,0.17741786897891548,0.0021990436619135217,0.001953534688940685,0.01237050003175444,5.513588045832756
2967,316.011834,673.3793421052632,9.326440659023538,0.1779543715923,0.002464704191073877,-0.0010645070675081943,0.01386494675026768,5.5154469785657625
2968,316.118343,669.669361111111,8.268401134621836,0.17697393264035707,0.0021850954372679265,0.0044508541307272075,0.012292035690000045,5.517305911298768
2969,316.224852,669.3998064516129,10.607076324854567,0.1769026972652254,0.0028031385636507846,0.004851581604033232,0.015768775441448127,5.519164844031776
2970,316.331361,669.7993243243243,9.10612747932235,0.17700827809839437,0.0024064818919985053,0.004257647193957427,0.01353742303392005,5.521023776764783
2971,316.43787,671.5326363636364,11.513733550994552,0.17746634153373053,0.003042741424681438,0.0016808571831393733,0.01711663735584459,5.522882709497789
2972,316.544379,669.3850222222222,8.475847464973329,0.17689879022786,0.0022399174061768765,0.004873560251701686,0.01260043118931401,5.524741642230795
2973,316.650888,670.4839565217391,9.571902178574826,0.17718920626895854,0.0025295724573400702,0.0032398538784023734,0.01422985668989461,5.526600574963802
2974,316.757396,668.6276666666668,11.660640417763561,0.1766986434108527,0.003081564592432232,0.005999466139349991,0.01733503320046193,5.528459490243517
2975,316.863905,667.8564,9.145829547629093,0.17649482029598307,0.0024169739819315797,0.00714605267268561,0.013596445235751767,5.5303184229765225
2976,316.970414,667.2093142857143,10.340602248849306,0.17632381455753549,0.0027327172962075355,0.008108028339442219,0.015372627649464364,5.53217735570953
2977,317.076923,668.031347826087,7.503069121176603,0.17654105386524496,0.001982840676843714,0.006885970356027732,0.011154271777630488,5.534036288442537
2978,317.183432,666.4135675675676,8.083095290448728,0.17611352208445233,0.002136124548215842,0.009291007599931041,0.012016554854823365,5.535895221175542
2979,317.289941,666.7412608695652,7.460659739395428,0.17620012179428257,0.0019716331235188757,0.008803849599496991,0.011091224808094552,5.5377541539085495
2980,317.39645,669.6195151515151,8.839420764115458,0.17696075981805368,0.0023359991448508102,0.004524956524210539,0.013140929394012043,5.539613086641556
2981,317.502959,666.5401621621622,11.622034836927268,0.17614697731558196,0.003071362271915238,0.009102808545533187,0.017277641067479164,5.541472019374562
2982,317.609467,670.4947199999999,8.960733747485932,0.1771920507399577,0.002368058601344063,0.0032238525914816086,0.01332127665788706,5.543330934654277
2983,317.715976,672.5135675675676,11.02863006890235,0.17772557282441004,0.0029145428300481877,0.00022257750223846065,0.016395468992319896,5.5451898673872835
2984,317.822485,670.7638648648648,8.27243303307963,0.17726317781841036,0.0021861609495453555,0.0028237343303045663,0.012298029622676303,5.547048800120289
2985,317.928994,671.9114324324324,9.428306489091916,0.1775664462030741,0.0024916243364407776,0.0011177283845888834,0.014016383333762494,5.548907732853296
2986,318.035503,669.7045,9.978094162016129,0.17698321881606766,0.0026369170618435866,0.004398615678661696,0.014833713019088163,5.550766665586304
2987,318.142012,669.6297916666666,7.923121088653217,0.17696347559901338,0.0020938480678258826,0.004509679170227036,0.011778732745574652,5.5526255983193105
2988,318.248521,667.2041621621622,6.954992653217258,0.17632245300268556,0.0018380001726261306,0.00811568762998108,0.010339486017322362,5.554484531052316
2989,318.35503,672.3203611111111,8.074750218703018,0.1776745140357059,0.0021339191909891726,0.0005098036079431187,0.01200414883846495,5.556343463785323
2990,318.461538,671.2814054054054,10.183640214850763,0.1773999485743672,0.002691236843248086,0.0020543441311875296,0.015139283512856589,5.558202379065038
2991,318.568047,673.3404210526317,10.401176512536956,0.17794408590185826,0.0027487252940108196,-0.0010066459453576997,0.01546267903896776,5.5600613117980435
2992,318.674556,674.3671891891892,8.587249575316221,0.1782154305468259,0.002269357710178711,-0.002533068088457813,0.0127660446729829,5.561920244531051
2993,318.781065,673.4955,8.0302016458476,0.1779850687103594,0.0021221463123275632,-0.0012371906328714933,0.011937921687826964,5.563779177264058
2994,318.887574,672.3075945945947,8.762470581530735,0.17767114022055883,0.0023156634729203933,0.0005287826673891742,0.013026533106835977,5.565638109997063
2995,318.994083,668.2677647058823,8.593364618012576,0.17660353189901754,0.0022709737362612494,0.006534506430070504,0.012775135465972419,5.5674970427300705
2996,319.100592,669.3405333333334,7.04113352323005,0.17688703312191684,0.0018607646731580456,0.004939698674490719,0.010467545436710102,5.569355975463077
2997,319.207101,668.1912162162163,9.161207593055796,0.176583302382721,0.0024210379474248907,0.006648305549352676,0.013619306666897858,5.571214908196084
2998,319.313609,666.097675,5.933609807967246,0.17603004096194502,0.0015680787018940929,0.009760622299499418,0.008821069798448216,5.573073823475798
2999,319.420118,667.6674210526317,6.613058876935472,0.17644487871369757,0.0017476371239258626,0.0074269940454964115,0.009831157730723726,5.5749327562088045
3000,319.526627,668.0445714285714,6.256559989256025,0.17654454847478104,0.0016534249443065651,0.0068663117798359145,0.009301176543375214,5.576791688941812
3001,319.633136,671.5002368421053,8.114109601063184,0.17745777929231113,0.0021443207190970336,0.0017290232153038612,0.012062661593812718,5.578650621674817
3002,319.739645,669.4895384615385,9.340030279580564,0.17692641079850382,0.002468295528430381,0.004718183495912665,0.013885149459132533,5.580509554407825
3003,319.846154,672.0634827586207,10.221836400641408,0.17760662863599913,0.002701330972685364,0.0008916861297742214,0.015196067027748561,5.5823684871408314
3004,319.952663,677.1991111111112,9.080837742332147,0.1789638242894057,0.002399798557698769,-0.006743082185354889,0.01349982660570944,5.584227419873837
3005,320.059172,676.3467894736842,6.802767903116348,0.1787385807277178,0.0017977716445867714,-0.0054759970722800325,0.010113184459055291,5.586086352606844
3006,320.16568,675.3144324324323,7.715006778064785,0.17846575909948,0.002038849571370186,-0.003941266307615661,0.011469344208213921,5.587945267886559
3007,320.272189,676.8026486486486,8.973352152085942,0.1788590509113765,0.0023713932748641513,-0.006153690033354894,0.013340035530027971,5.589804200619565
3008,320.378698,677.4312432432432,12.292452373544345,0.17902516999028628,0.0032485339253552708,-0.007088176285956311,0.018274302471918386,5.591663133352572
3009,320.485207,674.6605675675676,9.28031714179273,0.17829296183075252,0.0024525151008965994,-0.0029692125665723686,0.013796378243404208,5.593522066085579
3010,320.591716,680.8612631578948,10.10089611407101,0.17993162345610325,0.0026693700090039667,-0.012187339536728535,0.0150162738253291,5.595380998818586
3011,320.698225,680.7473783783784,7.39417828186229,0.17990152705559684,0.001954064027976292,-0.0120180352478375,0.010992391619499171,5.5972399315515915
3012,320.804734,674.9220833333334,7.534510966688108,0.17836207276250882,0.0019911498326342742,-0.0033579891962922485,0.011201014101919505,5.599098864284598
3013,320.911243,673.7078378378378,7.484580785089338,0.17804118336095082,0.0019779547529305865,-0.0015528579836137316,0.011126786501658319,5.600957797017605
3014,321.017751,672.21046875,8.636295729910826,0.1776454727140592,0.0022823191675239956,0.0006731726563048076,0.012838958054048716,5.602816712297319
3015,321.12426,675.2417297297297,11.263918044033435,0.1784465459116622,0.0029767225274929896,-0.003833184442472575,0.016745254657123877,5.604675645030326
3016,321.230769,675.6362666666666,9.620420146152982,0.1785508104298802,0.002542394330378692,-0.004419714054533317,0.014301984853413389,5.606534577763333
3017,321.337278,676.5823225806452,6.611911193127651,0.17880082520630156,0.0017473338248223094,-0.005826147156897669,0.009829451551971992,5.60839351049634
3018,321.443787,673.9441842105264,7.158807124908169,0.178103642761767,0.0018918623480201305,-0.0019042170917397642,0.010642482294277585,5.610252443229346
3019,321.550296,676.6768148148149,7.365118402291456,0.17882579672695953,0.0019463843557852695,-0.005966621947117719,0.010949190392198263,5.612111375962352
3020,321.656805,676.1274722222222,8.178114503220032,0.17868062162320883,0.0021612353338319318,-0.0051499539306241035,0.012157813066127343,5.613970308695359
3021,321.763314,680.4363055555556,9.388476568400044,0.17981931964998826,0.0024810984588795053,-0.011555585715204608,0.013957171063009947,5.615829241428365
3022,321.869822,683.0388108108109,8.395890022431745,0.1805070853094109,0.0022187870038138857,-0.015424542598181617,0.012481564225629013,5.61768815670808
3023,321.976331,686.3586666666666,8.66933289903471,0.18138442565186752,0.0022910499204637177,-0.020359932887238055,0.0128880720309054,5.619547089441086
3024,322.08284,687.3653684210527,10.14429779760742,0.1816504673417158,0.002680839798522053,-0.021856523787053418,0.015080795978324587,5.621406022174093
3025,322.189349,695.3338108108107,8.958155114003471,0.18375629249757156,0.0023673771442926737,-0.03370263244262923,0.013317443189447187,5.6232649549071
3026,322.295858,701.0477027027027,9.831901457514224,0.18526630621107365,0.002598282626192974,-0.04219706346023481,0.014616378868011393,5.625123887640107
3027,322.402367,704.0844074074074,8.151723113075589,0.18606881802521336,0.002154260864977686,-0.046711513352357556,0.012118578889618158,5.626982820373113
3028,322.508876,703.5117368421053,10.085807774760363,0.18591747802381217,0.002665382604323563,-0.045860165321136494,0.014993843079373565,5.628841753106119
3029,322.615385,699.3234074074074,8.018063651047596,0.18481062563620704,0.002118938596999894,-0.03963367799250273,0.01191987700629097,5.630700685839126
3030,322.721893,692.9147857142858,6.423085057515947,0.18311701525218968,0.0016974326261934337,-0.030106442279940377,0.00954873735337986,5.632559601118841
3031,322.828402,689.8289729729729,8.31709320377982,0.18230152562710703,0.002197963320237795,-0.02551898701122503,0.012364422677782178,5.634418533851847
3032,322.934911,681.6928125,6.169543363859917,0.1801513775105708,0.0016304290073625607,-0.013423543976345535,0.009171815201614284,5.636277466584854
3033,323.04142,684.9704054054054,8.404198707456567,0.18101754899720016,0.0022209827450995123,-0.018296104984765554,0.012493916148473474,5.638136399317861
3034,323.147929,685.884081081081,9.12645147170934,0.18125900662819266,0.002411852925927412,-0.019654400721950294,0.01356763724773438,5.639995332050867
3035,323.254438,685.6871081081081,6.225883323244554,0.18120695245985943,0.0016453180029716006,-0.019361575207763382,0.009255571756267731,5.641854264783873
3036,323.360947,686.8446578947369,6.0825312577431605,0.18151285885167465,0.001607434264731274,-0.021082420998688244,0.00904246057833998,5.64371319751688
3037,323.467456,687.1376052631579,7.996143589220446,0.1815902762323356,0.0021131457688214647,-0.021517924725381582,0.011887290031140686,5.645572130249888
3038,323.573964,687.5632162162162,9.909121168945356,0.18170275269984573,0.002618689526676887,-0.02215064983630317,0.014731175844286336,5.647431045529601
3039,323.680473,686.6920833333334,7.3017412302037465,0.1814725378787879,0.0019296356316605972,-0.020855599401184352,0.010854972120908595,5.649289978262608
3040,323.786982,684.8767428571429,6.974331675098729,0.18099279673814558,0.0018431109077956512,-0.018156863628750686,0.010368235946517408,5.651148910995615
3041,323.893491,688.8816071428572,9.743482590331613,0.1820511646783449,0.0025749161179523298,-0.02411060655100403,0.01448493291450932,5.653007843728621
3042,324.0,685.2121578947368,6.477827966501192,0.18108143707577612,0.0017118995683142572,-0.018655500976641825,0.009630119688376067,5.654866776461628
3043,324.106509,684.9336216216217,8.131766089954992,0.1810078281241072,0.002148986810241804,-0.018241421186081647,0.012088910222548146,5.656725709194635
3044,324.213018,688.2914857142857,8.898619286064525,0.18189521292660826,0.0023516435745413572,-0.02323331557983184,0.01322893556748443,5.65858464192764
3045,324.319527,679.3478,8.068300902739223,0.17953165961945033,0.0021322148263052854,-0.009937383003482368,0.01199456110551488,5.660443574660647
3046,324.426036,679.6135333333333,8.037487426043644,0.17960188513037348,0.002124071729926963,-0.010332429586754526,0.011948752931829464,5.662302507393654
3047,324.532544,677.5418857142857,6.9813052958321045,0.17905440954394444,0.0018449538308224394,-0.007252660468658686,0.010378603125558113,5.664161422673368
3048,324.639053,670.9691081081081,7.0767500339875875,0.1773174175761385,0.0018701770702927048,0.0025186140017184697,0.010520493934763982,5.666020355406375
3049,324.745562,670.0453076923077,8.364281877357245,0.17707328427386568,0.0022104338999358463,0.0038919614598997045,0.012434574675772305,5.667879288139382
3050,324.852071,668.4764473684211,7.862323543148997,0.17665868059419162,0.002077781063200054,0.006224272964852049,0.011688349419096631,5.6697382208723885
3051,324.95858,670.0918787878787,9.245081427972849,0.17708559164584536,0.0024432033372021322,0.0038227275705948697,0.013743995848696358,5.671597153605394
3052,325.065089,670.4355135135136,8.836112869675532,0.17717640420547398,0.002335124965559078,0.0033118706052574403,0.013136011785897456,5.673456086338401
3053,325.171598,669.7815135135136,10.207480412318594,0.17700357122450144,0.0026975371068495182,0.004284125241960906,0.015174725015193017,5.675315019071409
3054,325.278107,666.2770789473684,9.253576393734463,0.17607745215311005,0.002445448307012285,0.009493915388686219,0.013756624701678584,5.677173951804415
3055,325.384615,670.5420833333333,12.632085328072874,0.17720456747709654,0.003338288934480151,0.0031534409394279816,0.018779210292740475,5.679032867084129
3056,325.491124,666.4615526315789,8.660047545894596,0.17612620312673863,0.0022885960744964615,0.009219671665714562,0.012874268166006453,5.680891799817136
3057,325.597633,666.82934375,5.262967809928809,0.17622339951109936,0.0013908477298966197,0.00867290313326318,0.007824074703400916,5.682750732550142
3058,325.704142,668.5294871794872,9.636298773174484,0.17667269745758118,0.0025465905848769785,0.006145422502713032,0.01432559046311699,5.684609665283149
3059,325.810651,666.8563157894737,8.004588198146495,0.17623052742850784,0.002115377430799814,0.008632805747269854,0.01189984402224697,5.686468598016156
3060,325.91716,669.9485925925926,7.316950416980997,0.17704772531516716,0.0019336549727751004,0.004035740824023948,0.01087758252207783,5.688327530749163
3061,326.023669,666.1843243243243,7.107148303152458,0.1760529398320096,0.001878210439522327,0.009631806997753936,0.010565684849356181,5.690186463482169
3062,326.130178,665.2874054054054,5.270147501938797,0.17581591051939888,0.001392745111506038,0.010965191673084157,0.0078347482337478,5.692045396215176
3063,326.236686,662.1310277777778,10.029856855512113,0.17498177266854592,0.002650596420589884,0.015657550669487746,0.014910664882635155,5.693904311494889
3064,326.343195,664.2944782608695,7.784235122520893,0.175553509054141,0.00205714458840404,0.012441304853793122,0.011572260995505599,5.695763244227896
3065,326.449704,666.5597428571429,10.688304697859513,0.17615215191784958,0.002824604835586563,0.009073699338369821,0.015889531805799707,5.697622176960904
3066,326.556213,669.5795789473684,9.988529228182074,0.17695020585289864,0.0026396747431770826,0.004584326798910833,0.014849226079430894,5.69948110969391
3067,326.662722,670.9476666666667,11.37814759381624,0.17731175123326284,0.003006910040649114,0.002550489446457068,0.01691507149110684,5.701340042426915
3068,326.769231,676.2468666666666,10.336255994360465,0.17871217406624382,0.002731568708869046,-0.0053274490410334914,0.015366166386346544,5.703198975159922
3069,326.87574,673.817,7.307535388525012,0.17807003171247357,0.0019311668574326156,-0.0017151414978564441,0.010863585878238359,5.70505790789293
3070,326.982249,679.5727837837837,10.323621544074802,0.1795911162219302,0.002728229794945772,-0.010271850170098375,0.015347383660241872,5.7069168406259365
3071,327.088757,680.6692368421053,8.15857704681869,0.17988087654389676,0.0021560721582501714,-0.011901867861047471,0.012128768138641683,5.70877575590565
3072,327.195266,678.6279743589743,9.422616089654172,0.17934143085596574,0.0024901205310925347,-0.008867270133290925,0.014007923827282316,5.710634688638657
3073,327.301775,677.9472894736842,7.780468511940125,0.17916154584399688,0.0020561491839165206,-0.007855345002010666,0.011566661447184785,5.712493621371664
3074,327.408284,676.7955789473684,11.894676019198961,0.1788571825970847,0.003143413324312622,-0.006143180018294047,0.017682957051607565,5.71435255410467
3075,327.514793,672.789947368421,8.210556105692364,0.1777986118838322,0.0021698086960075017,-0.00018829641652448958,0.01220604165699253,5.716211486837676
3076,327.621302,673.0855675675676,8.370820441471883,0.17787673561510772,0.0022121618502832655,-0.0006277736479058236,0.012444295087512111,5.718070419570683
3077,327.727811,671.2622432432432,7.826505657079716,0.1773948845780241,0.002068315448488296,0.0020828311357921517,0.011635101550888972,5.71992935230369
3078,327.83432,667.1774375,8.86168318293301,0.17631539045983086,0.0023418824479209807,0.008155417257965012,0.01317402532661078,5.721788285036697
3079,327.940828,667.4581315789474,8.581842519894725,0.17638956965617003,0.0022679287843273568,0.0077381296130846254,0.012758006393618238,5.72364720031641
3080,328.047337,669.5956315789473,7.899968506338356,0.17695444809168798,0.0020877295207025258,0.00456046250918005,0.011744313471098748,5.725506133049417
3081,328.153846,673.0497105263157,9.03569290454758,0.17786725965283187,0.0023878681037387875,-0.0005744675705120862,0.013432713031001086,5.727365065782424
3082,328.260355,668.9315135135136,8.78571789459596,0.1767789412033598,0.00232180705459724,0.005547758944098379,0.013061093210686934,5.729223998515431
3083,328.366864,670.041054054054,8.567160848087122,0.17707216016227645,0.002264048849917316,0.003898285037139713,0.012736180210912593,5.731082931248438
3084,328.473373,667.8239523809524,9.602446446285184,0.1764862453438035,0.0025376444096948145,0.007194290207959351,0.014275264649995666,5.732941863981443
3085,328.579882,668.5532424242425,9.301859004489025,0.17667897527067716,0.0024582079821588412,0.006110107293448014,0.013828402977180545,5.734800796714451
3086,328.686391,665.9607142857143,6.729196615676892,0.17599384627000905,0.0017783289153480049,0.009964231916487936,0.010003811331622165,5.7366597294474575
3087,328.792899,669.4817272727273,10.750433535655462,0.1769243465308476,0.0028410236616425604,0.004729795827013367,0.015981894268521587,5.738518644727171
3088,328.899408,675.1768048780488,7.841192527988064,0.17842938818130252,0.0020721967568678727,-0.0037366653475427885,0.011656935462722779,5.740377577460178
3089,329.005917,676.2269714285715,7.713268607847599,0.17870691633947447,0.0020383902240611934,-0.005297872225305029,0.011466760195900379,5.742236510193185
3090,329.112426,677.7410588235294,10.273512470488516,0.17910704514363887,0.002714987439346864,-0.007548756766776164,0.015272890114163667,5.7440954429261915
3091,329.218935,678.7799090909091,10.697576797351228,0.17938158274072652,0.002827055179004022,-0.009093140542464984,0.01590331596745535,5.745954375659197
3092,329.325444,677.0930666666667,9.18028108627335,0.17893579985905567,0.0024260785111716037,-0.006585433557208447,0.013647661853776938,5.747813308392204
3093,329.431953,680.6298333333333,7.244045521874408,0.17987046335447499,0.0019143883514467234,-0.01184328950614552,0.01076920007206901,5.749672241125212
3094,329.538462,671.9522000000001,8.690482460715277,0.1775772198731501,0.0022966391280960083,0.0010571221818447478,0.012919513559052461,5.7515311738582175
3095,329.64497,674.9114285714286,8.997897746731034,0.17835925702204772,0.002377879954210106,-0.003342149530138016,0.013376525695478017,5.753390089137931
3096,329.751479,670.7128857142858,8.40667935342252,0.1772497055270311,0.002221638306929837,0.0028995213571023906,0.012497603945938955,5.755249021870938
3097,329.857988,672.6953157894736,8.76741029934389,0.1777736035384444,0.0023169688951754416,-4.7614472472282776e-05,0.013033876629080314,5.757107954603945
3098,329.964497,671.4741515151516,8.016658581982622,0.17745088570696393,0.0021185672785366404,0.0017678023897391936,0.01191778819143883,5.758966887336952
3099,330.071006,674.6993333333334,8.037438373273325,0.17830320648343906,0.0021240587667212835,-0.0030268428349379973,0.011948680008613329,5.760825820069959
3100,330.177515,671.9572424242424,8.880325792975963,0.1775785524376962,0.0023468091419069593,0.0010496259733585934,0.013201739950547358,5.762684752802966
3101,330.284024,672.8828571428572,7.387550769323886,0.17782316520688615,0.0019523125711743898,-0.00032641867797794747,0.010982538974552257,5.764543685535971
3102,330.390533,670.4587380952381,6.160871256328125,0.17718254177992548,0.0016281372241881938,0.0032773442944512973,0.009158923004736889,5.7664026182689785
3103,330.497041,669.8069512195121,9.037331945743787,0.17701029366266177,0.002388301254160617,0.0042463088388961685,0.013435149675347802,5.768261533548693
3104,330.60355,671.4486341463414,8.943837741026178,0.1774441422162636,0.0023635934833578804,0.001805737221760685,0.013296158583541155,5.770120466281699
3105,330.710059,669.4927142857143,8.548085155098482,0.1769272500755059,0.0022590077048357535,0.0047134622271354735,0.012707821753792512,5.771979399014706
3106,330.816568,664.5813939393939,5.085036301120409,0.17562933243641488,0.0013438256609726207,0.012014768005493063,0.007559556760809775,5.773838331747712
3107,330.923077,669.1171707317073,8.615628331417394,0.1768280049502398,0.0022768573814527992,0.005271755746504518,0.012808233323140718,5.775697264480718
3108,331.029586,664.139243902439,6.992737710584061,0.17551248517506318,0.0018479750820782428,0.012672080579725504,0.01039559887211975,5.777556197213726
3109,331.136095,667.1172564102565,8.295465513786334,0.17629948636634682,0.002192247757343111,0.008244884144119575,0.012332270350752617,5.779415129946733
3110,331.242604,664.4176874999999,10.022453644716144,0.17558606963530654,0.002648639969533858,0.012258138563228497,0.01489965906302829,5.7812740626797385
3111,331.349112,664.3485161290323,10.854217757384966,0.1755677896746914,0.00286845078154994,0.012360970652143663,0.016136182786553974,5.783132977959452
3112,331.455621,665.415675,7.709331589595395,0.17584980840380549,0.002037349785833876,0.010774502516979161,0.011460907314783457,5.784991910692459
3113,331.56213,664.9943170731707,8.688345436384957,0.17573845588614448,0.002296074375366003,0.01140090496051355,0.012916336599092347,5.7868508434254675
3114,331.668639,665.9087878787878,8.247829258953436,0.17598012364661414,0.0021796588950722617,0.01004142716098576,0.012261452965987357,5.788709776158473
3115,331.775148,665.42665,7.071169817810016,0.17585270877378437,0.0018687023831421904,0.010758186775942747,0.010512198229790808,5.79056870889148
3116,331.881657,666.3476153846154,9.080053511363845,0.17609609286062775,0.0023995913084999564,0.009389053954175644,0.01349866074608377,5.792427641624487
3117,331.988166,667.737075,9.888338890828523,0.17646328620507398,0.002613197381297176,0.007323444545047424,0.014700280330126795,5.794286574357492
3118,332.094675,667.2080512820513,9.060644432026695,0.1763234807827831,0.002394462059203668,0.00810990595590635,0.013469806667521593,5.7961455070904995
3119,332.201183,668.0973658536585,9.277286305154378,0.17655850048986746,0.002451714139839952,0.00678782611533588,0.013791872517143141,5.798004422370214
3120,332.307692,672.8912727272727,9.745532830073769,0.1778253891985393,0.002575457936066008,-0.00033892952043761956,0.01448798085808069,5.79986335510322
3121,332.414201,672.0323043478261,8.554136131054785,0.17759838909826273,0.0022606067999616166,0.0009380368246673141,0.01271681730337977,5.801722287836227
3122,332.52071,673.5923333333333,8.171639648299882,0.1780106589147287,0.0021595242199523978,-0.001381145766389516,0.01214818736625256,5.803581220569233
3123,332.627219,672.0884782608696,6.988969457584674,0.17761323421270336,0.0018469792435477442,0.0008545271191347608,0.010389996882133615,5.80544015330224
3124,332.733728,675.7644,10.58800382373509,0.17858467230443972,0.0027980982620864356,-0.0046102006408477005,0.015740421729449724,5.807299086035247
3125,332.840237,671.9364,6.904638107822909,0.177573044397463,0.0018246929460419864,0.0010806109024256226,0.010264627546009236,5.809158018768254
3126,332.946746,670.45,9.78793264456519,0.17718023255813953,0.00258666296103732,0.003290334590492879,0.014551013604616891,5.81101695150126
3127,333.053254,667.1526521739131,8.35860710236457,0.1763088404265098,0.0022089342236692833,0.008192263814861411,0.012426138397027846,5.812875866780973
3128,333.159763,669.5944242424242,8.476207963434694,0.1769541290281248,0.0022400126753262957,0.004562257369321777,0.01260096711637915,5.814734799513982
3129,333.266272,671.0701666666666,11.822725017549033,0.17734412438336855,0.0031243987889928737,0.002368377530560813,0.01757599268621061,5.8165937322469885
3130,333.372781,668.2248333333333,7.210350933186934,0.17659218639887245,0.0019054838618358758,0.006598329405637505,0.010719108756957136,5.818452664979994
3131,333.47929,667.0925161290322,8.57380418822736,0.17629294823705927,0.002265804489489253,0.008281663736066874,0.01274605638561369,5.820311597713001
3132,333.585799,669.1944545454545,9.008333880766145,0.17684842879108206,0.0023806379177500384,0.005156863473938979,0.01339204034334484,5.822170530446008
3133,333.692308,669.6134782608696,8.373979720048213,0.17695916444526152,0.002212996754769612,0.004533931134182152,0.012448991759139745,5.824029463179015
3134,333.798817,676.5593142857143,10.114955109584411,0.17879474479009363,0.0026730853883679714,-0.005791942384070191,0.01503717432009255,5.8258883959120205
3135,333.905325,679.3037391304348,9.410449004925754,0.17952001562643627,0.0024869051281516254,-0.009871880886155218,0.013989835899847536,5.827747311191735
3136,334.011834,675.9504347826087,6.7618366441649265,0.17863383583049913,0.001786954715688406,-0.004886765136229058,0.010052334908135384,5.829606243924742
3137,334.118343,675.0160303030302,8.047644063190356,0.17838690018579023,0.0021267558306528444,-0.003497653381142588,0.011963852071828287,5.831465176657748
3138,334.224852,676.9463548387097,6.632774002624582,0.17889702823433132,0.0017528472522792165,-0.006367327662727739,0.009860466786326816,5.833324109390754
3139,334.331361,676.0044516129032,8.04470419526084,0.1786481108913592,0.002125978909952656,-0.0049670680623970734,0.011959481582186437,5.835183042123761
3140,334.43787,675.4845,8.131864516587122,0.17851070295983087,0.0021490128215082335,-0.004194093495873228,0.012089056546324124,5.837041974856768
3141,334.544379,675.7213333333333,8.79255900842677,0.17857329105003525,0.0023236149599436483,-0.004546176533272723,0.013071263401271363,5.838900907589775
3142,334.650888,673.4182903225807,8.11533230041979,0.17796466446156994,0.002144643842605649,-0.001122408573438276,0.012064479292771076,5.840759840322781
3143,334.757396,674.272375,7.970188481804131,0.17819037394291753,0.0021062865966712868,-0.002392114670928049,0.01184870444470093,5.842618755602496
3144,334.863905,673.87868,5.6909077536013735,0.17808633192389006,0.0015039396811842908,-0.0018068367057950889,0.008460262156713224,5.844477688335503
3145,334.970414,672.6299166666666,7.781812708889352,0.1777563204721635,0.0020565044156684357,4.960968713851342e-05,0.011568659767852266,5.8463366210685095
3146,335.076923,675.2956363636364,5.481045257397229,0.17846079185085528,0.0014484791906440838,-0.0039133235476175535,0.00814827471786822,5.848195553801516
3147,335.183432,674.8177826086957,6.917541135380666,0.17833450914606122,0.001828102837045633,-0.0032029328306339916,0.010283809546575852,5.850054486534522
3148,335.289941,674.4297391304348,11.357512932845921,0.17823196065814872,0.00300145690614322,-0.0026260565753103726,0.016884395428713592,5.851913419267529
3149,335.39645,676.2025652173913,10.937595767169665,0.17870046649508226,0.00289048513931545,-0.005261589271200693,0.01626013486088466,5.853772352000536
3150,335.502959,677.8033913043479,12.753022635435125,0.17912351778656127,0.0033702491108443806,-0.007641421970893801,0.018958999066186012,5.855631284733541
3151,335.609467,680.1718823529412,7.737255204977525,0.17974944036811344,0.0020447291767911,-0.011162486808792069,0.011502419340056844,5.857490200013256
3152,335.715976,676.0739130434783,7.107828928934913,0.1786664675062046,0.0018783903089151473,-0.005070331362012731,0.010566696686623519,5.859349132746263
3153,335.822485,686.5755,8.06585122600213,0.18144172832980973,0.0021315674487320667,-0.020682283366940203,0.01199091934776858,5.861208065479269
3154,335.928994,689.29124,7.274386172729622,0.18215941860465115,0.001922406493850329,-0.02471957817899063,0.010814305329675424,5.863066998212275
3155,336.035503,692.3918260869566,14.992417700752409,0.18297881239084476,0.00396205541774641,-0.029328995915292835,0.022288146215521668,5.864925930945282
3156,336.142012,690.9964838709677,7.727492788181538,0.18261006444793015,0.0020421492569190148,-0.027254641268070888,0.011487906259024249,5.866784863678291
3157,336.248521,704.1859999999999,10.978140547242047,0.18609566596194504,0.0029011999332035033,-0.04686254373340173,0.016320409861526088,5.868643796411296
3158,336.35503,705.4130869565217,11.435389109383367,0.18641994898428166,0.0030220372910632633,-0.048686765420124276,0.017000168324321028,5.870502729144302
3159,336.461538,695.6155,9.878287555657522,0.18383073467230443,0.002610541108788985,-0.03412139944614364,0.014685337734981445,5.872361644424017
3160,336.568047,694.1808260869565,7.0243980373097585,0.18345159251769463,0.0018563419760332341,-0.03198857320132102,0.010442665996674197,5.874220577157024
3161,336.674556,692.1993333333334,10.094930086398605,0.18292794221282593,0.002667793363213158,-0.029042830820121643,0.015007404562229413,5.8760795098900305
3162,336.781065,691.07056,11.686623871189951,0.18262964059196615,0.0030884312555998755,-0.027364764907093317,0.017373660926870746,5.877938442623037
3163,336.887574,689.89632,10.848132587838956,0.18231932346723045,0.0028668426500631497,-0.025619106979566354,0.016127136403822705,5.879797375356043
3164,336.994083,684.1375,6.966574694047414,0.18079743657505284,0.0018410609656573527,-0.017057884583632894,0.010356704202184095,5.88165630808905
3165,337.100592,687.06475,7.428355229750032,0.1815710227272727,0.001963095990948745,-0.021409616059611655,0.01104320002324874,5.883515240822057
3166,337.207101,688.7879696969698,7.150887796651763,0.1820264190531104,0.0018897695022864112,-0.023971402512879988,0.010630709200062214,5.885374173555063
3167,337.313609,686.5940434782609,8.979873746218482,0.18144662882617887,0.002373116740543994,-0.020709850618805224,0.013349730713719176,5.887233088834777
3168,337.420118,684.2785217391304,6.991138780104966,0.1808347044765144,0.0018475525317402197,-0.0172675314333967,0.010393221857483577,5.889092021567784
3169,337.526627,687.01234375,9.50706934800107,0.18155717329545454,0.002512439045454827,-0.021331707467020348,0.01413347439610876,5.8909509543007905
3170,337.633136,685.8827666666667,9.470693958054312,0.1812586592670895,0.002502826098851567,-0.019652446676829548,0.014079397727090987,5.892809887033796
3171,337.739645,687.3873225806452,8.411907906403071,0.1816562691809316,0.002223020059831678,-0.021889161452892502,0.012505376858597336,5.894668819766803
3172,337.846154,686.6998387096775,9.223367772842973,0.1814745873968492,0.0024374650562481435,-0.02086712875991511,0.013711715723497886,5.896527752499812
3173,337.952663,687.0518333333333,8.516263447160972,0.18156760923185342,0.002250598162568964,-0.02139041378276549,0.012660514715428435,5.898386685232817
3174,338.059172,684.3424166666667,6.629963078896883,0.18085159002818885,0.0017521044077423065,-0.017362519414373685,0.009856287988731033,5.900245617965823
3175,338.16568,683.1596451612903,5.941170258169617,0.1805390182772966,0.0015700767067044366,-0.015604178313054351,0.008832309374541186,5.902104533245538
3176,338.272189,680.7335652173913,10.338055408081019,0.1798978766430738,0.002732044241036214,-0.01199750021753594,0.015368841444959933,5.903963465978545
3177,338.378698,676.2179333333333,9.384011093851273,0.1787045278365046,0.002479918365182695,-0.005284435940898004,0.013950532564026582,5.9058223987115515
3178,338.485207,671.1813333333333,6.622290256255389,0.17737350246652575,0.0017500767061985696,0.002203114064026349,0.00984488135663654,5.907681331444558
3179,338.591716,671.9014193548387,11.063694038834697,0.17756380004091932,0.0029238092068802155,0.0011326141049530585,0.016447596067775478,5.909540264177565
3180,338.698225,668.7144516129033,8.326490608648628,0.1767215781218032,0.0022004467781841,0.005870449218287977,0.012378393121905558,5.911399196910571
3181,338.804734,664.8577916666667,6.468901022041619,0.17570237623326287,0.0017095404392287546,0.011603867436815386,0.009616848643815816,5.9132581296435776
3182,338.911243,667.9410454545455,8.720992295426173,0.1765171896021526,0.0023047019808208704,0.00702021637963102,0.012964870330096375,5.915117062376584
3183,339.017751,665.8177741935483,10.781690005775767,0.17595607140421468,0.002849283828164846,0.010176730643367334,0.016028361008584985,5.916975977656298
3184,339.12426,665.5230869565218,12.108145665073565,0.1758781942274106,0.0031998270785078176,0.010614820907245748,0.01800030697973757,5.918834910389305
3185,339.230769,664.5633913043479,8.660399280839021,0.1756245748690137,0.00228868902770587,0.012041531224753736,0.012874791064982922,5.9206938431223115
3186,339.337278,668.278652173913,6.988590705953228,0.17660640913686917,0.001846879150621892,0.0065183208165005,0.010389433819396887,5.922552775855318
3187,339.443787,667.3709600000001,7.458835551880703,0.17636653276955602,0.001971151044365941,0.007867721313115725,0.011088512920067985,5.924411708588325
3188,339.550296,667.70325,6.787236539846402,0.17645434725158562,0.0017936671616930354,0.0073737297332530675,0.010090095101328203,5.926270641321333
3189,339.656805,667.2955652173913,8.61431586386125,0.1763466081441309,0.002276510534847051,0.007979805299315346,0.012806282172273772,5.928129574054339
3190,339.763314,666.133,10.835850062669095,0.17603937632135308,0.002863596739605969,0.00970810716946647,0.01610887685940854,5.929988506787344
3191,339.869822,664.4422424242424,7.618346781907067,0.17559255878019092,0.002013305174922591,0.012221634528138885,0.011325646762574694,5.931847422067059
3192,339.976331,666.9520294117647,8.707880406903111,0.17625582172615345,0.0023012368940018755,0.008490515207410341,0.012945377830994687,5.933706354800067
3193,340.08284,670.162375,10.49173531803463,0.1771042217230444,0.0027726573250620107,0.003717925935877931,0.01559730628444094,5.935565287533072
3194,340.189349,668.3919999999999,8.368330880604121,0.17663636363636365,0.0022115039325063786,0.006349814777550478,0.01244059403690505,5.937424220266079
3195,340.295858,669.9936,14.898953250897007,0.17705961945031712,0.003937355510279324,0.0039688315571464695,0.022149199358122762,5.939283152999086
3196,340.402367,672.81421875,10.00413482494942,0.17780502609672305,0.002643798843802699,-0.00022437892918401192,0.014872425794745259,5.941142085732093
3197,340.508876,673.3974800000001,7.746403553262652,0.17795916490486255,0.0020471468164013325,-0.0010914713675967747,0.01151601952971799,5.9430010184650985
3198,340.615385,676.5449677419355,7.5174356553453805,0.17879095342017323,0.0019866373296367275,-0.0057706144120371426,0.01117562946793465,5.944859951198105
3199,340.721893,678.0452608695653,9.65197090668011,0.17918743680485338,0.0025507322692072173,-0.008000992011046789,0.01434888909380181,5.94671886647782
3200,340.828402,680.6059130434783,6.66970374776903,0.17986414192480926,0.0017626066986704517,-0.011807728936232867,0.009915367575239586,5.948577799210826
3201,340.934911,678.8368333333333,7.548197830509343,0.17939662614517266,0.001994766868527832,-0.009177765708577836,0.011221361375332577,5.9504367319438325
3202,341.04142,679.9044347826086,8.107401925659643,0.17967876183472745,0.002142548077605605,-0.010764891792995692,0.012052689776515198,5.952295664676839
3203,341.147929,676.871875,6.557320532390986,0.17887734540169134,0.0017329071174394678,-0.006256603857641476,0.009748295553467496,5.954154597409846
3204,341.254438,678.2608260869565,8.106354222865008,0.1792444043570181,0.002142271200545722,-0.008321457274228254,0.012051132232325639,5.956013530142854
3205,341.360947,676.8926956521739,7.444831724301201,0.17888284768820661,0.0019674502442656493,-0.0062875564197443215,0.011067694439493408,5.95787246287586
3206,341.467456,673.7779565217392,8.257811098250398,0.1780597136685357,0.002182296801863213,-0.0016570983743516494,0.012276292246628472,5.959731395608867
3207,341.573964,673.4966363636363,9.9070547269931,0.1779853690178743,0.0026181434267952223,-0.0012388799827406554,0.014728103814057682,5.961590310888581
3208,341.680473,673.2255652173914,10.150883798629591,0.1779137328798603,0.002682580285050099,-0.0008358980579497154,0.015090586911093874,5.963449243621588
3209,341.786982,673.7917878787879,10.02179011815498,0.17806336888974308,0.0026484646189627323,-0.0016776604554258221,0.014898672645940116,5.965308176354594
3210,341.893491,669.7956333333333,7.842035628072207,0.17700730267794224,0.00207241956344403,0.004263134324087437,0.011658188838817628,5.9671671090876
3211,342.0,671.4511290322581,9.441540837320767,0.1774448015412944,0.002495121785761304,0.0018020282547875082,0.014036057884877592,5.969026041820607
3212,342.106509,670.9309565217392,6.866782126349386,0.17730733523301773,0.0018146887226081854,0.0025753312138665505,0.010208349788341637,5.970884974553614
3213,342.213018,670.0111935483872,7.480530655951057,0.17706426890813612,0.0019768844228200476,0.003942676497520443,0.011120765466744037,5.9727439072866195
3214,342.319527,668.566696969697,8.968481130063376,0.17668253091165353,0.0023701060068877853,0.006090105390997096,0.013332794132861439,5.974602840019626
3215,342.426036,667.0431818181818,7.258877781958368,0.17627991062848355,0.0019183080819128986,0.008355005498257878,0.0107912501235055,5.976461772752634
3216,342.532544,665.5867391304348,8.30301519283751,0.17589501562643625,0.0021942429156547273,0.010520193810574157,0.012343493914151836,5.978320688032347
3217,342.639053,668.006652173913,8.06749464100277,0.17653452753010387,0.002132001755021878,0.00692268360118448,0.011993362494334976,5.9801796207653535
3218,342.745562,672.7194782608696,10.088708142678266,0.17777998896957442,0.002666149086331463,-8.353507621672783e-05,0.01499815484719668,5.98203855349836
3219,342.852071,669.2514848484848,7.185506954632757,0.1768635002242296,0.0018989183283913192,0.0050720806351716744,0.010682175005667384,5.983897486231367
3220,342.95858,671.5825806451613,8.673274701726765,0.17747954033963037,0.0022920916230778888,0.0016066086215347159,0.012893932024703998,5.985756418964375
3221,343.065089,674.449,8.130083601968728,0.17823705073995771,0.0021485421781101198,-0.00265469032109278,0.012086408988991777,5.987615351697381
3222,343.171598,669.6558125,11.995113984956411,0.17697035214059198,0.0031699561271026425,0.004470995873806203,0.01783227093220194,5.989474284430388
3223,343.278107,670.3538387096775,7.123585071655876,0.17715481995498875,0.0018825541944122246,0.0034332906461312894,0.010590120207750424,5.991333217163393
3224,343.384615,672.1107878787878,8.60809198791163,0.17761912998910884,0.002274865747333939,0.0008213610190366348,0.012797029584735116,5.9931921324431086
3225,343.491124,671.9058125,8.204037697643448,0.17756496102008457,0.00216808607231592,0.0011260831328540307,0.012196351209822027,5.995051065176115
3226,343.597633,672.1675,7.113356850138997,0.17763411733615223,0.0018798511760409608,0.000737051198232699,0.01057491464843086,5.996909997909121
3227,343.704142,667.6703939393939,7.893195752273741,0.17644566436030495,0.0020859396808334397,0.007422574469136973,0.011734244906048914,5.998768930642128
3228,343.810651,673.363,13.214949454723943,0.17795005285412263,0.003492322794588778,-0.0010402124381265474,0.01964571235650902,6.000627863375135
3229,343.91716,668.8728387096775,7.230866965524817,0.17676343517697607,0.0019109056462803403,0.005634986543620252,0.01074960846271744,6.002486796108141
3230,344.023669,665.9783235294117,7.3352712359038375,0.17599849987563737,0.0019384966268244795,0.009938053523775867,0.010904818762362139,6.004345728841148
3231,344.130178,667.2909565217392,7.366694642278092,0.17634539020130527,0.0019468009096929623,0.007986656714784742,0.010951533674515698,6.006204661574155
3232,344.236686,668.1123913043477,9.696231300398631,0.17656247127493338,0.0025624289905916055,0.006765488861358462,0.014414687829299,6.0080635768538695
3233,344.343195,665.8164838709678,10.245099055551579,0.1759557304098752,0.0027074786087610096,0.010178648872896177,0.015230649939214112,6.0099225095868745
3234,344.449704,668.0782173913044,6.709786712207776,0.17655344011398108,0.0017731994482578716,0.006816292753423941,0.00997495602788245,6.011781442319881
3235,344.556213,661.7601212121211,12.175183062683246,0.17488375296303413,0.0032175430926752687,0.016208950712673278,0.018099966644353028,6.01364037505289
3236,344.662722,659.9789677419354,5.416447381103065,0.17441304644342903,0.0014314078702703666,0.01885686312868014,0.008052241713666084,6.015499307785896
3237,344.769231,660.1942580645161,9.369079915579546,0.1744699413489736,0.0024759724935463955,0.018536806531789605,0.01392833545805389,6.017358240518902
3238,344.87574,662.9132173913043,9.8529789263613,0.17518848239727913,0.002603852781807954,0.014494725778765306,0.014647713220941912,6.019217173251909
3239,344.982249,665.1078,8.270148142775199,0.17576844608879494,0.002185557120183721,0.011232198077032789,0.012294632841035914,6.021076105984916
3240,345.088757,663.9665806451613,8.315478341719896,0.1754668553502012,0.0021975365596511366,0.012928766592686656,0.012362021978813701,6.0229350212646295
3241,345.195266,669.6018636363636,8.961741695597704,0.17695609504132231,0.0023683249724095433,0.0045511977588449685,0.013322775101656536,6.024793953997636
3242,345.301775,671.5148666666666,7.4186548247997255,0.17746164552501761,0.0019605324589851234,0.0017072741101601813,0.011028779130755078,6.026652886730643
3243,345.408284,671.3324,9.294104973430349,0.17741342494714588,0.0024561588196169008,0.0019785341448856817,0.013816875618388551,6.028511819463649
3244,345.514793,668.9007916666666,7.819877915088187,0.1767708223220578,0.002066563931048672,0.0055934308982955585,0.01162524856483069,6.030370752196656
3245,345.621302,666.9934347826087,7.133970651531802,0.17626676394889235,0.001885298797973518,0.008428960828530358,0.010605559700394519,6.032229684929662
3246,345.727811,668.677129032258,9.648441241091513,0.17671171486053333,0.0025497994823180546,0.005925934007410311,0.014343641794513574,6.034088617662669
3247,345.83432,668.0118064516129,8.925863067212244,0.17653588965423173,0.002358843305288651,0.006915021108229527,0.013269436932227895,6.035947550395676
3248,345.940828,666.955,11.233123059357395,0.1762566067653277,0.002968584318011988,0.008486099048105263,0.016699473974190356,6.03780646567539
3249,346.047337,670.4176875,9.104779671520637,0.1771716933139535,0.0024061257060043976,0.003338371254022668,0.013535419345258586,6.039665398408397
3250,346.153846,672.2197391304347,9.171627620089076,0.17764792260318044,0.002423791654357583,0.0006593910502471328,0.013634797369646637,6.041524331141402
3251,346.260355,673.9571935483871,7.260245365088576,0.17810708074745957,0.001918669493945185,-0.0019235571361672426,0.010793283210721687,6.043383263874411
3252,346.366864,672.9047272727273,6.999917107869584,0.17782894483951567,0.0018498723858006343,-0.0003589314228885658,0.010406271964320958,6.0452421966074175
3253,346.473373,674.7253125,6.612296631118682,0.17831007201374208,0.0017474356847565172,-0.003065464188530282,0.009830024554837323,6.047101129340423
3254,346.579882,675.6859333333334,8.664353440801355,0.1785639358703312,0.002289733995983449,-0.0044935499061484205,0.012880669429444158,6.04896006207343
3255,346.686391,672.5326538461538,12.689233180747559,0.17773061676695395,0.0033533914325442876,0.00019420330827372656,0.018864167884086992,6.050818994806437
3256,346.792899,669.9078064516129,6.949151470596272,0.17703694673668416,0.0018364565197136007,0.004096374638520483,0.010330802352357366,6.0526779100861505
3257,346.899408,669.8175000000001,9.298362619789097,0.17701308139534885,0.002457283990430526,0.0042306267276716525,0.013823205154189343,6.054536842819157
3258,347.005917,670.4987419354838,7.337599130359319,0.17719311361931392,0.0019391118209194705,0.0032178734700401214,0.010908279475172662,6.056395775552164
3259,347.112426,670.7820624999999,10.406808292395766,0.17726798691860465,0.002750213607927003,0.0027966812184740397,0.015471051399947318,6.058254708285171
3260,347.218935,666.3835652173913,6.43478320483922,0.17610559334497655,0.0017005241027587823,0.00933560993031464,0.009566128145391888,6.060113641018177
3261,347.325444,669.75190625,9.308981356418819,0.17699574689482028,0.00246009021047008,0.004328140225494708,0.013838991264165166,6.061972573751183
3262,347.431953,668.0375806451614,6.879634616141551,0.17654270101616312,0.001818085257965523,0.006876704473390516,0.010227456658056664,6.06383150648419
3263,347.538462,673.6854375,6.76512274374256,0.17803526360993657,0.0017878231352385307,-0.0015195570167535403,0.010057220115399982,6.065690439217197
3264,347.64497,672.9537391304348,8.708501824066122,0.1778418972332016,0.002301401116296545,-0.0004317938172457263,0.012946301647077378,6.067549354496911
3265,347.751479,672.5325161290323,7.027510587545519,0.1777305803723658,0.0018571645315923712,0.0001944080423869237,0.01044729320064773,6.069408287229918
3266,347.857988,675.6249090909091,7.3141577751801155,0.17854780895637132,0.0019329169596141902,-0.0044028295657076175,0.010873430902904154,6.071267219962925
3267,347.964497,676.5253913043479,10.538672638254058,0.17878577994300945,0.0027850614794540304,-0.0057415115340329545,0.01566708461352005,6.073126152695932
3268,348.071006,673.55409375,8.279099297899224,0.1780005533165962,0.0021879226474363733,-0.0013242977355004545,0.012307939877845082,6.0749850854289384
3269,348.177515,676.4277419354838,9.393866211408874,0.1787599740844302,0.002482522783141885,-0.0055963432593400635,0.01396518345659636,6.076844018161945
3270,348.284024,669.05759375,8.228140156957725,0.17681226050475687,0.0021744556440163143,0.005360324548806862,0.012232182597932545,6.078702950894951
3271,348.390533,673.56209375,8.751187142912809,0.17800266748150106,0.0023126815916788656,-0.0013361907585794043,0.01300975883234931,6.080561883627958
3272,348.497041,669.90325,6.812834406116225,0.17703574260042285,0.001800431925506408,0.0041031483865442645,0.010128149603118057,6.082420798907672
3273,348.60355,668.966,8.98578409807082,0.17678805496828753,0.0023746786728516957,0.005496490371636429,0.013358517207592272,6.084279731640678
3274,348.710059,667.0576666666667,7.483533615943232,0.17628373854827342,0.001977678016898317,0.008333471918592192,0.011125229750805554,6.086138664373685
3275,348.816568,669.44915625,10.177130646729733,0.1769157389667019,0.002689516555689664,0.004778216817638364,0.015129606207369382,6.087997597106692
3276,348.923077,672.37221875,7.998788701581022,0.17768821848572938,0.0021138447942867385,0.00043271059592748433,0.011891222328934543,6.089856529839698
3277,349.029586,672.2985454545454,7.948837128359213,0.17766874879876993,0.0021006440614057065,0.0005422353713203043,0.01181696292728999,6.091715462572704
3278,349.136095,674.1513913043478,8.026162938897938,0.1781584015074915,0.0021210790007658506,-0.002212256935357157,0.0119319176334569,6.093574395305711
3279,349.242604,672.7332903225806,7.63897040703589,0.1777836390915911,0.002018755392979879,-0.00010406847230391621,0.011356306418778215,6.095433328038718
3280,349.349112,674.9736086956522,9.90286815541628,0.1783756894015994,0.0026170370389577784,-0.003434588236693392,0.014721879940009546,6.097292243318432
3281,349.455621,676.729652173913,6.466345255585025,0.1788397600882434,0.0017088650252603155,-0.006045171438515922,0.009613049170134247,6.099151176051439
3282,349.56213,681.5233939393939,9.584832575283317,0.18010660516368762,0.0025329895812059473,-0.013171681619934416,0.014249079378203841,6.101010108784446
3283,349.668639,685.1600967741936,8.497321340104154,0.18106767885153108,0.002245592320323504,-0.01857810546312472,0.012632354850879638,6.102869041517453
3284,349.775148,684.1271875,7.666392053958669,0.18079471128435518,0.0020260021284245946,-0.0170425537335702,0.011397072203742581,6.104727974250459
3285,349.881657,692.0817391304347,9.777886893939415,0.182896865520728,0.002584008164360311,-0.02886801199899389,0.014536079311612144,6.106586906983466
3286,349.988166,691.4690869565218,7.305671557166095,0.18273495955510616,0.001930674301576668,-0.02795722619352998,0.010860815054567515,6.108445839716472
3287,350.094675,692.82153125,7.303457391534472,0.18309237083773786,0.0019300891626676735,-0.02996780759294485,0.010857523414197826,6.110304772449479
3288,350.201183,700.0613,11.446745832256255,0.1850056289640592,0.0030250385391797727,-0.040730649696688194,0.017017051545224555,6.112163687729193
3289,350.307692,699.1058636363637,8.929119064400133,0.18475313521045553,0.0023597037696617617,-0.03931027135628984,0.01327427738844046,6.114022620462199
3290,350.414201,703.979303030303,11.36445125568332,0.1860410420270357,0.003003290500973408,-0.04655526225453256,0.01689471013291792,6.115881553195206
3291,350.52071,694.9388064516129,11.13784712117309,0.18365190445338608,0.0029434056874136057,-0.033115407947601344,0.016557834107728642,6.117740485928213
3292,350.627219,690.20925,7.859124711175319,0.18240202167019026,0.002076935705913142,-0.026084317443577962,0.01168359394628554,6.1195994186612195
3293,350.733728,687.9867741935484,7.100286833218673,0.181814686626202,0.0018763971546561042,-0.022780322936263284,0.01055548439682141,6.121458351394225
3294,350.840237,685.7292173913044,6.991063763226735,0.18121808070594725,0.0018475327069838068,-0.019424176042374737,0.010393110335300541,6.123317284127234
3295,350.946746,686.8706875,9.68519113151787,0.1815197377114165,0.0025595113983926687,-0.021121117335704567,0.014398275206387192,6.125176216860241
3296,351.053254,687.9207727272727,8.365304770196259,0.18179724437824332,0.002210704220453563,-0.02268220331605575,0.01243609533679003,6.1270351321399525
3297,351.159763,690.6303636363637,11.323658609351295,0.18251330962906015,0.0029925102033169504,-0.026710356718094148,0.01683406664738316,6.12889406487296
3298,351.266272,686.5261212121212,5.2226465618351305,0.18142867896726247,0.001380192008941624,-0.020608875483958615,0.00776413201163219,6.130752997605967
3299,351.372781,685.507875,8.023655681794926,0.1811595864164905,0.002120416406394006,-0.019095122271358383,0.011928190275132977,6.132611930338974
3300,351.47929,684.8352258064516,8.17946413366906,0.18098182500170498,0.002161592001498163,-0.018095143223495622,0.01215981946438714,6.13447086307198
3301,351.585799,687.3248181818182,9.605261629227462,0.18163975110513167,0.0025383883798169807,-0.02179624067066942,0.014279449779458667,6.136329795804987
3302,351.692308,687.245935483871,7.495084517804467,0.18161890472618153,0.0019807305808151334,-0.02167897145226749,0.011142401643607837,6.138188728537994
3303,351.798817,684.89328125,8.077055868259917,0.18099716734936575,0.0021345285064111874,-0.01818145006474301,0.012007576481388992,6.140047661271
3304,351.905325,680.5239615384615,8.773298319244695,0.17984248455033341,0.002318524925804626,-0.011685897543668123,0.013042629923651523,6.141906576550714
3305,352.011834,682.4070909090909,11.026941590270035,0.18034014030367096,0.0029140966147648125,-0.014485410176858983,0.01639295885290213,6.143765509283721
3306,352.118343,681.0843125,7.403452030216021,0.1799905688424947,0.0019565148071395404,-0.012518930908403591,0.011006178232399043,6.145624442016727
3307,352.224852,678.7746176470588,7.887627968571309,0.17938018436761596,0.0020844682792207415,-0.00908527413448596,0.011725967683539942,6.147483374749734
3308,352.331361,678.3691764705882,10.512096865676629,0.17927303817933093,0.002778038283741185,-0.00848253397587126,0.0156275763289446,6.1493423074827405
3309,352.43787,673.5331212121213,7.124314601935298,0.17799501089115255,0.0018827469878264526,-0.0012931193758734224,0.0105912047478067,6.151201240215747
3310,352.544379,672.039606060606,8.668512473095491,0.1776003187263758,0.0022908331059977413,0.0009271818948413293,0.012886852362826681,6.153060172948755
3311,352.650888,668.9464,7.17928702356067,0.17678287526427064,0.0018972745833934126,0.005525628278179849,0.010672928282693684,6.154919105681762
3312,352.757396,666.32409375,8.209989993940614,0.17608987678382665,0.002169659089307779,0.009424021872092549,0.012205200059476406,6.156778020961475
3313,352.863905,662.3823030303031,6.599498539116668,0.1750481773335896,0.0017440535251365375,0.015283997872306531,0.00981099855439407,6.158636953694481
3314,352.970414,662.9569375,8.445269780971294,0.1752000363372093,0.002231836622878253,0.01442973024604888,0.012554973551621926,6.160495886427489
3315,353.076923,663.31052,8.58095504164113,0.17529347780126847,0.0022676942499051667,0.013904084641947706,0.012756687043699259,6.1623548191604955
3316,353.183432,666.3520000000001,8.701686126738633,0.1760972515856237,0.002299599927785057,0.009382535662680448,0.012936169241375535,6.164213751893501
3317,353.289941,663.4578,6.502130413692646,0.17533239957716704,0.0017183219909335714,0.01368513408706441,0.009666248384041417,6.166072684626508
3318,353.39645,665.5639677419355,9.141866558071797,0.17588899781763623,0.0024159266802515314,0.010554046391694383,0.013590553744968453,6.167931617359515
3319,353.502959,667.1967826086957,11.173231712675541,0.17632050280356654,0.0029527567951045317,0.008126658279942267,0.01661043782815083,6.169790550092521
3320,353.609467,665.655347826087,7.516628690677568,0.1759131468885008,0.001986424072589232,0.010418198210473238,0.011174429811757435,6.171649465372235
3321,353.715976,669.3317391304348,12.05148011361484,0.17688470907252504,0.003184852038481726,0.004952772381744881,0.01791606639082762,6.173508398105242
3322,353.822485,669.43996875,9.66938627496471,0.17691331098044397,0.002555334639261285,0.004791875211330599,0.014374779265918933,6.175367330838248
3323,353.928994,667.4589687499999,7.2490829919927515,0.1763897908958774,0.0019157196067634149,0.007736885051253393,0.010776688915616136,6.177226263571255
3324,354.035503,672.2315454545454,9.254274543052084,0.17765104266769172,0.002445632807360483,0.0006418394396064325,0.01375766258992192,6.1790851963042615
3325,354.142012,668.6345454545454,7.095498714373908,0.17670046127234287,0.0018751317955533577,0.005989239941475311,0.01054836624583071,6.180944129037268
3326,354.248521,670.2689677419355,8.522464543717659,0.17713239105230852,0.002252236930157941,0.0035594621933921515,0.012669733438486427,6.182803061770276
3327,354.35503,671.5369677419355,7.646666770490568,0.17746748618972927,0.002020789315668746,0.0016744180353799648,0.01136774804730202,6.184661994503283
3328,354.461538,674.4367741935484,9.34811843709624,0.17823381981859102,0.002470432990775959,-0.002636515096306833,0.013897173539632539,6.186520909782996
3329,354.568047,675.201625,8.517415656626236,0.17843594741014798,0.0022509026576707798,-0.003773563632941307,0.012662227622148766,6.188379842516001
3330,354.674556,677.2997272727273,10.42770226449939,0.17899041418412454,0.002755735270745076,-0.006892660976881806,0.015502112961502171,6.19023877524901
3331,354.781065,681.1674375,9.048929806398608,0.1800125363372093,0.002391366227906612,-0.012642506851333207,0.013452391378402082,6.1920977079820165
3332,354.887574,677.6039999999999,7.680554424432298,0.1790708245243129,0.0020297448267527214,-0.007345001297850173,0.01141812637860457,6.193956640715022
3333,354.994083,674.9134838709678,8.904882061247692,0.17835980017731706,0.0023532986419787802,-0.0033452049957447103,0.013238245983708437,6.195815573448029
3334,355.100592,676.34221875,9.253520427677428,0.17873737281976745,0.0024454335168280685,-0.005469202106997039,0.013756541500977547,6.197674506181036
3335,355.207101,676.2183043478261,7.020876502097687,0.17870462588473204,0.0018554113377636592,-0.0052849875013886135,0.010437430784230364,6.199533438914043
3336,355.313609,676.1597307692307,9.902976451785364,0.17868914660920476,0.0026170656585056446,-0.005197910386132326,0.01472204093641168,6.201392354193756
3337,355.420118,673.1990322580644,7.3754024273656755,0.17790672099843144,0.001949102121396845,-0.000796453420746472,0.010964478910642244,6.203251286926763
3338,355.526627,672.2699032258065,8.187751821490584,0.1776611794994203,0.00216378219384001,0.0005848157072484472,0.012172140172203702,6.205110219659771
3339,355.633136,669.365,7.994644469893584,0.17689349894291756,0.0021127495956378252,0.004903325845574299,0.011885061398546629,6.206969152392776
3340,355.739645,665.5601935483871,10.4037201276574,0.1758880004091932,0.0027493974967382176,0.010559657213066285,0.015466460448134187,6.208828085125782
3341,355.846154,666.879,7.190897320631258,0.1762365221987315,0.001900342843718632,0.008599082767355213,0.010690188474070435,6.210687017858789
3342,355.952663,666.8883043478261,10.626139915043042,0.17623898106443608,0.00280817651031793,0.008585250664426424,0.015797115906208022,6.212545950591797
3343,356.059172,665.8326774193548,8.05843790647251,0.17596000988883584,0.0021296083262348125,0.010154575092308972,0.011979898500236452,6.214404883324804
3344,356.16568,662.95584375,9.768315578075013,0.17519974729122623,0.0025814787468485746,0.014431356245297974,0.014521850326553244,6.216263798604517
3345,356.272189,667.2735483870968,11.279489958441413,0.17634078974289027,0.002980837726860834,0.00801253613316761,0.016768404299303503,6.218122731337524
3346,356.378698,667.220695652174,8.55651660981685,0.17632682231822777,0.002261235890543557,0.008091108482695421,0.012720356189486793,6.219981664070531
3347,356.485207,667.0849999999999,7.551612136932538,0.17629096194503172,0.0019956691693796377,0.00829283742307247,0.011226437178468784,6.2218405968035375
3348,356.591716,666.849129032258,10.296644883138518,0.17622862817977222,0.0027211006562205355,0.00864348978094837,0.01530727940385339,6.223699529536544
3349,356.698225,672.8826060606061,7.005817047012589,0.1778230988532257,0.0018514315663352475,-0.0003260454121021112,0.01041504297836994,6.22555846226955
3350,356.804734,676.797909090909,10.092206703577123,0.1788577983855468,0.002667073653165202,-0.006146644074657342,0.015003355905385875,6.227417395002557
3351,356.911243,673.6597826086957,6.935469407699688,0.17802848377608238,0.0018328407525633438,-0.0014814177399572325,0.010310462216132797,6.229276327735564
3352,357.017751,674.7544848484849,8.951272197016243,0.17831778140816196,0.002365558191600489,-0.003108832615254931,0.013307210853124725,6.231135243015277
3353,357.12426,673.294935483871,8.365726308119667,0.1779320654027143,0.0022108156205390174,-0.0009390258304790819,0.012436722006821499,6.232994175748284
3354,357.230769,673.5298437499999,11.20260715078409,0.17799414475422834,0.0029605198601437843,-0.001288247009292416,0.01665410817357318,6.234853108481291
3355,357.337278,672.12778125,6.904892798842588,0.17762362083773783,0.0018247602533939112,0.0007960981995348338,0.010265006176781107,6.2367120412142985
3356,357.443787,671.3780434782609,7.971105634946653,0.17742548717713025,0.0021065289732945746,0.001910679277340722,0.011850067910137253,6.238570973947303
3357,357.550296,668.8496774193549,7.674380576033906,0.17675731432858213,0.002028113260051246,0.005669418763663323,0.01140894816341858,6.24042990668031
3358,357.656805,675.1329999999999,10.33558717187856,0.17841781183932345,0.002731391958741676,-0.003671543794342242,0.015365172096194863,6.242288839413319
3359,357.763314,671.9730625,10.482262658776516,0.17758273321881607,0.002770153979592107,0.0010261074075966635,0.01558322396504395,6.2441477721463245
3360,357.869822,671.00328125,11.49449132364346,0.1773264485332981,0.0030376562694617994,0.0024678112560684706,0.01708803132409746,6.246006687426038
3361,357.976331,668.9302580645161,8.973047442081734,0.17677860942508353,0.002371312748964516,0.0055496253295859235,0.013339582539638923,6.247865620159045
3362,358.08284,663.5816129032257,8.642455915141339,0.17536511968901317,0.0022839471234517273,0.01350107037262248,0.012848115957188346,6.249724552892052
3363,358.189349,662.4088333333333,7.85938407731245,0.17505518851303734,0.002077004248761223,0.01524455718402772,0.011683979527217402,6.2515834856250585
3364,358.295858,667.3748787878787,10.013483689997585,0.1763675683900314,0.0026462694741008538,0.00786189553378024,0.014886324078217746,6.253442418358065
3365,358.402367,665.9954782608696,9.598510906620147,0.1760030333670374,0.002536604362214631,0.009912550821633281,0.014269413966987665,6.255301351091072
3366,358.508876,663.3245000000001,9.240676242535217,0.17529717230443975,0.002442039176145669,0.013883301584117217,0.013737446977186752,6.257160283824078
3367,358.615385,664.255,7.136117015618962,0.17554307610993658,0.001885866018926791,0.012499994337247878,0.010608750545097549,6.259019216557085
3368,358.721893,663.7933913043478,6.705711010631376,0.17542108649692068,0.001772122360103428,0.013186234696101804,0.009968896976268545,6.2608781318368
3369,358.828402,669.2543333333333,10.697408078790257,0.17686425299506695,0.0028270105916464727,0.0050678459981663045,0.015903065145737912,6.262737064569805
3370,358.934911,671.597303030303,9.28811421752568,0.1774834310333782,0.0024545756388809925,0.001584721913251256,0.013807969593609245,6.264595997302812
3371,359.04142,664.3858749999999,6.663640784135966,0.17557766252642706,0.0017610044355539022,0.012305431912815848,0.009906354204437775,6.266454930035819
3372,359.147929,666.101125,9.672152936936211,0.17603095269556024,0.0025560657867167544,0.00975549343329665,0.014378892262753766,6.268313862768824
3373,359.254438,667.62724,8.195065681453277,0.17643426004228333,0.0021657150320965315,0.00748672831878186,0.012183013160370222,6.270172795501833
3374,359.360947,670.8105454545455,10.642088091309061,0.1772755141264655,0.0028123911446376985,0.0027543376640033123,0.015820824909757832,6.27203172823484
3375,359.467456,671.7746060606061,8.802988771361257,0.17753028701390222,0.0023263712397889116,0.0013211382843312549,0.013086768577682331,6.273890660967846
3376,359.573964,664.9108484848485,7.0918121719752065,0.17571639759113333,0.0018741575507334094,0.011524991691423968,0.010542885729102074,6.275749576247559
3377,359.680473,665.1946969696969,7.947772327375926,0.17579141040425394,0.0021003626657970288,0.011103014618770753,0.011815379964456462,6.277608508980566
3378,359.786982,665.95309375,8.35102950330801,0.17599183238636362,0.002206931686920717,0.009975560817378442,0.012414873326970019,6.279467441713574
3379,359.893491,669.6967021276596,10.646629868719815,0.1769811580675633,0.0028135914029386415,0.00441020821312563,0.01582757684270356,6.2813263744465795
